,Group,Safe_N_missed,Safe_p_correct,Safe_sad_as_sad,Safe_happy_as_happy,Safe_sad_as_happy,Safe_happy_as_sad,Safe_all_avg_conf,Safe_expected_avg_conf,Safe_unexpected_avg_conf,Safe_stable_avg_conf,Safe_volatile_avg_conf,Safe_all_respRT,Safe_all_respLogRT,Safe_all_confRT,Safe_all_confLogRT,Safe_expected_respRT,Safe_expected_respLogRT,Safe_expected_confRT,Safe_expected_confLogRT,Safe_unexpected_respRT,Safe_unexpected_respLogRT,Safe_unexpected_confRT,Safe_unexpected_confLogRT,Safe_stable_respRT,Safe_stable_respLogRT,Safe_stable_confRT,Safe_stable_confLogRT,Safe_volatile_respRT,Safe_volatile_respLogRT,Safe_volatile_confRT,Safe_volatile_confLogRT,Safe_all_noise1_respRT,Safe_all_noise2_respRT,Safe_all_noise3_respRT,Safe_all_noise1_respLogRT,Safe_all_noise2_respLogRT,Safe_all_noise3_respLogRT,Safe_expected_noise1_respRT,Safe_expected_noise2_respRT,Safe_expected_noise3_respRT,Safe_expected_noise1_respLogRT,Safe_expected_noise2_respLogRT,Safe_expected_noise3_respLogRT,Safe_unexpected_noise1_respRT,Safe_unexpected_noise2_respRT,Safe_unexpected_noise3_respRT,Safe_unexpected_noise1_respLogRT,Safe_unexpected_noise2_respLogRT,Safe_unexpected_noise3_respLogRT,Safe_stable_noise1_respRT,Safe_stable_noise2_respRT,Safe_stable_noise3_respRT,Safe_stable_noise1_respLogRT,Safe_stable_noise2_respLogRT,Safe_stable_noise3_respLogRT,Safe_volatile_noise1_respRT,Safe_volatile_noise2_respRT,Safe_volatile_noise3_respRT,Safe_volatile_noise1_respLogRT,Safe_volatile_noise2_respLogRT,Safe_volatile_noise3_respLogRT,Safe_all_pse,Safe_all_slope,Safe_expected_pse,Safe_expected_slope,Safe_unexpected_pse,Safe_unexpected_slope,Safe_stable_pse,Safe_stable_slope,Safe_volatile_pse,Safe_volatile_slope,Safe_all_uncertainty_mu,Safe_all_uncertainty_spread,Safe_expected_uncertainty_mu,Safe_expected_uncertainty_spread,Safe_unexpected_uncertainty_mu,Safe_unexpected_uncertainty_spread,Safe_stable_uncertainty_mu,Safe_stable_uncertainty_spread,Safe_volatile_uncertainty_mu,Safe_volatile_uncertainty_spread,Threat_N_missed,Threat_p_correct,Threat_sad_as_sad,Threat_happy_as_happy,Threat_sad_as_happy,Threat_happy_as_sad,Threat_all_avg_conf,Threat_expected_avg_conf,Threat_unexpected_avg_conf,Threat_stable_avg_conf,Threat_volatile_avg_conf,Threat_all_respRT,Threat_all_respLogRT,Threat_all_confRT,Threat_all_confLogRT,Threat_expected_respRT,Threat_expected_respLogRT,Threat_expected_confRT,Threat_expected_confLogRT,Threat_unexpected_respRT,Threat_unexpected_respLogRT,Threat_unexpected_confRT,Threat_unexpected_confLogRT,Threat_stable_respRT,Threat_stable_respLogRT,Threat_stable_confRT,Threat_stable_confLogRT,Threat_volatile_respRT,Threat_volatile_respLogRT,Threat_volatile_confRT,Threat_volatile_confLogRT,Threat_all_noise1_respRT,Threat_all_noise2_respRT,Threat_all_noise3_respRT,Threat_all_noise1_respLogRT,Threat_all_noise2_respLogRT,Threat_all_noise3_respLogRT,Threat_expected_noise1_respRT,Threat_expected_noise2_respRT,Threat_expected_noise3_respRT,Threat_expected_noise1_respLogRT,Threat_expected_noise2_respLogRT,Threat_expected_noise3_respLogRT,Threat_unexpected_noise1_respRT,Threat_unexpected_noise2_respRT,Threat_unexpected_noise3_respRT,Threat_unexpected_noise1_respLogRT,Threat_unexpected_noise2_respLogRT,Threat_unexpected_noise3_respLogRT,Threat_stable_noise1_respRT,Threat_stable_noise2_respRT,Threat_stable_noise3_respRT,Threat_stable_noise1_respLogRT,Threat_stable_noise2_respLogRT,Threat_stable_noise3_respLogRT,Threat_volatile_noise1_respRT,Threat_volatile_noise2_respRT,Threat_volatile_noise3_respRT,Threat_volatile_noise1_respLogRT,Threat_volatile_noise2_respLogRT,Threat_volatile_noise3_respLogRT,Threat_all_pse,Threat_all_slope,Threat_expected_pse,Threat_expected_slope,Threat_unexpected_pse,Threat_unexpected_slope,Threat_stable_pse,Threat_stable_slope,Threat_volatile_pse,Threat_volatile_slope,Threat_all_uncertainty_mu,Threat_all_uncertainty_spread,Threat_expected_uncertainty_mu,Threat_expected_uncertainty_spread,Threat_unexpected_uncertainty_mu,Threat_unexpected_uncertainty_spread,Threat_stable_uncertainty_mu,Threat_stable_uncertainty_spread,Threat_volatile_uncertainty_mu,Threat_volatile_uncertainty_spread,Safe_expectedness-effect_avg_conf,Safe_volatility-effect_avg_conf,Threat_expectedness-effect_avg_conf,Threat_volatility-effect_avg_conf,Safe_expectedness-effect_pse,Safe_volatility-effect_pse,Threat_expectedness-effect_pse,Threat_volatility-effect_pse,Safe_expectedness-effect_slope,Safe_volatility-effect_slope,Threat_expectedness-effect_slope,Threat_volatility-effect_slope,Safe_expectedness-effect_uncertainty_mu,Safe_volatility-effect_uncertainty_mu,Threat_expectedness-effect_uncertainty_mu,Threat_volatility-effect_uncertainty_mu,Safe_expectedness-effect_uncertainty_spread,Safe_volatility-effect_uncertainty_spread,Threat_expectedness-effect_uncertainty_spread,Threat_volatility-effect_uncertainty_spread,Safe_expectedness-effect_respRT,Safe_volatility-effect_respRT,Threat_expectedness-effect_respRT,Threat_volatility-effect_respRT,Safe_expectedness-effect_respLogRT,Safe_volatility-effect_respLogRT,Threat_expectedness-effect_respLogRT,Threat_volatility-effect_respLogRT,Safe_expectedness-effect_confRT,Safe_volatility-effect_confRT,Threat_expectedness-effect_confRT,Threat_volatility-effect_confRT,AD,Compul,SW,AD_binary,Compul_binary,SW_binary,VAS_Group,VAS_expt_start,VAS_post_ratings,VAS_pre_safe,VAS_pre_threat,VAS_post_threat,VAS_safe>baseline,VAS_threat>baseline,VAS_threat>safe,Attention_check_safe1,Attention_check_safe2,Attention_check_safe3,Attention_check_threat1,Attention_check_threat2,Attention_check_threat3,Attention_check_sum,Attention_check_include,N_missing_safe_include,N_missing_threat_include,Include,original
10369536,A,1.0,0.837696335078534,1.0,0.6770833333333334,0.0,0.3229166666666667,0.6282722513089005,0.6573426573426573,0.5416666666666666,0.6736842105263158,0.5833333333333334,723.1675392670157,6.583640923207525,177.2408376963351,5.17750947265918,725.7692307692307,6.587232100341113,177.9090909090909,5.1812726945977055,715.4166666666666,6.5728651235435755,175.25,5.166213525914699,802.1789473684211,6.687331709372063,223.8421052631579,5.410940916087193,644.9791666666666,6.469218016532523,131.125,4.876151066716461,647.171875,746.6349206349206,776.0625,6.472611908372335,6.6155763382703,6.654233058177061,649.625,741.0,787.0,6.476395273328606,6.608000625296087,6.668228248417403,639.8125,763.1875,743.25,6.4611751646799895,6.637503741593241,6.6110324618782075,731.46875,850.0,826.5625,6.595054499110178,6.745236349484363,6.717275534486719,562.875,646.5,725.5625,6.333057578621736,6.471573198211912,6.586947216098254,37.19861571585748,0.4836878528676382,30.079861339344507,0.19627126157792063,39.5163120877596,0.601497256935299,30.685965043950556,0.11710592345811244,31.73369000935871,0.235467991253569,41.460834331952086,44.16191059299249,41.752741028424595,39.138893625442456,40.881245084167126,55.530725044419476,35.53140219153428,34.15693091967831,49.02186422503929,51.34566342374534,0.0,0.8645833333333334,1.0,0.7291666666666666,0.0,0.2708333333333333,0.734375,0.7430555555555556,0.7083333333333334,0.6979166666666666,0.7708333333333334,711.953125,6.568012073570555,141.55729166666666,4.952704523241874,699.4583333333334,6.550306225974468,144.49305555555554,4.9732314479585815,749.4375,6.619322925139652,132.75,4.888467660122048,700.0729166666666,6.551184496285101,136.86458333333334,4.918991994173986,723.8333333333334,6.584561163306767,146.25,4.985317486111966,595.4375,698.828125,841.59375,6.389296429466998,6.549404825017248,6.735297415625071,596.0416666666666,681.2083333333334,821.125,6.390310575136265,6.523868182027467,6.710675351212637,593.625,751.6875,903.0,6.386247806869286,6.622320679070835,6.805722553416985,598.4375,758.375,743.40625,6.394322091809065,6.631177986262462,6.611242665145539,592.4375,639.28125,939.78125,6.38424538221326,6.460344498389036,6.845647135416275,34.43027370436546,0.16751554588732886,33.776812231761646,0.1762814090674416,42.07215836462473,0.12214130656587391,31.537859771975416,0.17406061572294035,37.09877767232129,0.1725155374273325,43.44361671956606,31.825583232475648,43.25591993082757,27.650083918943494,44.27159972836916,41.88928394633345,45.61297758841139,42.626344667722414,42.9433918366665,26.68107936545328,0.11567599067599066,0.0903508771929824,0.03472222222222221,-0.07291666666666674,-9.436450748415094,-1.047724965408154,-8.29534613286308,-5.560917900345874,-0.40522599535737835,-0.11836206779545655,0.0541401025015677,0.001545078295607849,0.8714959442574681,-13.490462033505004,-1.015679797541594,2.66958575174489,-16.39183141897702,-17.188732504067033,-14.239200027389955,15.945265302269135,10.352564102564088,157.19978070175443,-49.97916666666663,-23.760416666666742,0.014366976797537845,0.21811369283954019,-0.06901669916518394,-0.03337666702166597,2.6590909090909065,92.71710526315789,11.743055555555543,-9.385416666666657,0.2677200615502855,-0.9251330172352212,-0.3514058007721317,True,False,False,A,26,33,40,41,40,14,15,1,1,1,1,1,1,1,6,True,True,True,True,True
10369701,A,0.0,0.8489583333333334,0.9270833333333334,0.7708333333333334,0.07291666666666667,0.22916666666666666,0.734375,0.7430555555555556,0.7083333333333334,0.71875,0.75,991.3541666660458,6.899071853597927,580.443229165549,6.363791999913786,985.9611111101177,6.893616912760026,591.4527777756253,6.382581845532624,1007.5333333338303,6.915260378468404,547.4145833353201,6.30520643734656,1010.1520833248893,6.917856176049039,565.7333333355684,6.338122824664011,972.5562500072023,6.879927914444269,595.1531249955298,6.388818725369707,843.9500000067053,1025.7968749981374,1104.3156249932945,6.738093251142882,6.9332250285459045,7.006981078181723,816.100000011424,1019.1770833308498,1122.606249988079,6.704536896489196,6.926750799607151,7.023408269914727,927.4999999925493,1045.65625,1049.4437500089412,6.832492794473557,6.952399957726058,6.956015540881911,833.7093749940395,1080.3999999985097,1116.3468749821186,6.72588487039837,6.985086621917081,7.017816914523216,854.190625019371,971.1937499977652,1092.2843750044706,6.7501543831883595,6.878525984944499,6.996026539073076,39.5796591298898,0.09568905411801165,37.10377303849521,0.10211977913210996,49.85605950362771,0.23389495898073193,41.44752250620892,0.10886073284323688,40.78796294737411,0.613424545730307,49.96008097286432,81.99036880562542,51.03123518081224,71.28169541456573,15.946850593367781,163.25614479464664,46.43404735335932,79.0510716369349,54.159722154145136,83.78761977191543,0.0,0.5520833333333334,0.6458333333333334,0.4583333333333333,0.3541666666666667,0.5416666666666666,0.6145833333333334,0.625,0.5833333333333334,0.59375,0.6354166666666666,687.9374999950329,6.53369799077639,713.9906250039735,6.570869832006847,731.6902777718174,6.595357306623654,725.7777777844003,6.587243876763261,556.6791666646797,6.32198907157683,678.6291666626929,6.520074832067062,685.4385416594645,6.530058840219413,755.1947916721302,6.626975718186919,690.4364583306015,6.53732394592217,672.7864583358167,6.511427981131295,663.6609374955298,734.7156249880788,665.4359375014901,6.4977713827554044,6.599483519567747,6.500442370995036,710.02499999851,792.8812499890722,692.1645833278699,6.565300180680966,6.675673462614555,6.5398237645178945,524.568749986589,560.2187499850988,585.2500000223515,6.2625764964373145,6.328327332428513,6.372039106409211,688.0343749932945,732.1031249873339,636.1781249977648,6.533838800338247,6.595921385168735,6.455478594878834,639.287499997765,737.3281249888239,694.6937500052154,6.460354274942334,6.603033010190791,6.543471100976654,17.176288357893352,0.22765470593338716,48.43316272593265,0.15001931597419582,24.850336533048942,0.9465729474921162,43.20476909681596,0.0035888973488848452,20.358350985488514,0.05114965139620503,61.15476411761714,170.96264630727828,86.7189417195001,278.05477080555374,51.92718722861105,101.97927192960086,58.229217973779214,95.64961771009536,-27723.039008206342,10727.399562828881,0.03472222222222221,-0.03125,0.04166666666666663,-0.04166666666666663,-12.7522864651325,0.6595595588348075,23.582826192883704,22.846418111327445,-0.13177517984862197,-0.5045638128870702,-0.7965536315179204,-0.047560754047320186,35.08438458744446,-7.725674800785818,34.79175449088905,27781.26822618012,-91.97444938008091,-4.736548134980524,176.0754988759529,-10631.749945118785,-21.57222222371263,37.59583331768704,175.0111111071377,-4.997916671136977,-0.021643465708377718,0.03792826160476981,0.2733682350468243,-0.007265105702757069,44.03819444030523,-29.419791659961334,47.148611121707404,82.40833333631349,0.8816672746106295,0.839721150683205,0.8006895060520003,True,True,True,A,7,22,12,8,14,5,1,-4,1,1,1,1,1,1,6,True,True,True,True,True
10369772,A,1.0,0.7958115183246073,0.8842105263157894,0.7083333333333334,0.11578947368421053,0.2916666666666667,0.9842931937172775,0.986013986013986,0.9791666666666666,0.9894736842105263,0.9791666666666666,520.1989528845743,6.25421134010321,381.80837696335084,5.944918851761668,525.2587412654104,6.263890981691173,367.6202797199463,5.907050556859584,505.125,6.2248059233986375,424.0770833343269,6.049915239025092,566.4336842135381,6.339360011327189,422.94105263258274,6.047232813856874,474.4458333402872,6.1621474562972915,341.1041666656734,5.8321879047286895,470.8421875014901,485.16507938173083,604.04218749702,6.154522979488568,6.184489202884042,6.403644042345008,480.0854166696469,480.5744681053974,614.1854166636867,6.173964039465563,6.1749821968503955,6.420296864096844,443.11249999701977,498.6500000059606,573.6124999970197,6.093823688137081,6.211904446859831,6.3519540812324475,524.1781250014901,532.0000000307638,642.0468749776485,6.26183155976579,6.276643489399471,6.464661315008446,417.5062500014901,439.79375000298023,566.0375000163914,6.034299514242309,6.086305867021458,6.338660330454375,41.043136229301275,0.9807776164802282,40.98809055482181,0.9395541367617499,41.727934179106384,0.9682881162868304,40.43016112563142,0.9926946840867925,47.292345890896236,0.20779332961532487,-16792.5502635409,4270.343763505227,40.01944809058706,9.89181407167627,-10.010417611624083,11.520515324751607,110.20497549345149,11.883683381633523,-3059.96069364591,799.6693750690338,0.0,0.8697916666666666,0.8645833333333334,0.875,0.13541666666666666,0.125,0.9947916666666666,1.0,0.9791666666666666,0.9895833333333334,1.0,485.2598958462476,6.184684615135867,282.19531250496703,5.642599428738472,496.93541668355465,6.20846007134212,272.97152777844,5.6093674958941095,450.23333333432674,6.109765966900815,309.8666666845481,5.736142097487244,506.3656250114241,6.227258987426857,300.2489583243926,5.704611991593184,464.1541666810711,6.140216752819698,264.1416666855414,5.576485575452423,473.42187501490116,441.1906249970197,541.1671875268221,6.159986904324313,6.089477038280105,6.2937282653507465,484.835416679581,455.1354166666665,550.8354167044163,6.183809486293833,6.1205949937188056,6.3114360652673716,439.1812500208616,399.35624998807896,512.1624999940394,6.084912198074694,5.989853875643033,6.2386419574850995,433.087500013411,491.23124999552954,594.7781250253319,6.070939786140282,6.196914994507025,6.388188436884375,513.7562500163913,391.1499999985099,487.5562500283123,6.241748931218472,5.96909111812728,6.189405668455064,46.51499141869244,0.23521331299463627,50.0000002216444,0.2192322944215122,40.29479798060626,0.9749110199518658,41.21136098793882,0.6800846686000672,56.84402616612485,0.8174827694383971,39.99993336077985,7.439848718813114,0.0,39.247,39.99993336077985,7.439848718813114,39.99993336077985,7.439848718813114,0.0,39.247,0.006847319347319414,0.010307017543859653,0.02083333333333337,-0.01041666666666663,-0.7398436242845747,-6.862184765264814,9.705202241038137,-15.63266517818603,-0.0287339795250805,0.7849013544714676,-0.7556787255303536,-0.13739810083832993,50.02986570221115,3170.1656691393614,-39.99993336077985,39.99993336077985,-1.6287012530753362,-787.7856916874002,31.807151281186886,-31.807151281186886,20.133741265410436,91.98785087325086,46.702083349227905,42.21145833035297,0.03908505829253528,0.17721255502989752,0.09869410444130544,0.08704223460715887,-56.45680361438059,81.83688596690934,-36.89513890610806,36.10729163885122,-0.8982612673279058,-0.2309021769664199,-0.1692359342260447,False,False,False,A,9,7,3,6,2,-6,-3,3,1,1,1,1,1,1,6,True,True,True,True,True
10369779,A,1.0,0.9424083769633508,0.9791666666666666,0.9052631578947369,0.020833333333333332,0.09473684210526316,0.9476439790575916,0.958041958041958,0.9166666666666666,0.9270833333333334,0.968421052631579,710.7225130890832,6.566282076676122,380.44450261689605,5.941340312831962,698.1636363637823,6.5484535113378,385.6027972016719,5.954807816863792,748.1374999998758,6.617586784610248,365.07708333308506,5.900108518499542,821.5364583333334,6.7111763166913745,459.50312499919283,6.13014574264137,598.7421052633148,6.394830963274214,300.55368420952254,5.705626387635036,588.9031746030327,670.259374999674,871.1015625006985,6.378261780669622,6.507664764335925,6.769758574533143,596.7510638297239,645.7187499996895,849.9083333341405,6.391500047923214,6.470364037463397,6.745128500532568,565.8499999996274,743.8812499996275,934.6812500003725,6.338329025411292,6.611881411878471,6.840205562075462,647.5656250007451,828.9062499990687,988.1375000001863,6.473220139790493,6.720107060681333,6.895821858105291,528.3483870957167,511.61250000027934,754.0656250012107,6.269755890163002,6.237567502557648,6.625479400031184,40.97366939193213,0.9334286173852957,40.84730719029092,0.9999999685285466,49.99276507747058,0.22130184639353317,40.76553541655485,0.9897166395465118,41.16616689453876,0.9179010323676902,34.014262932426135,15.763197765754699,39.89940805729302,9.987215787446155,31.29289204858505,11.42435316065274,33.99952645062521,17.89253635303013,40.009404161755484,9.441035685560202,0.0,0.9010416666666666,0.9791666666666666,0.8229166666666666,0.020833333333333332,0.17708333333333334,0.9791666666666666,0.9722222222222222,1.0,0.9791666666666666,0.9791666666666666,611.3369791667598,6.415648327871128,251.14166666629413,5.526017188941975,612.7937499999794,6.418028419288175,257.1326388882266,5.549592056382485,606.9666666671013,6.408473874670404,233.16875000049671,5.451762440353178,600.0822916661078,6.39706679858841,289.2645833329298,5.667341782548506,622.5916666674118,6.433890873188429,213.01874999965847,5.361380190002584,550.2296875002795,534.1046874995809,749.6765625004191,6.310335804687083,6.280591863752785,6.619641863515891,551.1062500004967,551.2729166659216,736.0020833335196,6.311927621780238,6.312229998080034,6.601232949341065,547.5999999996275,482.6000000005589,790.7000000011175,6.305545093413613,6.179188153192089,6.6729186290782945,556.6875000000001,550.1624999986961,693.3968749996275,6.322004041192089,6.310213689131502,6.541602526462036,543.7718750005588,518.0468750004657,805.9562500012107,6.298529811479779,6.250065730444195,6.692029460637874,40.74328286228089,0.1670793684364828,42.14490900456037,0.16628803216632454,42.823360601162236,0.1342144374898685,43.75920446876062,0.32710417907996936,34.937351175830976,0.17827484021718254,26.11990757377532,26.648703286279616,26.11990757372864,26.6487032864707,0.0,39.247,30.0003,11.912705929568299,20.10217772062493,10.11338914519421,0.04137529137529139,-0.04133771929824559,-0.02777777777777779,0.0,-9.14545788717966,-0.4006314779839144,-0.6784515966018674,8.821853292929646,0.7786981221350133,0.07181560717882163,0.03207359467645604,0.14882933886278682,8.606516008707974,-6.009877711130272,26.11990757372864,9.89812227937507,-1.4371373732065855,8.45150066746993,-12.598296713529301,1.7993167843740885,-49.97386363609348,222.7943530700186,5.827083332878033,-22.509375001303965,-0.06913327327244811,0.3163453534171605,0.009554544617770944,-0.0368240746000188,20.52571386858682,158.9494407896703,23.963888887729894,76.24583333327135,-1.108806797632211,0.2571279699974858,-0.5647774855193004,False,True,False,A,31,39,59,64,69,28,33,5,1,1,1,1,1,1,6,True,True,True,True,True
10369781,A,0.0,0.8802083333333334,0.9479166666666666,0.8125,0.052083333333333336,0.1875,0.7708333333333334,0.7708333333333334,0.7708333333333334,0.7604166666666666,0.78125,706.515625,6.560345317945135,287.0989583333333,5.659826958884049,716.7430555555555,6.5747174159206665,282.15972222222223,5.6424733014582955,675.8333333333334,6.515946497321458,301.9166666666667,5.710151041107077,699.4583333333334,6.550306225974468,327.4583333333333,5.791360820518229,713.5729166666666,6.570284627443918,246.73958333333334,5.508333461954746,654.171875,667.96875,797.40625,6.483370122740198,6.504241391005235,6.681364272889952,660.2291666666666,679.75,810.25,6.492586996975008,6.52172508351258,6.697342842021657,636.0,632.625,758.875,6.455198563340122,6.449877829534242,6.6318370734505985,631.53125,680.65625,786.1875,6.448147425918521,6.523057406315502,6.667195313599091,676.8125,655.28125,808.625,6.517394277388598,6.485064532787019,6.695335274364149,48.86247298700926,0.13796004775385207,40.96862476725884,0.788344926730856,52.58997077542394,0.6162996306098535,43.501137831341254,0.8607109656793859,59.40025505946042,0.9171019921015644,53.47407525641267,49.974568498138844,51.76990348617049,49.23308766632917,57.92371896164612,47.100792627555094,56.031974202227076,62.82968029555774,54.23271893504552,35.67258107120783,0.0,0.8645833333333334,0.8333333333333334,0.8958333333333334,0.16666666666666666,0.10416666666666667,0.75,0.7569444444444444,0.7291666666666666,0.6770833333333334,0.8229166666666666,704.0833333333334,6.556896720364844,237.26041666666666,5.469158342392027,698.6180555555555,6.549104177380223,237.54166666666666,5.470343046683636,720.4791666666666,6.579916499916276,236.41666666666666,5.465595785020851,695.2604166666666,6.5442864756219965,237.10416666666666,5.468499566373999,712.90625,6.569349925093149,237.41666666666666,5.469816684709908,645.34375,655.46875,811.4375,6.469783120567065,6.485350628535681,6.698807366120472,617.375,646.125,832.3541666666666,6.425476618860789,6.4709929835162034,6.72425803133446,729.25,683.5,748.6875,6.592016608747831,6.527226656164005,6.6183216734915495,606.375,648.5625,830.84375,6.4074986065653805,6.474758375365497,6.722441750702127,684.3125,662.375,792.03125,6.528414684633644,6.495831860812926,6.674600848106723,51.09258313953694,0.14118307264331342,58.053563604488275,0.8305156146257189,59.13200414833266,0.5355781836098884,55.48059381518042,0.12677352996975805,46.592394124395575,0.1719133857938947,52.00021984374175,50.51506813055276,47.67664682816242,39.967119655250535,69.42346178421124,60.160699043836956,53.10838955759703,43.805555621237815,50.660090755793306,73.0496319312985,0.0,-0.02083333333333337,0.02777777777777779,-0.14583333333333326,-11.621346008165105,-15.899117228119167,-1.078440543844387,8.888199690784845,0.1720452961210025,-0.056391026422178525,0.2949374310158305,-0.045139855824136654,-6.153815475475625,1.7992552671815574,-21.746814956048823,2.4482988018037233,2.1322950387740747,27.157099224349913,-20.19357938858642,-29.24407631006069,40.90972222222217,-14.114583333333258,-21.861111111111086,-17.64583333333337,0.058770918599208244,-0.019978401469449736,-0.03081232253605304,-0.025063449471152133,-19.756944444444457,80.71874999999997,1.125,-0.3125,-0.2040644399714279,-0.1970714531953226,0.1335058027839755,False,False,True,A,0,1,23,36,39,23,36,13,1,1,1,1,1,1,6,True,True,True,True,True
10369795,A,0.0,0.8229166666666666,1.0,0.6458333333333334,0.0,0.3541666666666667,0.9583333333333334,0.9513888888888888,0.9791666666666666,0.9895833333333334,0.9270833333333334,615.5265624999496,6.42247810066399,501.54947916672495,6.217702264881591,619.5777777777467,6.4290382424665875,510.0916666668167,6.234590448129717,603.372916666558,6.402535441174295,475.92291666644945,6.165255901341392,675.3375000000234,6.515212565914216,501.9562499998527,6.2185129644991095,555.7156249998758,6.320256697579758,501.1427083335972,6.216890907496916,564.6499999999069,720.2171874999186,561.7125000000232,6.336206070169514,6.579552815828539,6.330990153162988,539.0750000001088,755.662499999938,563.9958333331934,6.289854707796931,6.62759484792912,6.335046863763666,641.3749999993016,613.8812499998603,554.8625000005122,6.46361430926104,6.419801505533172,6.318720335305067,600.0593750004192,807.7812500001165,618.1718749995341,6.397028608654125,6.694291291669184,6.426766533676893,529.2406249993946,632.6531249997206,505.2531250005122,6.271443196111074,6.4499222861626615,6.225059541322519,27.954031589577742,0.2853399602284895,27.652259294872323,0.2539768135619084,31.105807931199617,0.7382908518930453,31.105807931199617,0.7382908518930453,35.90379707940362,0.6363210983585625,26.532192213670267,20.527615678958416,28.900019784029933,11.538612343297677,59.99990002101213,7.4436456778371305,59.99990002101213,7.4436456778371305,28.90001978231762,11.53861235227859,0.0,0.8072916666666666,1.0,0.6145833333333334,0.0,0.3854166666666667,0.875,0.8888888888888888,0.8333333333333334,0.9375,0.8125,512.134375000062,6.23858704177722,446.5411458334808,6.101531547993516,514.6659722224706,6.24351809260703,441.18611111098693,6.089466807081008,504.5395833328366,6.223646297236782,462.60625000096235,6.136876260300456,509.5489583330539,6.233525938984622,442.28541666665114,6.0919554127427595,514.7197916670702,6.243622658740615,450.7968750003104,6.111016850021608,495.3203124996508,543.3671875004657,497.71562500006985,6.205204649251267,6.297785311474684,6.210028879786161,485.26666666644934,559.843750000776,498.88750000018626,6.1846985680156,6.327657726940714,6.2123806194322135,525.4812499992549,493.9374999995344,494.1999999997206,6.264314509374559,6.202408990964251,6.202940293553945,467.98749999911536,561.4875000000466,499.17187499999994,6.148441586157345,6.33058951213203,6.212950475323821,522.6531250001863,525.2468750008848,496.2593750001397,6.258918003105941,6.263868390161261,6.207098723510893,43.106314805014904,0.010704932495676056,41.78938081994578,0.11867126307525039,43.27773266600516,0.006313163385367138,26.055078226835597,0.4557112020414409,43.27773266600516,0.006313163385367138,32.39429699283851,20.574656013075742,32.71924224482791,20.893223058650563,30.637064867307302,11.760565487838981,31.86362757186367,11.332357171037296,31.826629376807492,24.135798435817545,-0.02777777777777779,0.0625,0.05555555555555547,0.125,-3.4535486363272945,-4.797989148204,-1.4883518460593805,-17.22265443916956,-0.48431403833113695,0.10196975353448279,0.11235809968988325,0.44939803865607375,-31.099880236982198,31.09988023869451,2.0821773775206083,0.03699819505617796,4.0949666654605466,-4.09496667444146,9.132657570811581,-12.803441264780249,16.204861111188734,119.62187500014761,10.126388889633972,-5.170833334016322,0.026502801292292766,0.19495586833445788,0.01987179537024808,-0.010096719755993355,34.168750000367254,0.8135416662554462,-21.42013888997542,-8.511458333659277,-1.0319415942699697,-0.0396414831319196,0.066642176198761,False,True,True,A,68,59,68,47,59,0,-21,-21,1,1,1,1,1,1,6,True,True,True,True,True
10369812,A,1.0,0.9528795811518325,1.0,0.90625,0.0,0.09375,0.675392670157068,0.6853146853146853,0.6458333333333334,0.7157894736842105,0.6354166666666666,844.3979057591623,6.738623835818511,610.4869109947643,6.414256853508907,830.6853146853147,6.7222510404479,614.3146853146853,6.4205073136544275,885.25,6.785870090992013,599.0833333333334,6.395400709195871,1003.2,6.910950169878657,811.4631578947368,6.698838985917549,687.25,6.5326981270453555,411.6041666666667,6.020062127005514,680.125,753.2222222222222,1098.421875,6.522276604806089,6.624360300094746,7.001629769586845,664.7291666666666,712.2978723404256,1112.5625,6.499379689529222,6.568496183952507,7.014421192237652,726.3125,873.4375,1056.0,6.587980362983092,6.7724365757835185,6.962243464266207,767.15625,918.7096774193549,1321.09375,6.6426904963957645,6.822970161040766,7.186215270967055,593.09375,592.90625,875.75,6.385352480937193,6.385036292064407,6.775080662077596,41.41344768126903,0.6638162470458907,41.211152029244126,0.5723119981580232,42.53311084530285,0.7681899527720082,41.177619986277634,0.669534639807029,49.99276507747058,0.22130184639353317,48.013174280905446,30.17301726373585,47.895417852284204,26.54768918270196,49.69016142103583,39.314021586706154,48.967347763088014,26.640094197356067,47.354616866547396,31.30998106629789,0.0,0.96875,0.9895833333333334,0.9479166666666666,0.010416666666666666,0.052083333333333336,0.4895833333333333,0.5069444444444444,0.4375,0.5208333333333334,0.4583333333333333,667.2291666666666,6.50313356511704,363.078125,5.894618031493941,671.0555555555555,6.508851928709114,359.25,5.884018524959134,655.75,6.485779618746983,374.5625,5.925758678218404,652.0520833333334,6.480124441149311,403.6770833333333,6.000615259671772,682.40625,6.525625154986641,322.4791666666667,5.776038534665987,572.6875,718.140625,710.859375,6.350340192725432,6.5766654064167955,6.56647462543112,572.1458333333334,749.0,692.0208333333334,6.349393912264661,6.618738983517219,6.539616061137519,574.3125,625.5625,767.375,6.353173673261104,6.438651244979238,6.64297559974766,573.0625,673.15625,709.9375,6.350994785810119,6.511977472088373,6.56517693799164,572.3125,763.125,711.78125,6.349685170867951,6.637421844864969,6.567770631060136,46.58555771941175,0.2560969124143055,46.781787392565924,0.23736422738011237,42.53311084530285,0.7681899527720082,45.760005255767624,0.191226075576498,43.40787739490855,0.7946442575228,50.96577258988852,55.17978432303461,50.893432364224836,52.2705905718867,51.58083157701932,63.42811176099426,52.90282900807806,53.541177643409185,48.963517249349586,56.943782823584264,0.03948135198135194,0.0803728070175439,0.06944444444444442,0.06250000000000006,-1.321958816058725,-8.815145091192946,4.248676547263074,2.3521278608590706,-0.19587795461398494,0.4482327934134958,-0.5308257253918958,-0.603418181946302,-1.7947435687516275,1.6127308965406186,-0.6873992127944817,3.939311758728472,-12.766332404004196,-4.669886868941823,-11.157521189107563,-3.4026051801750796,-54.564685314685335,315.95000000000005,15.305555555555543,-30.35416666666663,-0.06361905054411299,0.37825204283330116,0.02307230996213061,-0.04550071383733023,15.231351981351963,399.8589912280701,-15.3125,81.19791666666663,-0.1397163125992921,0.0585468264146753,-0.2716985139087056,False,True,False,A,60,56,57,57,57,-3,-3,0,1,1,1,1,1,1,6,True,True,True,True,True
10369815,A,0.0,0.96875,0.9375,1.0,0.0625,0.0,0.7552083333333334,0.7708333333333334,0.7083333333333334,0.8125,0.6979166666666666,745.8078125013659,6.614467943020192,365.59114583209157,5.901515621103173,720.1506944451895,6.579460487950905,358.776388887316,5.882699322242635,822.7791666698953,6.712687837416795,386.0354166664183,5.955929118277589,728.2166666674117,6.590598622965564,472.9885416670392,6.159071163393094,763.3989583353201,6.637780775803151,258.1937499971439,5.553710272066682,518.6734375031665,580.7343750009313,1138.015625,6.251274470297038,6.364293466425781,7.037041344820489,520.9625000022352,580.9958333335816,1058.4937499997516,6.255678062199821,6.364743585283307,6.964602185975298,511.80625000596046,579.9500000029802,1376.581250000745,6.237946135464256,6.362941892933024,7.2273583493577345,517.3968750033528,611.6843749992548,1055.5687499996275,6.248810229925712,6.41621642235395,6.961835000173935,519.9500000029802,549.7843750026077,1220.4625000003725,6.253732653111974,6.309526155906803,7.106985164248635,50.007248269870644,0.19548391077722355,50.00724441008312,0.2333950716152261,57.465559314984816,0.7677868664188401,49.99999999999999,1.0,59.31970507317235,0.7508884996139805,50.37941985227169,11.8412191400653,50.38631089605074,11.844581605500972,50.36431178928697,11.85094349219621,50.56638511517043,11.783453904777277,50.2637605606758,11.869236865811528,0.0,0.9583333333333334,0.9270833333333334,0.9895833333333334,0.07291666666666667,0.010416666666666666,0.6666666666666666,0.6666666666666666,0.6666666666666666,0.625,0.7083333333333334,743.5776041659216,6.611473137273667,206.7083333320916,5.331308781947096,753.3611111098694,6.624544676073118,204.17916666426598,5.318997876354668,714.2270833340784,6.571200955659613,214.29583333556852,5.367357459152707,773.8958333314707,6.6514372822736405,265.07812500000006,5.580024593858659,713.2593750003725,6.569845134066635,148.33854166418314,4.999497105224514,480.859375,564.2296874970198,1185.6437500007448,6.1755748676929825,6.335461415930512,7.0780411550087186,495.46458333233994,561.6916666639348,1202.9270833333333,6.205495874590523,6.330953063508687,7.092513101779682,437.04375000298023,571.8437499962747,1133.79375000298,6.080033304507771,6.348865789721446,7.033324589441582,477.8156249988824,562.8781249970198,1280.9937499985099,6.169224936322023,6.333063130455349,7.155391422882888,483.9031250011176,565.5812499970199,1090.29375000298,6.181884731726586,6.337853963391107,6.994202434331401,54.59726181003294,0.23569124283067644,58.36756366663253,0.6729896195018519,49.99999928748698,0.19480059400838656,55.52856437758178,0.17777324954154516,57.465559314984816,0.7677868664188401,51.816686321582104,31.02826443678881,52.01209184813884,31.46594756280651,51.20750647813992,29.342947324047373,51.45808562817329,35.407320149165855,51.70420663420514,22.555742000043548,0.0625,0.11458333333333337,0.0,-0.08333333333333337,-7.458314904901698,-9.319705073172358,8.367564379145549,-1.9369949374030355,-0.534391794803614,0.24911150038601948,0.4781890254934653,-0.5900136168772949,0.02199910676376504,0.3026245544946349,0.804585369998918,-0.24612100603184928,-0.006361886695238184,-0.08578296103425131,2.1230002387591362,12.851578149122307,-102.62847222470577,-35.18229166790843,39.13402777579097,60.6364583310982,-0.13322734946589065,-0.04718215283758642,0.05334372041350477,0.08159214820700544,-27.259027779102325,214.7947916698953,-10.11666667130254,116.73958333581692,0.81176049339002,0.3825119040318094,1.038832081124733,True,True,True,A,73,79,82,89,89,9,16,7,1,1,1,1,1,1,6,True,True,True,True,True
10369821,A,1.0,0.9581151832460733,0.9473684210526315,0.96875,0.05263157894736842,0.03125,0.8115183246073299,0.8391608391608392,0.7291666666666666,0.8631578947368421,0.7604166666666666,623.4397905759163,6.4352521936182665,306.586387434555,5.725499566999872,614.0909090909091,6.420142977595929,297.31468531468533,5.694791124393565,651.2916666666666,6.478957570547525,334.2083333333333,5.811764551018979,688.0315789473684,6.533834736512791,345.05263157894734,5.8436969606972795,559.5208333333334,6.327080762685799,268.5208333333333,5.592928502496888,537.78125,580.078125,754.5079365079365,6.287451878965184,6.363162792745329,6.62606579704978,520.3333333333334,567.5833333333334,757.3404255319149,6.254469631847322,6.3413875814533185,6.6298128558279155,590.125,617.5625,746.1875,6.380334378866451,6.425780277955181,6.614976909105607,562.0625,663.625,843.258064516129,6.331613053674734,6.497717230903835,6.7372730375083965,513.5,496.53125,668.53125,6.241250029368613,6.20764642208864,6.505083141896686,51.58425832522073,0.19611648075649107,52.4613513239244,0.25167285065120826,49.99999434858453,0.11726738405463638,58.60864427355949,0.9393288316332369,57.465559314984816,0.7677868664188401,56.04620556226525,33.475039819427536,56.11277360536489,31.721866836973415,55.97830656226511,37.899694895829654,53.29683021592684,29.73655108766319,57.92079118839013,35.19016399382539,0.0,0.9739583333333334,0.9791666666666666,0.96875,0.020833333333333332,0.03125,0.7395833333333334,0.7708333333333334,0.6458333333333334,0.7083333333333334,0.7708333333333334,521.359375,6.256439583235621,258.5989583333333,5.555278438229618,496.4166666666667,6.207415627840687,249.26388888888889,5.518512130013221,596.1875,6.390555214905427,286.6041666666667,5.658102053553105,523.1666666666666,6.259900087613898,281.9479166666667,5.641722361208927,519.5520833333334,6.252967062170962,235.25,5.460648778465489,469.5,476.4375,618.140625,6.1516682986483175,6.166336549748492,6.426715980116137,448.0833333333333,452.8541666666667,588.3125,6.104979227021678,6.115570145764974,6.377258269307439,533.75,547.1875,707.625,6.2799275645428345,6.304791522480171,6.561914292356824,477.4375,497.84375,594.21875,6.168433261301579,6.2102862727731685,6.387247517562633,461.5625,455.03125,642.0625,6.134617472725699,6.120366097911178,6.464685650976483,50.537301319394345,0.28449052150902304,48.66691977870913,0.2766778204367551,58.10267485080299,0.9998855155737014,51.20461880166631,0.30411310074207865,49.99999959741909,0.27081257813477067,53.71861719107651,30.634528021363813,52.229846863697986,25.45465078029685,59.2750722542974,43.07302356420201,56.342337994758374,34.69991727772886,50.535674761869586,14.37033807837599,0.10999417249417254,0.1027412280701755,0.125,-0.0625,2.461356975339868,1.1430849585746756,-9.435755072093862,1.2046192042472157,0.13440546659657188,0.1715419652143968,-0.7232076951369464,0.03330052260730798,0.1344670430997823,-4.623960972463294,-7.045225390599413,5.806663232888788,-6.177828058856239,-5.453612906162196,-17.618372783905162,20.329579199352867,-37.20075757575751,128.51074561403505,-99.77083333333331,3.6145833333332575,-0.05881459295159619,0.20675397382699146,-0.18313958706473965,0.006933025442936724,-36.89364801864798,76.53179824561403,-37.3402777777778,46.697916666666686,0.4518581205786423,-0.5615439965150046,-0.5697676323736075,True,False,False,A,13,8,7,8,4,-6,-5,1,1,1,1,1,1,1,6,True,True,True,True,True
10369833,A,1.0,0.9633507853403142,0.96875,0.9578947368421052,0.03125,0.042105263157894736,0.7486910994764397,0.7847222222222222,0.6382978723404256,0.7473684210526316,0.75,669.9162303664922,6.507152675264454,350.63350785340316,5.859741540805115,648.125,6.474083578983792,317.84722222222223,5.761570834071687,736.6808510638298,6.602154760496095,451.0851063829787,6.111656027648905,731.7789473684211,6.59547848388545,432.0,6.068425588244111,608.6979166666666,6.411322112899421,270.1145833333333,5.598846251689548,519.75,590.296875,903.3492063492064,6.2533479267381225,6.380625588314285,6.806109196655545,470.4791666666667,572.8125,901.0833333333334,6.153751678909413,6.3505584380340245,6.803597743157537,667.5625,642.75,910.6,6.503633018849914,6.465755846145999,6.814103722900682,571.84375,715.75,913.4193548387096,6.34886578972796,6.573330943978225,6.817195090408934,467.65625,464.84375,893.59375,6.147733517487072,6.141701327614104,6.79525125354969,50.33836187185211,0.23325673469159997,47.65839119070163,0.2541066757323488,58.86149210457287,0.9147084683610733,51.512289241215065,0.22930842516220734,49.10084453458361,0.24602378337282166,49.98820370773666,28.97309171384629,48.70289069097486,23.329830004721124,56.10033321139338,34.43438096936274,49.95017303960464,30.948995943908884,50.08093366883477,26.89292230308843,0.0,0.9791666666666666,0.9895833333333334,0.96875,0.010416666666666666,0.03125,0.7604166666666666,0.7777777777777778,0.7083333333333334,0.7291666666666666,0.7916666666666666,634.4166666666666,6.452705941518213,184.50520833333334,5.217677692531099,620.7430555555555,6.4309172371417365,189.375,5.243729176263634,675.4375,6.515360629063385,169.89583333333334,5.135185504147223,637.2708333333334,6.457194735281008,224.67708333333334,5.414664186154538,631.5625,6.44819690759794,144.33333333333334,4.972125439334381,450.421875,474.796875,978.03125,6.110184643585706,6.162887080995235,6.885541622489567,452.7708333333333,478.1666666666667,931.2916666666666,6.115386110797811,6.16995934675331,6.836572511422149,443.375,464.6875,1118.25,6.094415913093786,6.141365136654474,7.019520242312957,442.03125,488.15625,981.625,6.091380580935941,6.190635539031282,6.8892093616950385,458.8125,461.4375,974.4375,6.128641629871,6.134346616819385,6.881860381436771,47.956419247374996,0.28514314250150036,47.65839119070163,0.2541066757323488,49.99999999999999,1.0,43.40787739490855,0.7946442575228,48.36185455152654,0.23275349399696754,48.98057298760602,22.612583691157944,48.50513277780515,22.6748646163599,50.0,11.906957718055532,48.172457050528635,22.448321908951836,50.0,11.906957053083378,0.14642434988179664,-0.0026315789473684292,0.06944444444444442,-0.0625,-11.20310091387124,2.411444706631457,-2.3416088092983642,-4.953977156617988,-0.6606017926287245,-0.016715358210614317,-0.7458933242676512,0.5618907635258324,-7.397442520418515,-0.13076062923012444,-1.4948672221948485,-1.8275429494713649,-11.104550964641618,4.056073640820454,10.76790689830437,10.541364855868459,-88.55585106382978,123.08103070175446,-54.69444444444446,5.708333333333371,-0.12807118151230323,0.18415637098602922,-0.08444339192164829,0.008997827683067783,-133.2378841607565,161.88541666666669,19.479166666666657,80.34375,0.0113821950515933,-0.7670346672251008,0.1070871889486404,True,False,True,A,0,0,0,6,13,0,6,6,1,1,1,1,1,1,6,True,True,True,True,True
10369836,A,0.0,0.921875,0.8854166666666666,0.9583333333333334,0.11458333333333333,0.041666666666666664,0.828125,0.8472222222222222,0.7708333333333334,0.8125,0.84375,562.7296874988824,6.332799384064555,248.47291665772596,5.515333852304283,560.6361111087931,6.329072051762783,246.49791665623584,5.507353541748189,569.0104166691501,6.34389874093442,254.3979166621963,5.538899642211509,573.2291666641831,6.351285578581636,270.5437499893208,5.600433822692065,552.2302083335816,6.313965003420958,226.4020833261311,5.422312548257234,495.44374999590207,532.0375000014901,660.7078124992549,6.205453825622439,6.2767139755820365,6.493311703544793,515.6374999955295,533.7416666671634,632.5291666636866,6.245403999210676,6.279911951619386,6.449726332840761,434.8624999970198,526.9250000044705,745.2437500059602,6.075029889160216,6.267058223431595,6.6137113460835115,475.53437499329436,550.1218749992549,694.0312500000002,6.1644391716822495,6.310139844586614,6.5425169883114815,515.3531249985097,513.9531250037253,627.3843749985098,6.244852345301633,6.2421320648057055,6.441559391076853,58.79276990365342,0.8221532918734477,55.843453017733545,0.12526996872163038,41.89831581155328,0.9993571363575613,54.91985770746983,0.13084214533425909,51.40637279444376,0.17123283681193374,59.04511497691546,44.19829646452058,65.31319274440574,47.045164636113206,52.24580886518953,25.491073914800076,58.238332049785285,46.120503820089674,60.000174434930514,39.05888016852326,0.0,0.90625,0.8229166666666666,0.9895833333333334,0.17708333333333334,0.010416666666666666,0.8229166666666666,0.8263888888888888,0.8125,0.8229166666666666,0.8229166666666666,539.7374999970198,6.291082910251377,226.66822916579747,5.423487402856802,551.579861111939,6.312786635303293,224.24652777612215,5.412746017100512,504.2104166522622,6.222993674302929,233.9333333348235,5.455036174487375,553.0593749980131,6.315465364652041,223.35520832861468,5.408763366660401,526.4156249960264,6.266091062313794,229.98125000298026,5.437997783873946,490.3203125037253,559.4687499888241,569.4234374985099,6.195058876523752,6.326987672731571,6.344624335743409,507.7791666736205,563.3937499920527,583.5666666701436,6.230046641791744,6.333978762004902,6.369158698276735,437.94374999403954,547.6937499791383,526.9937499836088,6.0820904774581495,6.305716280329893,6.267188688857391,448.00937501341116,617.7812499888241,593.3874999918044,6.104814158565253,6.426134430378121,6.385847642572168,532.6312499940395,501.156249988824,545.4593750052154,6.277829346074702,6.216917928686782,6.301628329548851,56.580508439606575,0.21585672113720183,55.01047171241256,0.20672777136093834,56.400702496906234,0.09192598236620819,55.19071916888469,0.18595511820540261,59.15982478193722,0.6995993224227962,64.11392516383515,26.269950513146508,65.33423628461611,25.11078835448732,60.110021759493264,26.5656770071439,62.9447207712137,24.686643572843952,65.29332597643057,27.81579258300969,0.07638888888888884,-0.03125,0.01388888888888884,0.0,13.945137206180263,3.513484913026069,-1.3902307844936743,-3.969105613052527,-0.874087167635931,-0.040390691477674656,0.11480178899473015,-0.5136442042173937,13.067383879216209,-1.7618423851452292,5.2242145251228465,-2.348605205216863,21.55409072131313,7.061623651566414,-1.4548886526565816,-3.1291490101657367,-8.374305560357016,20.998958330601567,47.36944445967674,26.643750001986746,-0.014826689171636431,0.03732057516067755,0.08979296100036382,0.049374302338246245,-7.9000000059604645,44.14166666318971,-9.686805558701337,-6.626041674365581,0.6443871476056775,0.2492410903944129,1.289557516473901,True,True,True,A,49,45,62,63,57,13,14,1,1,1,1,1,1,1,6,True,True,True,True,True
10369838,A,0.0,0.9791666666666666,0.9583333333333334,1.0,0.041666666666666664,0.0,0.8333333333333334,0.8402777777777778,0.8125,0.8333333333333334,0.8333333333333334,592.3473958310981,6.384093280056333,532.7276041669151,6.278010231928819,582.3611111127668,6.367090721151596,535.7819444404709,6.283727258223317,622.3062499860921,6.433432334889822,523.5645833462477,6.260660391080036,641.622916671137,6.464000773918074,660.3760416706405,6.4928094328758394,543.0718749910592,6.297241677640307,405.0791666631897,6.004082521246578,531.4468749947846,544.243749987334,701.3515625111756,6.275603239813248,6.299397216332291,6.55300927702543,518.2437500009934,541.6124999920527,687.2270833452543,6.250445691428395,6.294550801080721,6.5326647810477745,571.0562499761583,552.1374999731779,743.7250000089402,6.34748771614587,6.313797109412605,6.611671342861538,595.5906249955297,609.1156250014901,720.162500016391,6.389553560248648,6.412008110118063,6.5794768810121464,467.30312499403954,479.371874973178,682.5406250059604,6.146978137024144,6.172476653139496,6.5258220491059,57.465559314984816,0.7677868664188401,49.99999999999999,1.0,59.999999999999964,0.9991622278358729,50.007248269870644,0.19548391077722355,56.58943884644672,0.7940190286362183,55.925126397681495,22.489156359651574,56.67547441295158,23.11007890422253,52.0699196021252,14.455310805846597,58.262399858220626,23.87378602156659,51.290331354783405,11.413034052681699,0.0,0.9635416666666666,0.9270833333333334,1.0,0.07291666666666667,0.0,0.8072916666666666,0.8194444444444444,0.7708333333333334,0.7708333333333334,0.84375,536.0562500022352,6.284239099598583,375.44479165722925,5.9281114341823375,536.678472224209,6.285399167001756,382.65763887431893,5.947140696141262,534.1895833363136,6.280750800928111,353.80625000596046,5.868749446934155,570.1385416785876,6.345879386871844,432.3270833268762,6.069182439090969,501.97395832588273,6.218548242501276,318.5624999875824,5.7638186880612805,435.31874998658895,471.6734375059604,701.176562514156,6.076078521342044,6.156286876442506,6.55275972766552,434.35416664679843,457.86875001092744,717.8125000149012,6.073860253492423,6.126582571016032,6.576208392904176,438.21250000596035,513.0874999910593,651.2687500119209,6.082703952555427,6.240446395910881,6.478922383458382,445.2187499999999,494.19062502682203,771.0062500089407,6.098565734417504,6.20292132337624,6.647696479897452,425.4187499731779,449.15624998509884,631.3468750193715,6.053073977895373,6.107370822718329,6.447855434192185,50.07254302372635,0.2828993584693956,57.78465343020832,0.7264948776125502,59.31970507317235,0.7508884996139805,58.965175517628396,0.7619238537028454,57.465559314984816,0.7677868664188401,55.92220722216162,27.364624266409432,54.1927708890068,24.827248943396523,60.000000022654966,29.72500614654276,58.01476806892447,29.344694292541604,50.85082686583997,11.667710726573876,0.02777777777777779,0.0,0.04861111111111105,-0.07291666666666663,-9.999999999999972,-6.582190576576075,-1.535051642964028,1.4996162026435798,0.0008377721641270597,-0.5985351178589948,-0.02439362200143036,-0.005863012715994653,4.605554810826376,6.972068503437221,-5.807229133648164,7.163941203084498,8.654768098375932,12.460751968884892,-4.897757203146238,17.676983565967728,-39.94513887332528,98.55104168007779,2.4888888878954276,68.16458335270482,-0.066341613738226,0.16675909627776697,0.0046483660736456045,0.1273311443705678,12.217361094223179,255.29687500745075,28.85138886835847,113.76458333929384,0.2802851715960024,-0.338906311571578,0.087138629819832,True,False,True,A,32,32,28,30,41,-4,-2,2,1,1,1,1,1,1,6,True,True,True,True,True
10369844,A,1.0,0.9214659685863874,0.8842105263157894,0.9583333333333334,0.11578947368421053,0.041666666666666664,0.9895287958115183,1.0,0.9583333333333334,1.0,0.9791666666666666,611.4120418838181,6.415771104852929,385.12146596009825,5.953558780529642,605.9853146743108,6.406855752564977,373.42587411820483,5.922719522006912,627.5791666954755,6.441869825112677,419.9645833224058,6.0401703822989825,658.1336842085186,6.489408078179747,423.1663157739138,6.047765283269301,565.1770833333334,6.337139103868989,347.47291666517657,5.850686724313382,602.6718749962747,579.6031746031746,651.4640625007451,6.401372894386506,6.362343687662677,6.479222233878072,603.6937499940396,559.9021276463853,653.3999999860924,6.403067032914666,6.327761996394752,6.482189499145685,599.60625000298,637.475000038743,645.6562500447035,6.396273189794831,6.457515060638127,6.470267241482318,648.0249999910593,640.5354838755821,685.29062499851,6.473929275841193,6.462304520076383,6.529843018355945,557.3187500014901,520.5749999955297,617.6375000029802,6.323137338368926,6.25493396988517,6.42590171578399,55.10287151969347,0.1651373941391749,52.853327796083654,0.1872466404899149,60.68217066108439,0.9627532676810124,56.4212927660731,0.25235147388899004,57.70446685626536,0.23481191612147623,20.10716280657454,10.190296361856273,0.0,39.247,20.10716280657454,10.190296361856273,0.0,39.247,20.10716280657454,10.190296361856273,0.0,0.9322916666666666,0.8854166666666666,0.9791666666666666,0.11458333333333333,0.020833333333333332,0.984375,0.9791666666666666,1.0,0.9791666666666666,0.9895833333333334,631.3510416733722,6.447862033797595,303.4927083154519,5.715357584891177,637.2895833369759,6.4572241571952596,305.9659722033474,5.723473893819141,613.5354166825612,6.4192379913886475,296.0729166517655,5.690605764027083,653.3020833532015,6.4820396308102435,306.51874997963506,5.725278927990127,609.3999999935429,6.412474866541013,300.4666666512689,5.705336821537192,591.631250012666,589.4187500029801,713.0031250044703,6.382883552316255,6.379136881814875,6.569485803300162,596.3666666696469,593.6562500049669,721.8458333363137,6.390855690432665,6.38630044815369,6.581811588857618,577.4250000417233,576.7062499970198,686.4750000089405,6.35857856390448,6.3573330380813164,6.531569807951977,568.3312500342727,645.0000000149009,746.5750000104307,6.3427044354139435,6.469250316818875,6.615496080801214,614.9312499910594,533.8374999910593,679.43124999851,6.421510472925279,6.280091485516536,6.521256051133957,56.224729298782485,0.17347896682165542,55.57275964311322,0.15986012860900084,59.31970507317235,0.7508884996139805,60.014382389213175,0.18227697996356224,52.97881171654815,0.2090122354164488,-9745.009889843079,4298.665675785604,-9753.701236061688,4300.566592377014,0.0,39.247,70.0007,11.912211139334351,-10.010417749092236,11.5205155775576,0.04166666666666663,0.02083333333333337,-0.02083333333333337,-0.01041666666666674,-7.828842865000738,-1.2831740901922615,-3.746945430059128,7.035570672665024,-0.7755066271910975,0.017539557767513814,-0.5910283710049797,-0.026735255452886575,-20.10716280657454,-20.10716280657454,-9753.701236061688,80.01111774909224,29.056703638143727,29.056703638143727,4261.319592377014,0.3916955617767517,-21.593852021164707,92.95660087518525,23.75416665441469,43.902083359658604,-0.035014072547700614,0.1522689743107586,0.03798616580661207,0.06956476426923075,-46.538709204200984,75.69339910873725,9.893055551581881,6.052083328366166,-0.6961784166299843,-0.3945031181917389,0.6544328994256519,False,False,True,A,7,11,9,16,11,2,9,7,1,1,1,1,1,1,6,True,True,True,True,True
10369854,A,1.0,0.8900523560209425,0.7894736842105263,0.9895833333333334,0.21052631578947367,0.010416666666666666,0.900523560209424,0.9020979020979021,0.8958333333333334,0.8947368421052632,0.90625,625.6513089135055,6.438793201394716,296.1706806352625,5.690935911908235,629.4272727299405,6.444810315006976,295.30699301432884,5.688015469520379,614.4020833770434,6.42064957274087,298.7437500059604,5.699586182544743,633.997894753908,6.45204563385428,310.85052634289383,5.739312173951467,617.3916666756073,6.425503614528972,281.64374998708564,5.640642974386484,535.2312500327826,627.8142857248821,713.9421874955299,6.282698896557819,6.442244399365399,6.57080198916713,556.8687500456969,602.6829787112297,728.1729166408383,6.322329574899595,6.401391318363347,6.590538542850892,470.3187499940394,701.637500077486,671.2500000596049,6.153410656312868,6.5534168889988855,6.509141645911871,507.18437503278255,642.5225806543904,752.553125008941,6.228874596325113,6.465401961139182,6.6234715921496345,563.2781250327826,613.5656250119209,675.3312499821186,6.333773511546026,6.419287226664863,6.515203311212935,60.7419514805183,0.7249126350183308,61.56379210343628,0.22847259231811878,61.28154026767559,0.8572592623527169,55.52856437758178,0.17777324954154516,58.23246856779808,0.14819502112576466,58.91826934080666,25.33774659213126,52.04775687013407,11.258412331153586,66.2417503379847,41.794145680187334,55.72865273570976,30.123867879171215,67.63212034444834,11.23934962893516,0.0,0.859375,0.7291666666666666,0.9895833333333334,0.2708333333333333,0.010416666666666666,0.8802083333333334,0.8888888888888888,0.8541666666666666,0.875,0.8854166666666666,693.8203124975165,6.542213011272715,306.4322916616996,5.724996822854038,689.0840277804268,6.535363219717565,307.3972222142749,5.728140794675491,708.0291666487855,6.562485288676813,303.53750000397366,5.7155051613642724,703.8562499731779,6.55657414492934,295.4750000089407,5.688584230928563,683.784375021855,6.527642626727481,317.38958331445843,5.760129988758734,634.8312499672176,670.8921875134108,775.7375000119209,6.4533592154922905,6.508608449715545,6.653814189775426,652.2249999642374,687.0770833392935,727.9500000377496,6.480389594365803,6.532446488750927,6.590232364571192,582.6499999761581,622.3375000357626,919.0999999344356,6.367586662978352,6.433482550141659,6.823394930292729,625.459374949336,629.0749999731777,857.0343749970198,6.438486379675181,6.444250486433593,6.753478028641692,644.2031249850993,712.7093750536438,694.4406250268223,6.468014087840159,6.569073728698906,6.543106665417727,58.96944968294349,0.1695889728839659,64.54350897162844,0.19401269136193328,57.238009175159405,0.9475214165437187,50.67241746882968,0.0245185215463965,59.328334420547044,0.14727955302031642,65.13999330088306,27.124154048063826,67.01214282053016,24.13951989258977,60.12502024186847,28.672242359241626,61.8727252630473,24.479136829736436,78.01464139373287,49.830333492578745,0.006264568764568712,-0.011513157894736836,0.03472222222222221,-0.01041666666666663,0.2822518357606896,-2.7039041902162992,7.305499796469036,-8.655916951717366,-0.6287866700345981,0.029578228415780505,-0.7535087251817854,-0.12276103147391992,-14.193993467850625,-11.90346760873858,6.887122578661689,-16.141916130685573,-30.535733349033748,18.884518250236056,-4.532722466651855,-25.35119666284231,15.025189352897087,16.60622807830066,-18.94513886835864,20.07187495132291,0.02416074226610654,0.02654201932530853,-0.027122068959247514,0.02893151820185924,-3.436756991631569,29.206776355808188,3.8597222103012427,-21.914583305517738,-0.8352633736374622,-0.6908647974395802,0.3078784315403196,False,False,True,A,0,12,6,1,8,6,1,-5,1,1,1,1,1,1,6,True,True,True,True,True
10369855,A,1.0,0.900523560209424,0.968421052631579,0.8333333333333334,0.031578947368421054,0.16666666666666666,0.9895287958115183,0.993006993006993,0.9791666666666666,0.9789473684210527,1.0,621.1413612565445,6.431558690902254,219.94240837696336,5.393365731977257,607.2377622377622,6.408920414921307,212.95804195804195,5.361095160192633,662.5625,6.496114893033316,240.75,5.483759050678235,570.8947368421053,6.347204843873778,248.23157894736843,5.514362096536078,670.8645833333334,6.508567303390547,191.94791666666666,5.257224067867025,483.453125,634.6666666666666,745.515625,6.180954360865641,6.453099926683201,6.614076093073015,448.1666666666667,610.7234042553191,762.8958333333334,6.10516518704081,6.414644163148464,6.637121499465505,589.3125,705.0,693.375,6.378956603225896,6.558197802812269,6.541570978375399,438.78125,591.8709677419355,682.6875,6.084000997314916,6.383288651231917,6.526037214603762,528.125,676.125,808.34375,6.269332998111438,6.516377970191591,6.6949874012183805,44.66768166492614,0.1833678807180018,42.68954219907763,0.19111280199292757,57.49219760041545,0.8905985308586666,41.74709262393659,0.7934862691797064,42.97461956795764,0.11499782232936806,-12.58866688081355,17.316172155221274,110.20865963215462,11.890502233541753,-10.010417611624083,11.520515324751607,-12.588666880820044,17.31617215523964,0.0,39.247,0.0,0.8541666666666666,0.90625,0.8020833333333334,0.09375,0.19791666666666666,0.9895833333333334,0.9861111111111112,1.0,0.9791666666666666,1.0,551.9270833333334,6.3134159421411,194.59375,5.270914052072725,529.5555555555555,6.272038080322468,198.48611111111111,5.2907191284657396,619.0416666666666,6.428172583289407,182.91666666666666,5.209030675721271,561.09375,6.329888003860456,210.86458333333334,5.351216142293741,542.7604166666666,6.296668000958691,178.32291666666666,5.183596045306942,498.0,559.796875,597.984375,6.210600077024653,6.327573994714932,6.393564624846728,508.1666666666667,510.3958333333333,570.1041666666666,6.2308094777602,6.235186568465388,6.345819092670127,467.5,708.0,681.625,6.147399348728742,6.56244409369372,6.5244796532462255,495.34375,622.75,565.1875,6.205251965998166,6.43414515414229,6.337157534500699,500.65625,496.84375,630.78125,6.2159197378469875,6.208275590348983,6.446959130487315,40.32689918688618,0.8165032036143591,40.406951105383605,0.5089034088673531,56.66544993431986,0.08895389314483465,40.87117458970302,0.6317826659476451,50.66980149508616,0.050636647021689574,30.0003,11.912705948176733,30.0003,11.912705915926319,0.0,39.247,30.0003,11.912705929568299,0.0,39.247,0.013840326340326392,-0.021052631578947323,-0.01388888888888884,-0.02083333333333337,-14.802655401337823,-1.2275269440210508,-16.258498828936254,-9.798626905383145,-0.699485728865739,0.6784884468503384,0.41994951572251843,0.5811460189259555,120.2190772437787,-12.588666880820044,30.0003,30.0003,0.3699869087901462,-21.93082784476036,-27.334294084073683,-27.334294070431703,-55.32473776223776,-99.96984649122805,-89.48611111111109,18.33333333333337,-0.08719447811200887,-0.16136245951676909,-0.15613450296693898,0.03322000290176508,-27.791958041958054,56.283662280701776,15.569444444444457,32.541666666666686,1.0356288820405046,-0.6074232942790219,1.0856423821321506,True,False,True,A,24,28,35,46,49,11,22,11,1,1,1,1,1,1,6,True,True,True,True,True
10369881,A,2.0,0.8631578947368421,0.9368421052631579,0.7894736842105263,0.06315789473684211,0.21052631578947367,0.8263157894736842,0.8450704225352113,0.7708333333333334,0.8,0.8526315789473684,1172.2836842085185,7.066708992219707,441.46631580653946,6.090101722244486,1118.4338027927238,7.019684595265224,445.3443662180028,6.098847839563223,1331.589583396911,7.194128683048548,429.9937500059604,6.063770673712116,1292.6326315829629,7.16443621742966,510.0021053013049,6.234414853751625,1051.934736834074,6.958386354143299,372.93052631177414,5.921392145759114,1012.2500000298021,1049.5156249776478,1464.2080645022857,6.919930854941712,6.956084027170489,7.2890698049847575,922.527083347241,953.7604166169959,1494.6913043105087,6.827116734125721,6.860412504286858,7.3096749790927085,1281.4187500774854,1336.7812500596035,1376.5687500536444,7.155723141591612,7.198019951195089,7.227349268888381,1034.3343750536442,1156.4906249642368,1699.7967741873963,6.94151338292154,7.05314537525233,7.438263978302634,990.1656250059602,942.5406249910591,1228.6193548171748,6.897872227121707,6.848579021832029,7.113646342160336,39.60061901744256,0.16794177251376258,39.18946415918675,0.14629086840320893,45.86397863044239,0.8587387821677482,39.49617482383024,0.1914599416842161,49.94228106933098,0.06503603935725272,49.221816859115336,62.83883775673917,42.89215824000603,31.404750521034977,72.76228460655796,124.28138869526701,43.43636562527182,27.382766658545844,65.97076555932335,92.23071077942956,0.0,0.84375,0.9583333333333334,0.7291666666666666,0.041666666666666664,0.2708333333333333,0.8125,0.8333333333333334,0.75,0.8333333333333334,0.7916666666666666,887.0322916805744,6.787881387149254,338.17552081495523,5.823565053049344,865.1923611164093,6.762951865002028,331.00277776188324,5.802126767371709,952.5520833730696,6.859144786212555,359.69374997417134,5.8852529748880436,872.6770833283662,6.7715655943176225,397.8458332866431,5.986064576692524,901.3875000327826,6.803935242879259,278.5052083432674,5.629436760604561,791.7593749761579,885.2062500342724,984.1312500312927,6.674257526177391,6.785820668741974,6.891759272335518,771.6666666368642,867.71875,956.1916667123636,6.648552677813604,6.765867641416961,6.862958381149179,852.0374999940393,937.66875013709,1067.9499999880795,6.7476305399382355,6.843396741792713,6.973496201933652,788.8499999642368,863.9124999940391,965.2687500268224,6.670576188658127,6.761471490520536,6.872406560002895,794.6687499880791,906.5000000745058,1002.993750035763,6.6779253611429885,6.809591030277097,6.910744556672095,35.11901714238893,0.16455009777216378,38.996053882166116,0.7878942480300197,32.310993064637714,0.1288387502476277,49.35722864698273,0.08875590947155637,49.995219534821935,0.02770249768407157,39.187837611747256,38.81834425108134,38.958750273761424,32.828766540248424,39.887355737369155,56.622572958780836,40.12010845181797,32.12273873292466,37.35212029847328,48.50232084226041,0.07423708920187788,-0.05263157894736836,0.08333333333333337,0.04166666666666674,-6.674514471255641,-10.446106245500744,6.685060817528402,-0.6379908878392015,-0.7124479137645393,0.12642390232696338,0.659055497782392,0.0610534117874848,-29.870126366551922,-22.534399934051535,-0.928605463607731,2.767988153344689,-92.87663817423203,-64.84794412088371,-23.793806418532412,-16.37958210933575,-213.15578060418716,240.69789474888876,-87.35972225666035,-28.71041670441639,-0.174444087783324,0.20604986328636166,-0.0961929212105268,-0.03236964856163649,15.350616212042382,137.07157898953074,-28.690972212288102,119.3406249433757,-0.9205598871624484,-0.5082762406667616,-1.1940871281042291,False,False,False,A,14,7,3,39,34,-11,25,36,1,1,1,1,1,1,6,True,True,True,True,True
10369924,A,0.0,0.875,0.875,0.875,0.125,0.125,0.8541666666666666,0.9097222222222222,0.6875,0.8541666666666666,0.8541666666666666,703.1770833317811,6.555608756721303,490.3067708335196,6.195031258134587,684.1861111087104,6.52822997287636,457.6298611112353,6.126060693861415,760.1500000009934,6.633515782228152,588.3375000003725,6.377300762827817,750.0406249975786,6.620127371726833,611.0500000004346,6.415178788884721,656.3135416659837,6.4866386346143425,369.5635416666046,5.912322692225085,598.9156249975786,666.1484374976718,844.4671875000931,6.395120728423461,6.50151252483216,6.738705881141428,568.8562499973923,639.2604166629416,844.4416666657975,6.343627765999979,6.460311909170235,6.738675659458079,689.0937499981375,746.8125000018624,844.5437500029801,6.5353773285181385,6.615814149612467,6.738796540711759,686.1093749972061,757.7781249955298,806.234375,6.531037053788313,6.630390631706428,6.692374488077229,511.7218749979511,574.5187499998137,882.7000000001863,6.237781264551304,6.353532733831626,6.782985392026398,51.20358715540542,0.14216072693010995,55.803317111573264,0.2792517002348208,45.81178281807025,0.11412317199960426,58.79575911327702,0.9997437500788949,48.9692570049261,0.10795130102833345,51.572877368920054,43.53346707606491,50.08857674640791,37.86435305096139,51.44774003060841,55.115672276964,57.34612318450362,36.92114017260648,46.388821475031165,34.93106623271213,0.0,0.8645833333333334,0.7916666666666666,0.9375,0.20833333333333334,0.0625,0.7604166666666666,0.7638888888888888,0.75,0.7291666666666666,0.7916666666666666,615.7984374989755,6.422919698135728,333.9723958324951,5.8110583423531335,610.8020833331263,6.414772984165652,331.2874999994205,5.802986578438362,630.7874999965233,6.446969038780498,342.02708333171904,5.834889924955579,624.9135416631276,6.437613306828466,327.1697916658595,5.790479276706893,606.6833333348235,6.408006963555297,340.7749999991308,5.831222435454356,470.6937499972993,564.6796875004655,812.0218749991619,6.154207670216752,6.336258645605889,6.699527279452952,463.51874999764067,554.6333333353201,814.2541666664183,6.1388468372570495,6.318307234756934,6.702272561326447,492.21874999627477,594.8187499959022,805.3249999973925,6.19892323149444,6.388256737283341,6.691245922647702,455.806249995716,610.0937499962747,808.8406249973925,6.122067828862628,6.413612633876969,6.695601895175544,485.5812499988825,519.2656250046565,815.2031250009313,6.185346626971165,6.252415553790543,6.703437315317423,62.777370866551024,0.15073393748926067,58.91284348407597,0.11016754481492691,67.52186852831802,0.39544628559263595,61.11041193234011,0.8392745638720197,57.62966985370365,0.07835098732141121,54.10729379650192,30.260321020210714,53.97705200488914,30.525633079530728,54.45333914958417,29.5030229461728,55.016328169440015,36.05390347862024,50.79545296876113,11.933894163479655,0.2222222222222222,0.0,0.01388888888888884,-0.0625,9.991534293503015,9.826502108350923,-8.609025044242053,3.480742078636453,0.16512852823521657,0.8917924490505615,-0.28527874077770904,0.7609235765506085,-1.3591632842004984,10.957301709472453,-0.47628714469502853,4.220875200678883,-17.251319226002607,1.9900739398943443,1.0226101333579294,24.120009315140585,-75.96388889228297,93.72708333159483,-19.985416663396904,18.230208328304116,-0.10528580935179122,0.13348873711249087,-0.03219605461484587,0.029606343273169244,-130.70763888913723,241.48645833383,-10.739583332298537,-13.605208333271264,0.7444672657163571,-0.1208741640853747,-0.9013166600709576,True,True,False,A,74,78,76,61,78,2,-13,-15,1,1,1,1,1,1,6,True,True,True,True,True
10369935,A,6.0,0.9139784946236559,0.9347826086956522,0.8936170212765957,0.06521739130434782,0.10638297872340426,0.9243243243243243,0.9565217391304348,0.8297872340425532,0.898876404494382,0.9479166666666666,562.0,6.331501849893691,486.07537634408607,6.186363707232654,533.956834532374,6.280315001483896,470.32388489208637,6.153421574163827,644.936170212766,6.469151350988378,532.6595744680851,6.277882523053987,623.1444444444444,6.434778344954532,650.3891111111111,6.4775708162593695,504.6770833333333,6.223918785803191,332.03125,5.805229090992891,491.75409836065575,566.2459016393443,624.90625,6.197978791470648,6.339028439048039,6.437601638485276,486.5869565217391,486.3333333333333,624.0,6.187415624650529,6.186894259854676,6.436150368369428,507.6,791.0,627.625,6.2296937358402324,6.673297967767654,6.44194285435487,508.2068965517241,673.9310344827586,681.28125,6.230888641340471,6.513127782951102,6.523975216485019,476.84375,468.65625,568.53125,6.167188869092009,6.149869557281954,6.343056280897077,50.45897959532816,0.22544179637852757,51.98719142976683,0.26051646463036543,46.2837139723023,0.160889044136936,50.052722145721454,0.21374067894650334,50.929757530555555,0.23879756306490296,44.65099234295052,84.70005123509523,34.18188026623195,77.8552580104454,51.92554568416213,71.97556421973327,45.44290861950062,83.78413884926213,48.96534055723334,12.866449564173669,0.0,0.9270833333333334,0.8854166666666666,0.96875,0.11458333333333333,0.03125,0.9166666666666666,0.9027777777777778,0.9583333333333334,0.9479166666666666,0.8854166666666666,594.0833333333334,6.387019601329628,355.453125,5.873393384009374,589.9166666666666,6.379981283986189,355.8263888888889,5.874442940241107,606.5833333333334,6.407842119330257,354.3333333333333,5.870238089673838,618.5833333333334,6.427431917329547,326.3958333333333,5.788110857485596,569.5833333333334,6.34490509937005,384.5104166666667,5.951970880039504,535.03125,601.65625,645.5625,6.282325156405091,6.399686268929609,6.470122029766852,528.9166666666666,605.3125,635.5208333333334,6.27083088951847,6.405744853601315,6.454444872678062,553.375,590.6875,675.6875,6.316035891052305,6.381287112755275,6.51573069105299,499.875,724.34375,631.53125,6.214358067166982,6.58526607252495,6.448147425918521,570.1875,478.96875,659.59375,6.3459652541056935,6.171635355199181,6.491624115200891,55.8494612846648,0.1951214721672715,58.74117784958955,0.9270171286843066,55.46634007956817,0.07113540683724795,58.470936304909124,0.17066954105366738,58.21539583572965,0.8964615670459117,56.71114563198593,26.20723182638031,53.66241736728296,16.43369557905376,40.13969357896168,10.147859676237669,60.00000028442611,31.683936225809894,53.55068269933781,18.942348696206473,0.12673450508788164,-0.04904026217228463,-0.05555555555555558,0.0625,5.70347745746453,-0.8770353848341017,3.274837770021378,0.25554046917947204,0.09962742049342943,-0.025056884118399625,0.8558817218470587,-0.7257920259922443,-17.74366541793018,-3.522431937732719,13.52272378832128,6.449317585088295,5.879693790712125,70.91768928508847,6.285835902816093,12.741587529603422,-110.97933568039196,118.46736111111107,-16.666666666666742,49.0,-0.18883634950448158,0.21085955915134136,-0.027860835344068136,0.08252681795949712,-62.33568957599874,318.3578611111111,1.4930555555555998,-58.11458333333337,-0.8776281907997239,0.2319069181002528,-0.648645861035482,False,True,False,A,0,0,0,6,9,0,6,6,1,1,1,1,1,1,6,True,True,True,True,True
10370011,A,0.0,0.8229166666666666,0.9166666666666666,0.7291666666666666,0.08333333333333333,0.2708333333333333,0.8645833333333334,0.8819444444444444,0.8125,0.9166666666666666,0.8125,827.5770833329298,6.718502254976797,236.92552083381452,5.4677458336605405,801.5715277771362,6.6865742104596775,223.67847222276032,5.410209628830597,905.5937500003105,6.8085908059236795,276.6666666669771,5.622813412123656,833.9791666655801,6.726208422029451,252.24999999968955,5.530420659232488,821.1750000002794,6.710736241427939,221.60104166793948,5.400878655529677,667.5031249986496,739.6218750006519,1075.6062499994878,6.503544071909363,6.606139075874736,6.980639735087652,690.4520833312223,715.2854166673496,998.9770833328366,6.537346576279581,6.5726816471913505,6.906731838778667,598.6562500009311,812.6312500005588,1305.4937499994412,6.39468756026693,6.700277439620186,7.174336600689532,646.7656249967404,773.8718750006519,1081.299999999348,6.471983980027096,6.651406323712234,6.985919299950888,688.2406250005588,705.3718750006519,1069.9124999996275,6.534138522426941,6.558725146012827,6.975332148410854,49.94803467926303,0.020807158696958705,41.820799810814044,0.13332999083464098,27.131887028418088,0.23130803533397115,49.99418365056666,0.022212803175505336,39.07438077887378,0.11275595138259625,47.591652100378546,67.5109100614104,40.30045087953055,31.86276837989692,49.235210352706,65.13076271561228,45.99996639164715,16.6032998612751,53.704104946735534,87.61713654166245,0.0,0.8020833333333334,0.90625,0.6979166666666666,0.09375,0.3020833333333333,0.9166666666666666,0.9375,0.8541666666666666,0.9270833333333334,0.90625,702.0494791665891,6.55400388468528,217.85364583328678,5.383823487944583,697.7472222219739,6.5478568913579505,214.8034722222429,5.36972352741208,714.9562500004346,6.572221352011315,227.00416666641829,5.424968372671616,753.0947916672254,6.624191105225239,252.1687499997206,5.530098506256724,651.0041666659527,6.478516042596616,183.53854166685292,5.212424681771706,603.359374998603,708.0093750008382,794.779687500326,6.402512997641377,6.562457335132659,6.678064953607658,618.2020833315329,688.3041666671634,786.7354166672254,6.426815399688347,6.5342308429486335,6.667891999601414,558.8312499998138,767.1250000018625,818.9124999996275,6.325847549226119,6.642649760711689,6.707977240538233,602.3874999987894,780.0968750016763,876.8000000012107,6.400900925936377,6.659418110691712,6.776278916195132,604.3312499984169,635.9218749999999,712.7593749994412,6.404122474753303,6.455075717744596,6.569143880985044,39.15233754795847,0.6333568266533784,38.45450448502458,0.1834858303881562,32.46310455330106,0.06254776395062239,42.35105699615198,0.054296754591966034,34.89906203309446,0.08166422962082448,48.80380802579727,47.23859892730687,43.803514790439465,35.60163381037957,53.591135394334934,45.01180106681527,46.70267712033737,23.226974677592395,50.76478963576909,65.13076266841739,0.06944444444444442,0.10416666666666663,0.08333333333333337,0.02083333333333337,14.688912782395956,10.91980287169288,5.991399931723521,7.451994963057523,-0.09797804449933017,-0.09054314820709092,0.1209380664375338,-0.027367475028858446,-8.934759473175447,-7.7041385550883845,-9.78762060389547,-4.062112515431721,-33.26799433571536,-71.01383668038734,-9.410167256435706,-41.903787990824995,-104.02222222317425,12.804166665300727,-17.209027778460722,102.09062500127277,-0.12201659546400201,0.015472180601512342,-0.024364460653364617,0.14567506262862295,-52.98819444421679,30.648958331750066,-12.200694444175383,68.63020833286768,-0.0996391635998406,0.0820265697422768,-0.5581327751757721,False,True,False,A,16,28,27,42,66,11,26,15,1,1,1,1,1,1,6,True,True,True,True,True
10370042,A,0.0,0.8333333333333334,0.96875,0.6979166666666666,0.03125,0.3020833333333333,0.734375,0.7569444444444444,0.6666666666666666,0.71875,0.75,805.9567708397902,6.692030106874455,537.131770854195,6.286243447748442,785.1138888829282,6.665828788638649,529.6118055714501,6.272144295861224,868.4854167103767,6.766750794187709,559.6916667024294,6.327386036921777,803.0333333462473,6.688396224101701,525.3614583810171,6.264086517843949,808.880208333333,6.695650832340886,548.9020833273729,6.307920071007509,696.6765625104306,835.7890625223513,885.4046874865888,6.54632126075029,6.728376263690275,6.786044814486182,666.8750000198681,816.3729166785871,872.0937499503292,6.502602622085811,6.704871256302354,6.77089692954097,786.0812499821182,894.037500053644,925.3375000953678,6.667060158565265,6.795747720662519,6.8301585359333545,691.9687500447033,864.5312499850984,852.6000000089407,6.539540795703038,6.7621874525152466,6.748290504341596,701.3843749761579,807.0468750596044,918.209374964237,6.55305606054913,6.693381752158765,6.822425441917907,39.0215957461286,0.4348573881125227,42.13658438029595,0.12607161228692076,47.14158576166881,0.05886599988303559,26.917610489730386,0.11738960815588939,38.10914687819672,0.10246032404666411,34.20364676580393,39.70037831777061,34.1086016272518,34.2153601913176,34.13153305324802,51.28952364073141,30.033364390935553,35.617868872157295,39.421040265079135,40.69220079018056,0.0,0.890625,0.9479166666666666,0.8333333333333334,0.052083333333333336,0.16666666666666666,0.7760416666666666,0.7986111111111112,0.7083333333333334,0.7916666666666666,0.7604166666666666,772.285937515398,6.649354866831683,417.8760416681569,6.035184837511686,737.8951389027966,6.6038017262973945,382.0381944345106,5.945520589039021,875.4583333532015,6.774747558763798,525.389583369096,6.264140050958775,778.3781250119213,6.657212427974242,403.4083333263795,5.999949283032027,766.1937500188748,6.641435075118785,432.3437500099344,6.069220989444278,624.9656250402329,723.789062485099,968.1031250208619,6.437696648288222,6.58449999977631,6.875338615714682,604.2500000198683,682.1854166487852,927.2500000397367,6.403988019616473,6.525301492812029,6.8322232164125545,687.1125001013276,848.5999999940396,1090.6624999642377,6.532498034421872,6.7435879327612005,6.994540588721042,619.4843750447034,757.3749999850991,958.2750000059611,6.4288874788700925,6.629858507245479,6.865134793151717,630.4468750357628,690.2031249850986,977.9312500357627,6.446428893386771,6.536985938305201,6.885439371076953,42.85371907128962,0.1071717357422669,41.200199830048206,0.14799757452261975,53.42782885946339,0.07685418279603418,49.95515488031035,0.08159372114547042,46.00334636836648,0.13598503478235963,45.789699310377344,45.69069336000665,40.281771028450386,40.08601577749368,55.93429156378131,36.207233769228004,43.09526324488368,36.15062867125913,48.17406372631277,51.88798564520259,0.09027777777777779,-0.03125,0.09027777777777779,0.03125,-5.005001381372857,-11.191536388466332,-12.227629029415183,3.9518085119438737,0.06720561240388517,0.014929284109225283,0.07114339172658557,-0.054391313636889205,-0.022931425996219446,-9.387675874143582,-15.652520535330922,-5.078800481429084,-17.07416344941381,-5.074331918023262,3.8787820082656737,-15.737356973943463,-83.37152782744852,-5.846874987085698,-137.56319445040492,12.184374993046504,-0.1009220055490605,-0.00725460823918489,-0.17094583246640394,0.015777352855456783,-30.07986113097934,-23.54062494635582,-143.35138893458543,-28.935416683554934,1.267241718479069,0.3609200102510412,0.9766250929746298,True,True,True,A,26,59,53,67,65,27,41,14,1,1,1,1,1,1,6,True,True,True,True,True
10370097,A,0.0,0.90625,0.9270833333333334,0.8854166666666666,0.07291666666666667,0.11458333333333333,0.8385416666666666,0.875,0.7291666666666666,0.8125,0.8645833333333334,598.1427083333643,6.393829368177927,467.69843750012416,6.147823723909762,573.6006944450653,6.351933499962964,454.9125000008692,6.120105092767059,671.7687499982615,6.5099141592731815,506.05624999788915,6.226647829112717,639.919791665549,6.461342842977238,547.0385416659216,6.304519260023738,556.3656250011796,6.321425677050139,388.35833333432674,5.961928452944498,501.9937499980442,575.5671875001863,716.8671875018625,6.218587669411126,6.3553559676555,6.574890589832081,480.6166666640591,555.1875000024835,684.9979166686535,6.175070001569275,6.319305894534393,6.52941579689797,566.1249999999998,636.7062499932946,812.47500000149,6.338814901876377,6.456308403204257,6.700085144501575,511.9312499994413,638.8812499977649,768.9468749994412,6.238190338678657,6.459718599858459,6.645021883893594,492.05624999664724,512.2531250026076,664.7875000042839,6.198593039218695,6.2388188876423385,6.499467440723498,47.75299097644692,0.11303681722917597,47.13370277540757,0.13053553269273777,50.00306672318743,0.07587131588142865,41.70647047428534,0.18493758566621327,59.55051232271532,0.9051450448494116,53.2992824105982,39.573206595301095,50.27198488406049,36.18020225590198,55.97830656226511,37.899694895829654,47.36885705779701,31.444860521448422,56.175414886734,28.443808852815287,0.0,0.9270833333333334,0.9895833333333334,0.8645833333333334,0.010416666666666666,0.13541666666666666,0.859375,0.8611111111111112,0.8541666666666666,0.8333333333333334,0.8854166666666666,517.5598958331781,6.249125259182522,316.4786458336748,5.7572557695882205,521.576388888475,6.256855742886332,319.6770833354029,5.767311371718001,505.51041666728753,6.2255686449095125,306.88333332849044,5.726467653629339,562.9989583330849,6.333277777930315,362.60312500068295,5.893308916597687,472.1208333332713,6.1572349556471515,270.3541666666667,5.59973282782934,438.4890624983236,490.55312500102445,623.6375000001863,6.083334868509876,6.195533580991768,6.435569270077633,436.87499999813735,494.1041666660458,633.7500000012418,6.079647112983811,6.202746358655747,6.4516545549073525,443.33124999888247,479.90000000596035,593.2999999970199,6.094317233286008,6.17357774887662,6.385700173259575,463.01249999832356,552.7187499990687,673.2656250018625,6.137754051558351,6.314849282633382,6.512139939743027,413.9656249983237,428.38750000298023,574.0093749985099,6.025782938973001,6.060028159816853,6.3526457289362055,42.777096079588496,0.1905431057917314,45.17713271043619,0.21244150387601118,35.36964762978982,0.16908781478870205,40.45856911658713,0.548041000882324,44.93350016822062,0.17238009264405302,44.47081163846736,29.416809234354186,43.649557848466074,24.577807474224404,53.591135394334934,45.01180106681527,46.53218691013703,20.527635055693064,43.50799372413058,41.40143850234632,0.14583333333333337,-0.05208333333333337,0.006944444444444531,-0.05208333333333326,-2.86936394777986,-17.84404184842998,9.807485080646373,-4.47493105163349,0.05466421681130912,-0.7202074591831984,0.04335368908730913,0.375660908238271,-5.706321678204624,-8.806557828936995,-9.94157754586886,3.0241931860064497,-1.7194926399276724,3.001051668633135,-20.43399359259087,-20.87380344665326,-98.16805555319615,83.5541666643694,16.06597222118745,90.87812499981362,-0.15798065931021732,0.13991716592709924,0.03128709797681939,0.17604282228316315,-51.14374999701994,158.68020833159483,12.79375000691249,92.24895833401627,1.0501128049163482,-0.1988072143502575,-0.2344502768715726,True,False,False,A,62,66,74,84,77,12,22,10,1,1,1,1,1,1,6,True,True,True,True,True
10370100,A,1.0,0.8586387434554974,0.8842105263157894,0.8333333333333334,0.11578947368421053,0.16666666666666666,0.9947643979057592,1.0,0.9791666666666666,1.0,0.9895833333333334,524.846073297774,6.263105025883417,260.65340314048746,5.563191567489854,525.5531468533136,6.264451320984885,242.7454545437456,5.492013382150584,522.7395833302289,6.2590834114344105,314.00416666828096,5.749406255464419,547.6631578944231,6.305660422582518,290.49263157781803,5.671578211350031,502.26666666567326,6.219131187147799,231.12499999937913,5.442958689704603,503.0484374975786,486.3428571418164,584.5453125014901,6.220686462675347,6.186913842545353,6.370834301434259,499.014583333085,486.03404255179646,590.787500002111,6.212635320440876,6.186278667850233,6.381456392684769,515.1499999910595,487.2499999999999,565.8187499996275,6.244458120373722,6.18877733838767,6.338273797236072,510.37499999720603,549.4129032252297,583.2562500024214,6.235145749634266,6.308850259416014,6.368626626664822,495.72187499795115,425.2437499985098,585.8343750005588,6.206015033562536,6.052662533927542,6.373037113109967,43.39369310177425,0.28429565584285044,44.88124782501387,0.2783077861549635,48.994246613562964,0.001698615476541876,50.97508954720229,0.22482079961362206,40.23099425515113,0.8659031627389857,59.99990002101213,7.4436456778371305,0.0,39.247,59.99990002101213,7.4436456778371305,0.0,39.247,59.99990002101213,7.4436456778371305,0.0,0.8958333333333334,0.9375,0.8541666666666666,0.0625,0.14583333333333334,0.9791666666666666,0.9722222222222222,1.0,0.9791666666666666,0.9791666666666666,485.63749999987584,6.185462460816128,198.0088541661389,5.288311747705517,474.22499999900657,6.161681892610692,200.91527777786055,5.3028833156087325,519.8750000024835,6.253588398067853,189.2895833309739,5.243278029395218,513.7708333342647,6.241777316490473,203.14270833383003,5.313908728773716,457.504166665487,6.125785992139648,192.87499999844772,5.262042310675277,457.4640624984167,493.18593749916187,506.2625000020489,6.125698329714184,6.20088625810827,6.227055309477994,445.4645833304773,481.31041666616994,495.9000000003726,6.099117745053654,6.176512418846875,6.2063742934958395,493.4625000022351,528.8124999981375,537.3500000070779,6.201446868148898,6.270633926681198,6.286649651300334,472.79999999888236,546.9031249992549,521.6093750046566,6.1586724660895245,6.304271684359541,6.256918984002793,442.1281249979511,439.4687499990687,490.9156249994413,6.091599715632871,6.085566611068402,6.196272269849462,45.73775144533913,0.10166954773021913,43.276946279001145,0.24377006413232244,48.253975644964534,0.1569392957294436,41.64695165234975,0.0995523542220913,42.2092251890637,0.8110278707667429,-4673.502290396725,978.37692607439,-4673.494511228703,978.3761166383707,0.0,39.247,50.0,11.906956677824875,-10.010417611624083,11.520515324751607,0.02083333333333337,0.01041666666666663,-0.02777777777777779,0.0,-4.112998788549092,10.744095292051156,-4.977029365963389,-0.5622735367139526,0.2766091706784216,-0.6410823631253637,0.08683076840287884,-0.7114755165446516,-59.99990002101213,-59.99990002101213,-4673.494511228703,60.010417611624085,31.803354322162868,31.803354322162868,939.1291166383708,0.386441353073268,2.8135635230846674,45.396491228749824,-45.65000000347692,56.2666666687777,0.005367909550474614,0.08652923543471935,-0.09190650545716128,0.1159913243508246,-71.25871212453535,59.3676315784389,11.625694446886655,10.26770833538231,0.1203832238712472,-0.8205552326857636,-1.3360155561494202,True,False,False,A,1,3,2,1,3,1,0,-1,1,1,1,1,1,1,6,True,True,True,True,True
10370108,A,0.0,0.8958333333333334,0.8229166666666666,0.96875,0.17708333333333334,0.03125,0.578125,0.6388888888888888,0.3958333333333333,0.5520833333333334,0.6041666666666666,698.2510416666943,6.548578696649013,539.3739583333567,6.2904091305882845,697.9027777777972,6.548079806209764,526.8937500000336,6.266998915311587,699.2958333333859,6.550073876352854,576.8145833333257,6.3575208688226335,766.944791666688,6.642414819202532,592.523958333346,6.38439130819742,629.5572916667005,6.4450168607278675,486.2239583333673,6.1866693373717245,636.3000000000466,748.1953125000146,710.2578125000218,6.45567015023882,6.617664056858353,6.565628020321844,630.8708333333585,753.981250000002,708.8562500000311,6.447101140055075,6.625367500324755,6.563652755622931,652.5875000001108,730.8375000000524,714.4624999999942,6.480945229823327,6.594191136816324,6.571530511737843,697.8656250000497,860.4218749999854,742.546875000029,6.548026569902534,6.7574228212916605,6.610085999997327,574.7343750000434,635.9687500000437,677.9687500000146,6.3539079775409,6.45514942691289,6.519101195432746,58.104960963388386,0.15817866812879455,56.643736550741224,0.17100703298248698,60.68217066108439,0.9627532676810124,56.9356843732214,0.16996582113078518,59.39581324520361,0.15597129530210385,67.54224921304404,52.53533820898861,68.44493436045994,47.54323900796547,63.27671923259784,71.4258174025162,66.86545679347259,56.25986980646936,67.82083112761417,49.946069736045175,0.0,0.9322916666666666,0.8854166666666666,0.9791666666666666,0.11458333333333333,0.020833333333333332,0.71875,0.7291666666666666,0.6875,0.6979166666666666,0.7395833333333334,568.2510416666773,6.342563295844351,444.1104166666676,6.096073217701129,552.703472222221,6.314821641110457,447.6993055555536,6.104121814107797,614.8937500000465,6.421449488653493,433.3437500000097,6.07153129295416,606.7718750000058,6.408152896696844,476.77604166665697,6.167046866306311,529.730208333349,6.2723678360604005,411.4447916666783,6.019674847487408,508.9125000000276,562.0531250000278,633.7874999999767,6.232276096075653,6.331596373895957,6.45171372475242,502.6166666666686,535.9875000000176,619.5062499999767,6.2198277854563555,6.284110839903376,6.428922789799543,527.8000000001048,640.2500000000582,676.6312499999767,6.268717424069422,6.4618587250797255,6.517126442096431,527.7500000000437,573.628125000003,718.9374999999708,6.268622686728513,6.351981320510144,6.5777744276561885,490.07500000001164,550.4781250000524,548.6374999999825,6.194558440616512,6.310787218770222,6.30743793198212,55.340618179339906,0.1738115348883243,51.57598986160978,0.20457677428851606,61.28154026767559,0.8572592623527169,58.512381484319704,0.8009798284704353,56.9356843732214,0.16996582113078518,63.36110694974111,47.49009198849202,62.18401690254052,43.36379219894187,69.47333049727902,61.270022662019265,62.71917384827706,42.075084265372254,65.14290432492959,57.46514375142398,0.24305555555555552,-0.05208333333333326,0.04166666666666663,-0.04166666666666674,-4.038434110343168,-2.4601288719822136,-9.70555040606581,1.576697111098305,-0.7917462346985255,0.013994525828681326,-0.6526824880642008,0.6310140073396501,5.168215127862098,-0.955374334141581,-7.289313594738502,-2.42373047665253,-23.882578394550734,6.313800070424186,-17.906230463077392,-15.390059486051726,-1.3930555555887167,137.38749999998754,-62.190277777825486,77.04166666665685,-0.001994070143089388,0.19739795847466457,-0.10662784754303534,0.1357850606364437,-49.92083333329208,106.29999999997864,14.355555555543901,65.33124999997864,0.3265964338047387,-0.034833727252393,0.2354125006681695,True,True,True,A,42,38,46,54,44,4,12,8,1,1,1,1,1,1,6,True,True,True,True,True
10370132,A,1.0,0.900523560209424,0.8526315789473684,0.9479166666666666,0.14736842105263157,0.052083333333333336,0.7905759162303665,0.7762237762237763,0.8333333333333334,0.7578947368421053,0.8229166666666666,919.8675392663291,6.824229680618768,283.2612565447679,5.646369639788443,945.251748251123,6.851451292281231,302.19090909078403,5.711058966959893,844.2437499991307,6.738441256216813,226.8666666680947,5.42436247340499,1013.5757894730882,6.9212397430400205,414.00210526287555,6.025871058988413,827.1354166658906,6.717968426075973,153.88229166747382,5.036187970335417,760.1328125,824.0187499991152,1179.5079365067538,6.633493171302273,6.714193284503879,7.072852627529419,763.2729166671634,823.9687499987582,1254.965957445667,6.637615656276805,6.714132604431521,7.134863725656679,750.7124999985099,824.1687500001863,957.8499999986961,6.62102275556396,6.7143753026316535,6.864691189509749,779.6500000008381,950.5218749986963,1320.1354838696218,6.65884510103197,6.857011175865341,7.185489649608533,740.6156249991619,697.5156249995343,1043.2749999989755,6.6074817660144,6.547524914877637,6.950120082758923,54.278796836811495,0.11922939918319536,53.42591195780216,0.14436626743191183,57.8357951233256,0.07696235500789572,53.78050150601809,0.09735029065444667,53.94041040133727,0.18284537219030755,53.649580722016815,44.376928045931,51.41759358683748,41.640930668640344,60.0000000092979,29.179141552811103,58.52378368015961,49.84645003291132,49.65509770019919,15.752455199757039,0.0,0.9322916666666666,0.8958333333333334,0.96875,0.10416666666666667,0.03125,0.875,0.8888888888888888,0.8333333333333334,0.8541666666666666,0.8958333333333334,765.3203124993792,6.640294455341836,147.26874999950334,4.992259148887174,742.8055555551416,6.610434308657827,127.93333333254694,4.851509294899343,832.8645833320916,6.7248710639242155,205.27500000037256,5.324350543596667,803.3843749991307,6.688833273141496,154.64166666660464,5.041110612561892,727.2562499996275,6.589278891356433,139.89583333240205,4.94089809804279,614.7296874993481,671.4156249987427,1009.8156250000466,6.4211826386624,6.509388356540172,6.917523043666212,621.8104166664804,660.7812499990687,945.8249999998758,6.432635249923188,6.493422847105453,6.852057562509916,593.4874999979511,703.3187499977649,1201.7875000005588,6.3860161523248955,6.555810202986703,7.091565310781132,601.7718749991618,714.7687499984168,1093.6124999998137,6.399878428306835,6.571959063804711,6.997241715483236,627.6874999995343,628.0624999990688,926.0187500002794,6.4420424311528155,6.442639683807695,6.830894482821615,57.062149369030074,0.3237451508302055,55.20258392722343,0.23957304122686185,59.558048025427304,0.9997025133827981,57.465559314984816,0.7677868664188401,55.80735949056384,0.1645136246863228,62.936372505478175,30.73819321795833,65.70467940156223,29.112465444906565,57.25852403279139,29.582722867387304,66.148835527561,48.03315921425958,67.51385116489013,11.202089839233487,-0.05710955710955712,-0.06502192982456134,0.05555555555555547,-0.04166666666666674,-4.409883165523446,-0.15990889531917674,-4.355464098203875,1.6581998244209757,0.06740391242401611,-0.08549508153586088,-0.7601294721559363,0.6032732417325173,-8.582406422460423,8.868685979960418,8.446155368770839,-1.3650156373291225,12.46178911582924,34.093994833154284,-0.47025742248073854,36.83106937502609,101.00799825199226,186.4403728071976,-90.05902777694996,76.12812499950326,0.11301003606441817,0.20327131696404788,-0.11443675526638852,0.0995543817850626,75.32424242268934,260.11981359540175,-77.34166666782562,14.745833334202587,-1.205827041383895,-0.526966985100309,-1.3187381739786763,False,False,False,A,0,0,0,0,0,0,0,0,1,1,1,1,1,1,6,True,True,True,True,True
10370470,A,2.0,0.9263157894736842,0.925531914893617,0.9270833333333334,0.07446808510638298,0.07291666666666667,0.9947368421052631,0.9929577464788732,1.0,0.9893617021276596,1.0,629.0421052631579,6.444198194465079,376.6678947367931,5.931363883396129,623.9605633802712,6.436087166661138,368.3387323943111,5.909002983260417,644.0750000000309,6.4678151789508345,401.3083333333021,5.994730042901526,688.6202127659554,6.53468990389499,461.42234042547034,6.134313763348322,570.7052083333352,6.346872803720285,293.6791666666298,5.682487901628812,585.3333333333186,640.093650793627,661.1890625000378,6.372181485526927,6.461614495013663,6.494039823916581,568.2170212765601,632.5999999999644,670.0833333333723,6.342503425459539,6.449838310871492,6.507402082760207,635.6125000000466,662.1062500000111,634.5062500000349,6.454589100926143,6.495426041547947,6.4528471373817915,640.690322580567,709.4225806452392,714.8999999999941,6.462546224083527,6.5644513724577465,6.572142672772798,531.7062500000466,572.9312499998778,607.4781250000817,6.276091175190213,6.350765726968051,6.409316166336073,49.999990180522175,0.19502553775309517,46.997908895413644,0.2414485781071498,53.07137550031882,0.17762134453243766,48.579778086500134,0.13223983275009216,47.7634525956016,0.9999997219425163,80.00066373527429,7.449343778699647,80.00066358233641,7.453878285194973,0.0,39.247,80.00066375614881,7.448705388221873,0.0,39.247,1.0,0.9267015706806283,0.875,0.9789473684210527,0.125,0.021052631578947368,1.0,1.0,1.0,1.0,1.0,720.492146596844,6.579934515445188,298.88848167538873,5.7000705328343875,729.7741258741337,6.5927350696524645,296.35454545454024,5.6915565262452565,692.8395833332519,6.540798490912331,306.43749999999994,5.725013819411452,767.4378947368576,6.643057557277609,316.6915789473998,5.757928363192336,674.0354166666219,6.513282656514881,281.27083333329443,5.639318024849217,680.1187500000233,681.2984374999505,801.3222222222041,6.522267415276674,6.524000444367262,6.686263141111579,697.8750000000776,685.0104166666279,808.0680851063665,6.548040003630636,6.529434044959198,6.694646318716608,626.8499999998603,670.1624999999183,781.5062499999772,6.4407072775618115,6.507520220290903,6.661223147270341,719.2500000000582,725.9468750000235,860.0096774193187,6.578209002431739,6.5874768372162835,6.7569436419974025,640.9874999999884,636.6499999998775,744.4687499999998,6.463009955950478,6.456220054019252,6.612670876763594,56.46356715679579,0.2448182547049474,56.02398646031257,0.23047032726476402,59.14820544339099,0.8137274198182198,50.69219575223597,0.07628571631565845,54.90872986555256,0.2336292206081491,0.0,39.247,0.0,39.247,0.0,39.247,0.0,39.247,0.0,39.247,-0.007042253521126751,-0.010638297872340385,0.0,0.0,-6.073466604905178,0.8163254908985351,-3.1242189830784213,-4.216534113316591,0.06382723357471215,-0.8677598891924241,-0.5832570925534558,-0.15734350429249067,80.00066358233641,80.00066375614881,0.0,0.0,-31.793121714805025,-31.798294611778125,0.0,0.0,-20.11443661975966,117.91500443262021,36.93454254088181,93.4024780702357,-0.03172801228969657,0.18781710017470488,0.05193657874013358,0.1297749007627278,-32.96960093899099,167.74317375884056,-10.0829545454597,35.420745614105385,0.2433462106087853,-0.0469246005361845,1.0426883139125045,True,True,True,A,70,83,75,94,97,5,24,19,1,1,1,1,1,1,6,True,True,True,True,True
10370626,A,2.0,0.9631578947368421,0.9361702127659575,0.9895833333333334,0.06382978723404255,0.010416666666666666,0.8157894736842105,0.8309859154929577,0.7708333333333334,0.9361702127659575,0.6979166666666666,740.4421052631579,6.607247447347069,529.2105263157895,6.271386323040312,723.7464788732394,6.584441163760675,508.86619718309856,6.232185108089583,789.8333333333334,6.671821952739533,589.3958333333334,6.379098000942559,680.1808510638298,6.522358720256548,491.1063829787234,6.196660770270292,799.4479166666666,6.6839213852697705,566.5208333333334,6.33951385531407,547.4285714285714,700.8253968253969,969.4375,6.305231990035438,6.552258778727804,6.87671600638497,539.936170212766,717.2340425531914,910.1041666666666,6.291450929262066,6.5754022065180475,6.813559061824304,569.4375,652.625,1147.4375,6.344649031474077,6.481002691730716,7.045286474220425,476.1290322580645,645.7096774193549,911.25,6.1656888936693175,6.47034998700556,6.814817283322868,616.5,754.21875,1027.625,6.424058322604399,6.625682445294867,6.935005593472297,53.107096870149846,0.2596032854096708,55.334017348906265,0.5786906154272742,50.04584850218125,0.08404732341507909,52.97881171654815,0.2090122354164488,57.66004450913007,0.9567018712790503,64.35874123470252,33.921560038505426,67.04793283290516,30.765867330029874,57.78654110594907,34.69916239094148,60.238094592323,28.605583467171833,65.16283058253373,34.603770306160975,0.0,0.8958333333333334,0.7916666666666666,1.0,0.20833333333333334,0.0,0.71875,0.7152777777777778,0.7291666666666666,0.7395833333333334,0.6979166666666666,698.4166666666666,6.548815868310906,481.1770833333333,6.1762353589708985,689.2291666666666,6.535573823355927,487.05555555555554,6.1883781936924205,725.9791666666666,6.587521318361633,463.5416666666667,6.138896276686495,716.90625,6.5749450789126085,494.6666666666667,6.203884135059216,679.9270833333334,6.521985562028406,467.6875,6.147800337840577,546.859375,653.203125,895.1875,6.3041916852751365,6.481888145224486,6.797033193540084,529.7708333333334,655.8541666666666,882.0625,6.272444523101576,6.485938457319675,6.7822629151742255,598.125,645.25,934.5625,6.393799762207219,6.469637838598723,6.840078505344063,547.4375,662.9375,940.34375,6.305248299923308,6.496680717265689,6.846245499904575,546.28125,643.46875,850.03125,6.303133953011457,6.46687346330842,6.74527311351444,60.46194765003135,0.7676506813837216,59.9438749127403,0.8133790747896945,57.238009175159405,0.9475214165437187,61.35498417256841,0.3771588020466767,58.105492677751144,0.15626923200749848,66.86345063429992,25.787883717444956,67.4568875350654,24.471134266414136,65.00996845244228,28.185098617724677,64.315308219858,27.582414620637124,69.46488995885076,14.362760769434546,0.06015258215962438,0.23825354609929084,-0.01388888888888884,0.04166666666666674,5.288168846725014,-4.681232792581916,2.7058657375808934,3.2494914948172635,0.4946432920121951,-0.7476896358626015,-0.13414234175402417,0.2208895700391782,9.261391726956091,-4.924735990210728,2.4469190826231255,-5.149581738992765,-3.9332950609116075,-5.998186838989142,-3.7139643513105405,13.219653851202578,-66.08685446009395,-119.26706560283685,-36.75,36.97916666666663,-0.08738078897885782,-0.16156266501322225,-0.051947495005705946,0.05295951688420253,-80.52963615023481,-75.41445035460998,23.513888888888857,26.979166666666686,0.3506978936511582,-0.2372497177760251,-0.3799769840767966,True,False,False,A,29,17,31,34,44,2,5,3,1,1,1,1,1,1,6,True,True,True,True,True
10370698,A,1.0,0.8167539267015707,0.8105263157894737,0.8229166666666666,0.18947368421052632,0.17708333333333334,0.612565445026178,0.6180555555555556,0.5957446808510638,0.4421052631578947,0.78125,613.7277486867306,6.419551423765942,427.6790575909365,6.058373048850341,615.0312499979304,6.421673079520346,439.9993055529064,6.086773148622212,609.734042541778,6.413022866260388,389.9319148989433,5.965972146701126,656.754736840725,6.487310641087374,478.0094736858417,6.169630551721501,571.1489583260069,6.347650048359694,377.87291666368645,5.934557939789515,592.3828124981374,607.1650793618626,641.5328124919906,6.384153068634021,6.408800713495229,6.4638603323843675,568.6062499992548,602.6895833363135,673.7979166582228,6.343188191065132,6.4014022770084855,6.512930239038647,663.7124999947847,621.4866666436195,544.7374999932946,6.497849073777124,6.432114457210772,6.300304027243505,623.6031249966474,647.9387096801112,698.4468749966472,6.435514148390833,6.473796108051953,6.548859119965894,561.1624999996272,567.6656249910592,584.6187499873341,6.330010524897364,6.341532556980081,6.370959925353599,44.774250740353075,0.07617463846020311,37.66426272599386,0.14987336581065236,61.67748462292455,0.8750979717531819,36.11706681998828,0.07142217103898751,49.99997060400952,0.1922374391110273,85.83982498066375,94.19057629146701,90.20922397800582,99.15549297728558,76.85767187069997,80.02620834586162,98.7571291259545,112.86086759162401,72.27415938373031,72.54306809349565,0.0,0.875,0.875,0.875,0.125,0.125,0.9010416666666666,0.9027777777777778,0.8958333333333334,0.875,0.9270833333333334,484.64895832973224,6.1834248316115,154.31927082842833,5.039023643524286,480.6076388851636,6.175051217652048,157.72777777372136,5.060870621601056,496.772916663438,6.2081330135604516,144.0937499925494,4.970464129355272,494.6312499971439,6.203812535455212,180.86562499031416,5.197754352179544,474.6666666623205,6.162612803294655,127.77291666654249,4.8502545998181725,426.17343749757856,474.42031249776477,553.3531249938533,6.054846393690333,6.162093664005005,6.315996360103998,412.24999999751645,438.3749999962747,591.1979166616997,6.021629961433684,6.083074708451845,6.382150845713202,467.9437499977648,582.556250002235,439.8187499903142,6.148348096381504,6.367425747305051,6.0863627102048845,447.82500000298023,469.6468749959022,566.4218749925493,6.10440253110782,6.151981082518466,6.339339162736399,404.5218749921769,479.19374999962736,540.2843749951571,6.0027058141269976,6.172105004144456,6.292095621303883,50.94791318165942,0.1014194381743922,49.084379149443315,0.12407844880951929,62.14865269627693,0.5120820562993129,54.59369311295071,0.1065394930057017,47.63871354073041,0.10185933175656764,56.899384946135946,45.56330123581313,55.93429156377949,36.207233769248255,60.67355332374909,70.3367902734905,61.3128728271994,51.836021686284475,53.29732289396534,23.226974778988563,0.02231087470449178,-0.3391447368421053,0.00694444444444442,-0.05208333333333337,-24.013221896930695,-13.882903784021238,-13.064273546833618,6.954979572220303,-0.7252246059425296,-0.1208152680720398,-0.3880036074897936,0.004680161249134063,13.35155210730585,26.4829697422242,-4.739261759969601,8.015549933234063,19.129284631423957,40.317799498128366,-34.12955650424224,28.609046907295912,5.297207456152478,85.60577851471805,-16.1652777782744,19.96458333482343,0.008650213259958406,0.1396605927276804,-0.03308179590840332,0.041199732160556835,50.06739065396306,100.13655702215527,13.634027781171966,53.092708323771674,-1.3533843610423428,-0.8550228162386643,-0.6676335236267138,False,False,False,A,0,0,0,3,0,0,3,3,1,1,1,1,1,1,6,True,True,True,True,True
10371655,A,0.0,0.921875,0.84375,1.0,0.15625,0.0,0.609375,0.6458333333333334,0.5,0.6666666666666666,0.5520833333333334,849.4239583331315,6.744558423665904,499.3020833329453,6.21321129000526,816.1784722220359,6.704633047007636,491.41597222205667,6.1972909630632405,949.1604166664183,6.855577821907845,522.9604166656112,6.259505776048862,849.2625000001086,6.744368325802091,595.1270833328987,6.388774968172951,849.5854166661544,6.744748485399388,403.47708333299187,6.000119691383348,781.2515625001397,811.4593749991618,955.5609375000931,6.66089720104879,6.698834324086194,6.8622985371570575,746.3958333333334,749.7479166660147,952.3916666667598,6.6152560671667135,6.619737038920376,6.858976364749522,885.8187500005588,996.5937499986031,965.0687500000931,6.786512358572094,6.904343214503741,6.872199342324699,772.0812500007451,820.3312499995809,955.375,6.649089790601747,6.709708222101169,6.8621039335630485,790.4218749995343,802.5874999987428,955.7468750001863,6.672566821910423,6.687840883326714,6.862493102887877,58.912339970831404,0.25737550001717724,58.63341342659504,0.5072108838080746,56.88291583466828,0.9045078430635234,50.69219575223597,0.07628571631565845,59.999999999999964,0.9991622278358729,62.74347784069535,45.98445779928918,62.68696094772259,43.45708309650958,63.06710838232869,51.5492045312159,63.81599254414591,41.577951807102394,61.58388806379803,49.24732303739039,0.0,0.8802083333333334,0.7604166666666666,1.0,0.23958333333333334,0.0,0.4791666666666667,0.4861111111111111,0.4583333333333333,0.4791666666666667,0.4791666666666667,663.2187500001164,6.49710487543609,275.94166666645714,5.620189490721265,671.0937500001552,6.508908844052961,283.44513888864054,5.647018590821315,639.59375,6.4608332091797225,253.43124999990687,5.535092583092825,717.6312500002483,6.575955857734318,297.4281249999379,5.695172599157651,608.8062499999845,6.411500072591995,254.45520833297635,5.539124821809345,577.967187499511,706.2500000001164,705.4390625007218,6.3595170980289675,6.559969282460815,6.558820392651954,591.9208333329298,712.0791666667598,709.2812500007761,6.38337289846353,6.568189094369629,6.564252133346837,536.1062499992549,688.7625000001863,693.9125000005588,6.284332369036855,6.534896509123033,6.542345871867129,603.6999999997206,752.1468750000931,797.0468750009313,6.403077385801918,6.622931617378961,6.680913491365529,552.2343749993015,660.3531250001397,613.8312500005122,6.313972548553292,6.4927747298177385,6.4197200532397805,50.694520254797695,0.04957763066652021,59.567283277317415,0.18348900829179482,57.806676836304455,0.13282971985875464,58.105492677751144,0.15626923200749848,65.64593454195577,0.14482567998658846,62.35462212320268,54.882607543708,62.11425046149861,54.05542785779682,63.192518306551726,57.37224790699613,59.56159964295838,55.22525303006134,65.20951207654143,53.88880647038234,0.14583333333333337,0.11458333333333326,0.02777777777777779,0.0,1.7504975919267594,-9.307804247763997,1.7606064410129605,-7.540441864204624,-0.39729695925544883,-0.9228765115202144,0.050659288433040184,0.01144355202091002,-0.38014743460610134,2.2321044803478785,-1.0782678450531193,-5.647912433583052,-8.092121434706321,-7.669371230287993,-3.3168200491993076,1.336446559678997,-132.9819444443824,-0.32291666604578495,31.500000000155183,108.8250000002638,-0.15094477490020886,-0.0003801595972969807,0.04807563487323829,0.16445578514232295,-31.54444444355454,191.6499999999068,30.013888888733675,42.97291666696154,-0.8084113915747579,-0.890864880124601,-0.8699884062500625,False,False,False,A,6,9,10,9,11,4,3,-1,1,1,1,1,1,1,6,True,True,True,True,True
10391960,A,0.0,0.9270833333333334,0.9895833333333334,0.8645833333333334,0.010416666666666666,0.13541666666666666,0.8125,0.8125,0.8125,0.875,0.75,851.8364583260069,6.747394558082907,310.08593749999994,5.736849476803389,854.9729166585538,6.7510697920123075,321.9895833349889,5.7745191951298,842.4270833283664,6.736287110502825,274.37499999503297,5.614495783811333,810.0249999923011,6.697065111378222,342.77083333457495,5.837062099482382,893.6479166597128,6.795311868362717,277.4010416654249,5.62546426297615,616.5171874891968,784.3859374914318,1154.6062499973923,6.424086201354788,6.664901166435113,7.051514655740012,605.3666666547458,776.3624999895691,1183.1895833313465,6.405834335036651,6.654619550269504,7.0759691075472775,649.9687499925498,808.4562499970197,1068.8562499955297,6.476924284799411,6.695126564995226,6.974344430510102,594.7031249850991,730.4437499977648,1104.9281249940393,6.38806233142398,6.593652226169496,7.007535566582056,638.3312499932946,838.3281249850986,1204.284375000745,6.458857349223234,6.731409581104998,7.093640789840944,42.777096079588496,0.1905431057917314,42.987074475413436,0.1729034051254757,47.21399995437746,0.1541645024154379,49.27775195756029,0.0897419543229403,46.27714835909,0.19148785089013803,46.6494274866559,26.45477209462901,46.28932535692392,27.8504558096199,49.000611061731426,14.730040837350126,49.14190333187574,11.717451392892842,46.696828877662064,30.58336970348616,0.0,0.9583333333333334,0.9791666666666666,0.9375,0.020833333333333332,0.0625,0.65625,0.6388888888888888,0.7083333333333334,0.6354166666666666,0.6770833333333334,841.9739583302289,6.735749085415138,438.2421875018625,6.082771697063698,839.6999999955298,6.733044685184194,416.5993055560522,6.0321248618932986,848.7958333343263,6.743818678397911,503.17083333929355,6.220929741344054,893.5031249995033,6.795149832074624,527.8687499997515,6.2688476732593195,790.4447916609546,6.672595814439528,348.61562500397355,5.853969954238562,688.9140624925494,735.5343750007452,1101.473437497392,6.535116535357203,6.600597275864034,7.004404051105867,665.8458333238958,732.2250000014902,1121.0291666612031,6.501058162248761,6.59608784378188,7.022002441164733,758.1187499985101,745.4624999985097,1042.806250005959,6.630840035639284,6.61400483112675,6.949670675526195,734.1749999932945,765.1593750007451,1181.1750000044703,6.59874741980647,6.640084145462468,7.0742649847325385,643.6531249918045,705.9093750007451,1021.7718749903139,6.4671599552042505,6.559486865232269,6.929293531552439,45.20030983173976,0.2782584228325017,41.645214702843994,0.968034594697663,47.21399995437746,0.1541645024154379,40.7621972649071,0.9940479388971251,49.99999959741909,0.27081257813477067,56.74021845305327,55.08860064319538,58.97833304190395,61.23321966775369,53.74255486729961,35.84354783172201,48.22332203558777,37.3744133065759,68.02528645123621,70.64147536607967,0.0,0.125,-0.06944444444444453,-0.04166666666666674,-4.226925478964027,3.000603598470292,-5.56878525153347,-9.23780233251199,0.018738902710037808,-0.10174589656719774,0.8138700922822251,0.7232353607623544,-2.7112857048075085,2.4450744542136746,5.2357781746043415,-19.801964415648442,13.120414972269772,-18.865918310593315,25.389671836031674,-33.26706205950377,12.545833330187406,-83.62291666741169,-9.095833338796524,103.05833333854866,0.01478268150948292,-0.09824675698449514,-0.01077399321371697,0.1225540176350961,47.614583339955914,65.36979166915006,-86.57152778324138,179.2531249957779,0.8905034414284287,-0.3922410020739735,-0.2718337915041988,True,False,False,A,60,60,63,57,52,3,-3,-6,1,1,1,1,1,1,6,True,True,True,True,True
10392073,A,0.0,0.921875,0.8958333333333334,0.9479166666666666,0.10416666666666667,0.052083333333333336,0.9791666666666666,0.9791666666666666,0.9791666666666666,0.96875,0.9895833333333334,438.2843750019868,6.082867957695061,322.67812500645715,5.776655309361601,432.63402776585684,6.0698921691538095,332.0694444411331,5.805344117046906,455.23541671037674,6.120814684509517,294.5041667024295,5.6852931513869,462.28333334128064,6.136177978735567,387.0093750109275,5.958448917570803,414.285416662693,6.0265551485185975,258.3468750019868,5.55430315867392,406.50000000000006,429.69531248509895,478.6578125208616,6.007583928987866,6.063076381913207,6.170985963249887,395.1437499821186,429.16458331545203,473.59374999999994,5.9792496227022065,6.061840489447402,6.160349886692177,440.5687500536442,431.2874999940395,493.8500000834465,6.088066505964649,6.066774921072989,6.202231827523108,416.1968750357628,472.8093750178815,497.8437499701977,6.031158405607854,6.158692294613325,6.210286272713305,396.8031249642373,386.5812499523163,459.4718750715256,5.9834402507936115,5.957342065733398,6.1300777322435325,59.22794186664293,0.9191876468904996,58.849485818625254,0.8879881856217218,60.09130862199281,0.9528808812081317,58.688193236391726,0.5031177053386394,59.185993342949935,0.9307958534559777,8.342006110807773,12.937249394908857,-10.010417611624083,11.520515324751607,19.99996929979131,7.43994809280912,-10.01041764837608,11.520515392062967,19.99996929979131,7.43994809280912,0.0,0.9375,0.9583333333333334,0.9166666666666666,0.041666666666666664,0.08333333333333333,0.9739583333333334,0.9791666666666666,0.9583333333333334,0.9583333333333334,0.9895833333333334,390.3307291716337,5.966994403271913,270.3984375273188,5.599896565776814,383.2763888968362,5.948756370950532,266.74236114488707,5.586283253014137,411.49374999602634,6.019793831656766,281.36666667461407,5.63965868234981,390.6364583472411,5.967777353429389,277.3229166915019,5.6251825914411,390.02499999602634,5.966210839623125,263.4739583631357,5.573954533356016,368.40468752384186,358.47968751192093,444.1078124791385,5.9091820283062875,5.8818719987745425,6.096067353854963,350.60000002384186,353.1625000139077,446.06666665275907,5.859645972555137,5.866928290992094,6.100468417649428,421.81875002384174,374.4312500059605,438.23124995827675,6.044575719460303,5.925408208016531,6.082746738991681,354.86250002682203,388.1031250208615,428.94374999403976,5.871730390578045,5.961271090444637,6.061325791436171,381.9468750208616,328.85625000298023,459.2718749642372,5.9452815283093425,5.795620725201483,6.1296423548917085,47.03205842986041,0.18812435114518994,50.03030303229709,0.20972945076033306,49.27775195756029,0.0897419543229403,45.94548867036701,0.2400941354544276,47.78394845434561,0.16012583301862982,40.00000262096362,9.573960019430324,-8119.09542287469,2257.495311534166,39.99993336077985,7.439848718813114,40.09239500743261,9.148107767160841,-10.010417749092236,11.5205155775576,0.0,-0.02083333333333337,0.02083333333333326,-0.03125,-1.2418228033675547,-0.49780010655820917,0.7525510747368003,-1.8384597839785997,-0.06489269558640998,-0.4276781481173383,0.11998749643739276,0.07996830243579778,-30.010386911415395,-30.01038694816739,-8159.09535623547,50.10281275652484,4.080567231942487,4.080567299253847,2250.0554628153527,-2.3724078103967585,-22.601388944519897,47.997916678587615,-28.217361099190157,0.6114583512147647,-0.050922515355707354,0.10962283021696972,-0.07103746070623362,0.001566513806263714,37.56527773870363,128.6625000089407,-14.624305529726996,13.848958328366223,0.8701691519781156,0.0790168669819022,1.3793766631790907,True,True,True,A,13,23,15,13,19,2,0,-2,1,1,1,1,1,1,6,True,True,True,True,True
10393020,A,0.0,0.9166666666666666,1.0,0.8333333333333334,0.0,0.16666666666666666,0.8958333333333334,0.8958333333333334,0.8958333333333334,0.8645833333333334,0.9270833333333334,529.413541666671,6.271769868737997,104.34947916666475,4.647745642295274,518.1034722222313,6.250174975636215,108.2374999999916,4.684327886773842,563.3437499999903,6.333890010202294,92.68541666668415,4.5292111426846136,514.0760416666502,6.242371195498677,143.9031249999923,4.96914033012724,544.7510416666918,6.300328886015084,64.7958333333372,4.171241300879406,449.12812500001013,514.006249999984,625.1062500000189,6.107308203383337,6.2422354249142815,6.4379216352880695,433.647916666688,486.8479166666705,633.8145833333352,6.072232952937414,6.187951788205731,6.451756456353635,495.56874999997666,595.4812499999243,598.9812500000698,6.205706092883927,6.389369902153433,6.395230295455359,428.70624999998836,516.6249999999854,596.896874999977,6.060771952457277,6.247317272831868,6.39174435977805,469.5500000000319,511.3874999999824,653.315625000061,6.15177478925069,6.237127619852028,6.482060358597374,49.27775195756029,0.0897419543229403,39.7420041393838,0.6475062066833143,40.95653109598081,0.534045770485847,40.95653109598081,0.534045770485847,42.823360601162236,0.1342144374898685,46.95389214605827,18.116155858942516,48.35878433236623,11.460189135254426,53.760658463492454,41.7584455018791,47.15810730042134,21.379608858634214,47.92820094724438,11.324310401058248,0.0,0.8958333333333334,0.9791666666666666,0.8125,0.020833333333333332,0.1875,0.9322916666666666,0.9375,0.9166666666666666,0.9375,0.9270833333333334,546.0744791666777,6.302755375172259,81.90208333331248,4.405524428060678,549.8902777777726,6.309718763375248,72.14444444442051,4.27867028217789,534.6270833333934,6.281569463352,111.17499999998836,4.711105536396656,535.8791666666802,6.2839087003330825,76.80520833332655,4.341272454694358,556.2697916666752,6.3212534133718385,86.9989583332984,4.465896145402427,461.3515625,520.7390625000044,656.132812500029,6.13416036081844,6.255249076559978,6.48636322653153,456.0854166666589,530.254166666651,663.3312500000076,6.122680109224145,6.273356451342539,6.49727448834199,477.1500000000233,492.19375000006403,634.5375000000932,6.167830906863312,6.198872439786257,6.452896387063002,426.4718749999885,520.8406250000407,660.3250000000116,6.055546421029304,6.255444092844526,6.492732138061882,496.2312500000116,520.637499999968,651.9406250000465,6.2070420479122985,6.255054022236661,6.479953491829049,40.02695993565723,0.8166303623637121,39.834174652795745,0.9563887709924603,40.72560572702333,0.860113863986504,40.45856911658713,0.548041000882324,49.9321523840875,0.03521608367490742,45.5252443119122,31.04724205708551,45.16166143158511,31.860424117561966,46.11996659447065,26.647911480579943,50.0,11.906957308193334,40.12502023454049,28.67224236001639,0.0,-0.0625,0.02083333333333337,0.01041666666666663,-1.2145269565970054,-1.8668295051814283,-0.891431074227583,-9.473583267500373,0.11346043619746726,0.3998313329959785,0.09627490700595631,0.5128249172074166,-5.4018741311262275,-0.7700936468230353,-0.9583051628855372,9.874979765459507,-30.298256366624678,10.055298457575965,5.212512636982023,-16.765285051823057,-45.24027777775905,-30.675000000041564,15.26319444437911,-20.390624999994998,-0.08371503456607954,-0.05795769051640676,0.028149300023248003,-0.03734471303875608,15.55208333330745,79.10729166665509,-39.030555555567844,-10.193749999971857,-1.1663519900564816,-0.1720604874448981,-0.820946530738265,False,False,False,A,8,8,1,18,15,-7,10,17,1,1,1,1,1,1,6,True,True,True,True,True
10611650,B,0.0,0.9010416666666666,0.8958333333333334,0.90625,0.10416666666666667,0.09375,0.78125,0.7916666666666666,0.75,0.78125,0.78125,770.6505208437642,6.647234990442451,207.8098958333333,5.336623699443335,783.16597223613,6.6633446431786405,197.2284722212288,5.284362814206983,733.1041666666666,6.597287801839998,239.55416666964683,5.478779556914647,740.0979166726271,6.606782497272594,246.7229166651765,5.508265912067315,801.2031250149012,6.686114504202056,168.8968750014901,5.129288321579179,763.9453125149012,634.1250000037253,913.8812500126662,6.6384962061266375,6.452246095892729,6.8177006396136655,736.5395833502212,694.0687500089407,918.889583349228,6.601962979672613,6.542571019013808,6.823165966442182,846.1625000089409,454.293749988079,898.8562500029805,6.740711421549967,6.118744015215471,6.801123121800821,647.36249999702,688.4156249985099,884.5156250223515,6.4729064158061735,6.534392761637193,6.785040178816733,880.5281250327823,579.8343750089407,943.2468750029807,6.780521869541718,6.362742502430938,6.849328045828575,48.40596377979518,0.124025690126714,48.99394809677735,0.10148420667522223,42.174615746923315,0.8239430794727107,52.484540405546596,0.11328165350896835,45.31803779383091,0.14932262239497235,57.036241561984895,33.82775778572204,55.62142045594315,35.207859428144246,60.100049830270265,30.062804557571052,60.087908309711466,32.002807909044535,53.63929819971772,34.55036157736704,0.0,0.9114583333333334,0.9791666666666666,0.84375,0.020833333333333332,0.15625,0.7864583333333334,0.7916666666666666,0.7708333333333334,0.8229166666666666,0.75,779.4057291907569,6.658531743648386,449.64270834128064,6.108453285930319,795.8916666871971,6.679463079455692,452.81458333962496,6.115482733392478,729.9479167014362,6.592973184612785,440.1270833462477,6.087063510997095,871.1541666934887,6.7698189608380055,524.0041666775942,6.261499635964226,687.6572916880251,6.5332905912826185,375.28125000496703,5.927675744874192,558.7343750372529,722.610937509686,1056.871875025332,6.3256741813976305,6.5828709549257045,6.963068762842164,548.1125000317892,751.2187500000001,1088.343750029802,6.306480557907303,6.621696887646454,6.992412324233802,590.6000000536442,636.7875000387432,962.4562500119212,6.381138969400652,6.456436005001371,6.8694886105957815,611.4406250417233,812.3874999955297,1189.6343750432134,6.415817853179499,6.699977443073244,7.081401291032434,506.02812503278267,632.8343750238421,924.1093750074505,6.226592250811525,6.450208737076412,6.828830435856548,41.58454130683267,0.1721149747542492,41.271714090944364,0.15927655599475593,40.95653109598081,0.534045770485847,41.53016125040733,0.5855384592473866,38.96605027348227,0.17337462417673738,47.42327485629778,27.081479765516338,45.089731220262,24.934407946985406,50.69501375108453,11.736117082475856,46.93195140533174,19.279599083884733,49.249140555966456,30.65437708882783,0.04166666666666663,0.0,0.02083333333333326,0.07291666666666663,6.819332349854037,7.166502611715686,0.31518299496355695,2.5641109769250647,-0.7224588727974885,-0.036040968886004,-0.3747692144910911,0.4121638350706492,-4.478629374327113,6.448610109993744,-5.605282530822528,-2.317189150634718,5.145054870573194,-2.5475536683225073,13.19829086450955,-11.374778004943096,50.06180556946333,-61.10520834227407,65.94374998576097,183.4968750054636,0.06605684133864287,-0.0793320069294623,0.0864898948429067,0.23652836955538703,-42.325694448418034,77.82604166368642,12.687499993377287,148.72291667262715,0.2551582010937103,-0.0916827228787118,0.447153196603699,True,True,True,B,21,36,70,56,44,49,35,-14,1,1,1,1,1,1,6,True,True,True,True,True
10611659,B,0.0,0.890625,0.7916666666666666,0.9895833333333334,0.20833333333333334,0.010416666666666666,0.9375,0.9513888888888888,0.8958333333333334,0.9375,0.9375,426.62499999999955,6.05590540722687,147.9270833333309,4.99671947217716,427.1736111111103,6.057190513994376,137.94444444444164,4.926851027611981,424.9791666666672,6.052040148115075,177.87499999999864,5.181081056410009,438.2500000000009,6.082789523801346,161.33333333333238,5.083472618048516,414.9999999999982,6.028278520230694,134.5208333333294,4.9017190817185465,369.06249999999676,390.82812500000136,519.9843750000006,5.910966006391672,5.968267885337521,6.253798763047098,351.5208333333303,396.91666666666725,533.0833333333335,5.862268979290438,5.983726351012861,6.278677759662138,421.68749999999613,372.56250000000364,480.6875000000018,6.044264518387635,5.920404808980155,6.175217370817276,365.812499999999,427.5000000000036,521.4375000000002,5.902120907051437,6.057954288376823,6.256589420662293,372.31249999999454,354.1562499999991,518.5312500000009,5.919733555388891,5.869738199933219,6.251000295863063,57.523713000291686,0.15293113102080208,58.66093756086793,0.26982259751531823,55.3781220261646,0.10304275355008508,60.34448563704571,0.11736957361742617,56.60993053313674,0.26700512982808083,67.51821883302226,38.77423534467353,68.2978129207392,36.51839008979419,66.2417503379847,41.794145680187334,60.00000000248554,28.273455916816324,73.99951185970062,17.892499630741323,0.0,0.9427083333333334,0.9166666666666666,0.96875,0.08333333333333333,0.03125,0.921875,0.9236111111111112,0.9166666666666666,0.9583333333333334,0.8854166666666666,578.1770833333327,6.35988019429891,229.66145833333653,5.436606304294513,583.0416666666664,6.368258653207767,232.07638888889193,5.447066579923445,563.5833333333313,6.334315207786936,222.4166666666703,5.40455249961654,657.614583333334,6.488619020097858,260.22916666666725,5.5615626530580204,498.7395833333312,6.2120840824387615,199.09375000000577,5.2937758193167905,474.8125000000023,498.35937499999926,761.3593749999964,6.162919989263445,6.2113214533163825,6.635105486864303,439.56250000000153,511.29166666666737,798.2708333333303,6.08577991406824,6.2369402036286035,6.68244793001202,580.5625000000045,459.562499999995,650.6249999999945,6.363997461147747,6.13027494995643,6.477933439369225,493.37500000000085,603.7812500000013,875.6875,6.201269533983013,6.403211963461659,6.77500929213145,456.25000000000364,392.93749999999727,647.0312499999927,6.123040904896709,5.973650566143273,6.47239459317993,53.48502998665995,0.16972218168089787,58.59445943439251,0.9114606877486242,59.31970507317235,0.7508884996139805,51.63814545540965,0.23275349411251428,50.04584850218125,0.08404732341507909,52.135409849599306,14.682209880821867,52.293801787319715,14.250054798715185,51.36728101251482,14.79070773126723,51.29033137179982,11.413034127937143,52.049874453523486,14.385153114861765,0.05555555555555547,0.0,0.006944444444444531,0.07291666666666674,3.2828155347033317,3.734555103908967,-0.7252456387798389,1.5922969532283986,0.16677984396523315,-0.14963555621065466,0.1605721881346437,0.1487061706974352,2.0560625827545067,-13.999511857215076,0.9265207748048923,-0.7595430817236632,-5.275755590393146,10.380956286075001,-0.5406529325520442,-2.972118986924622,2.194444444443093,23.25000000000273,19.458333333335077,158.87500000000284,0.005150365879301511,0.05451100357065197,0.03394344542083072,0.27653493765909687,-39.93055555555699,26.812500000002984,9.659722222221632,61.135416666661484,-0.09363422309886,-0.5599727085493647,-0.7603189589173839,False,False,False,B,0,2,14,16,27,14,16,2,1,1,1,1,1,1,6,True,True,True,True,True
10611671,B,1.0,0.8010471204188482,0.6,1.0,0.4,0.0,0.7015706806282722,0.6993006993006993,0.7083333333333334,0.7052631578947368,0.6979166666666666,623.2319371728763,6.434918740311611,368.1308900522975,5.908438554419915,627.8720279720749,6.442336368588291,376.376923077043,5.930591096259566,609.4083333335972,6.412488541111208,343.5645833327433,5.839375109514426,639.9926315791514,6.461456663129865,382.2231578947683,5.9460046210087265,606.6458333333334,6.407945150153737,354.1854166665192,5.869820551905182,626.4875000002213,624.1603174602819,619.0625000001165,6.440128822022506,6.436407254378254,6.428206236893058,645.7270833334576,618.6574468084788,619.03958333338,6.47037694289629,6.427551721778969,6.428169217866844,568.7687500005122,640.3249999999534,619.131250000326,6.343473936755627,6.4619758599605115,6.4283172857499595,650.6218750001865,638.687096774698,630.6281249999303,6.477928636284018,6.459414658037966,6.446716346496872,602.3531250002561,610.0874999994412,607.4968750003028,6.400843859713443,6.413602389502483,6.40934703116905,63.470890738471624,0.602470101759546,57.157072446790096,0.08261438970240836,65.39949946435475,0.8854024103215248,76.45196257397335,0.1254407066416387,58.29362039759162,0.08821610255385437,66.42350916193364,40.34030336417633,65.9333696172854,42.550605946231805,67.12956483087133,33.01021960493874,67.0553044931479,39.43766658954683,65.98091863015227,40.92459817581453,3.0,0.8677248677248677,0.7419354838709677,0.9895833333333334,0.25806451612903225,0.010416666666666666,0.708994708994709,0.7092198581560284,0.7083333333333334,0.7526881720430108,0.6666666666666666,766.2825396826304,6.641550952492486,554.4238095238961,6.317929393425194,774.4312056738698,6.652128831733475,558.1680851065098,6.324660144810774,742.3458333333643,6.609815217244116,543.4249999999687,6.297891702558871,782.815053763449,6.662896466000593,610.0838709676697,6.413596441105629,750.2666666668374,6.620428698891242,500.5031250002406,6.215613842492507,702.325396825397,730.0483870969545,864.3421875000931,6.554396824871088,6.593110815640228,6.761968740744148,706.4680851063831,738.1652173914986,875.7333333334731,6.560278027864868,6.604167671349118,6.775061630590159,690.15625,706.71250000014,830.1687499999534,6.536918021230901,6.560623935385491,6.721628993378261,703.841935483799,751.4333333334577,888.7406249999767,6.556553807488364,6.621982493792143,6.789805432538581,700.8562500000698,710.0000000002326,839.9437500002095,6.552302801812145,6.565264970035689,6.733334925309687,60.438767434274254,0.1982035756349641,50.62788897744398,0.08217363528399019,57.45731784721407,0.083285022887428,60.059350935358424,0.1323953606909346,57.6382843696647,0.13698643175949177,66.17053762354575,38.79771788440829,68.05968199424322,38.26491091875824,60.34068418211359,36.99403138056352,66.48626619445437,34.462150286549246,66.88839777482389,44.72182503947039,-0.009032634032634101,0.007346491228070184,0.0008865248226950229,0.08602150537634412,-8.242427017564651,18.15834217638173,-6.829428869770091,2.421066565693721,-0.8027880206191165,0.03722460408778433,-0.001111387603437819,-0.004591071068557162,-1.1961952135859377,1.0743858629956264,7.718997812129629,-0.40213158036951313,9.540386341293065,-1.4869315862677013,1.2708795381947198,-10.259674752921143,18.463694638477705,33.346798245818036,32.0853723405055,32.54838709661158,0.02984782747708259,0.05351151297612766,0.042313614489359,0.04246776710935052,32.81233974429966,28.037741228249104,14.743085106541116,109.5807459674291,0.5274348520725707,0.633044193643856,0.856477868111347,True,True,True,B,64,67,57,63,36,-7,-1,6,1,1,1,1,1,1,6,True,True,True,True,True
10611694,B,0.0,0.984375,0.9895833333333334,0.9791666666666666,0.010416666666666666,0.020833333333333332,0.8958333333333334,0.8888888888888888,0.9166666666666666,0.875,0.9166666666666666,748.578125,6.61817557383045,322.140625,5.774988173810896,755.7013888888889,6.627646309908919,324.24305555555554,5.78149340602212,727.2083333333334,6.589213002276891,315.8333333333333,5.755214648288471,746.1354166666666,6.61490710741219,317.7604166666667,5.7612976921181165,751.0208333333334,6.621433392169424,326.5208333333333,5.7884937547461774,631.734375,630.75,983.25,6.448469013077597,6.4469095875211675,6.890863411311919,647.875,639.0208333333334,980.2083333333334,6.47369777650987,6.459937056871628,6.887765134105635,583.3125,605.9375,992.375,6.368723063325965,6.406776845436971,6.9001010600452775,609.09375,610.09375,1019.21875,6.4119721967489145,6.4136126338830755,6.92679168143047,654.375,651.40625,947.28125,6.483680581624801,6.4791334875151705,6.853596039589434,48.81806191644157,0.30710415402163627,56.08847160754005,0.8016033582016511,49.99276507747058,0.22130184639353317,43.40787739490855,0.7946442575228,49.99999959741909,0.27081257813477067,51.016125972551556,11.532632029517611,51.70783995520747,11.363539811616766,48.69447167743944,11.480046212215246,50.42532272427634,11.833134332907402,52.20126843143523,11.199440463356293,0.0,0.953125,0.90625,1.0,0.09375,0.0,0.890625,0.8819444444444444,0.9166666666666666,0.9375,0.84375,864.5572916666666,6.76221757437534,422.3177083333333,6.0457578941256935,887.0277777777778,6.78787629836689,420.3611111111111,6.041114130230916,797.1458333333334,6.681037639885355,428.1875,6.059561183763118,851.8645833333334,6.747427574447446,410.84375,6.018212971896878,877.25,6.776792014463324,433.7916666666667,6.072564388126807,694.328125,806.9375,1092.40625,6.542944651364536,6.693246217934937,6.996138110930675,677.6041666666666,794.875,1188.6041666666667,6.518563292472815,6.678184869587572,7.080534928451123,744.5,843.125,803.8125,6.612712852124064,6.73711522696202,6.689366033026306,695.90625,878.625,981.0625,6.54521495298593,6.778358185496069,6.8886361680354256,692.75,735.25,1203.75,6.540669183743088,6.600210577434105,7.0931969631123355,58.62733383579878,0.6835381777249826,58.63341342659504,0.5072108838080746,57.465559314984816,0.7677868664188401,49.99999999999999,1.0,60.27446341907738,0.9156572518841639,56.666422323603975,23.093181351469532,51.78666593725604,11.341653593675174,60.000115276891215,38.42334036690413,60.00000000248554,28.273455916816324,51.62245806149917,11.392966297703607,-0.02777777777777779,-0.04166666666666663,-0.03472222222222221,0.09375,6.095706530069471,-6.592122202510538,1.1678541116102252,-10.274463419077385,0.5803015118081178,0.5238316793880293,-0.26057598261076553,0.08434274811583609,3.0133682777680306,-1.7759457071588898,-8.213449339635176,8.377541940986376,-0.11650640059847994,0.6336938695511094,-27.081686773228952,16.880489619112716,28.493055555555543,-4.8854166666667425,89.88194444444446,-25.38541666666663,0.03843330763202868,-0.0065262847572338245,0.10683865848153484,-0.029364440015878124,8.409722222222229,-8.760416666666629,-7.826388888888914,-22.947916666666686,-0.233203106911652,-0.618185479486868,-0.2240832424822174,False,False,False,B,9,38,20,41,14,11,32,21,1,1,1,1,1,1,6,True,True,True,True,True
10611707,B,0.0,0.859375,0.71875,1.0,0.28125,0.0,0.9114583333333334,0.9027777777777778,0.9375,0.8958333333333334,0.9270833333333334,644.5500000019869,6.4685523988921965,277.5916666885217,5.626151209048499,658.4375,6.489869603998508,274.6534722646077,5.6155102022159324,602.8875000079473,6.40173061217037,286.40624996026366,5.657411257335338,654.0447916785876,6.483175837917127,278.3229166865349,5.628782010404092,635.055208325386,6.453711937358136,276.86041669050854,5.623513468317,538.0593750476837,715.8718751370907,679.7187498211861,6.28796891661445,6.57350120560876,6.521679109408617,559.3979167143503,724.0145833889643,691.8999998966852,6.326861056617825,6.58481153498529,6.539441436355445,474.0437500476837,691.4437503814697,643.1749995946885,6.161299617114381,6.538781803445451,6.4664168483199935,521.687500178814,764.2593750357628,676.1874998211861,6.257068749953716,6.6389072276708605,6.516470404183348,554.4312499165535,667.4843752384186,683.2499998211861,6.317942813380479,6.503515982117917,6.526860824546467,61.691844555772384,0.9967579403987212,57.238009175159405,0.9475214165437187,61.28154026767559,0.8572592623527169,61.51011508407834,0.9710096913526125,57.238009175159405,0.9475214165437187,70.95150365071576,14.37281889948238,71.23588766050321,13.000812909717336,69.14036745525331,11.727933012909407,70.50893075708511,11.79845986255891,71.32375619562995,14.553394123508587,24.0,,,,,,,,,,,,,,,,,,,,,,,,,,,,,,,,,,,,,,,,,,,,,,,,,,,,,,,,,,,,,,,,,,,,,,,,,,,,,,,,,-0.03472222222222221,-0.03125,,,-4.043531092516183,4.272105908918938,,,0.09026215419100181,0.023488274808893816,,,2.0955202052498976,-0.8148254385448439,,,1.272879896807929,-2.7549342609496765,,,55.549999992052676,18.98958335320151,,,0.08813899182813767,0.02946390055899073,,,-11.752777695655993,1.462499996026338,,,-0.8352504816272353,-0.7736915605534614,-0.3932181663546803,False,False,False,B,0,0,0,0,0,0,0,0,1,1,1,1,1,1,6,True,True,False,False,True
10611711,B,0.0,0.8697916666666666,0.84375,0.8958333333333334,0.15625,0.10416666666666667,0.7239583333333334,0.7291666666666666,0.7083333333333334,0.78125,0.6666666666666666,659.1020833464959,6.490878428949591,242.5781249962748,5.491323823426651,632.0444444550408,6.448959715179087,223.3777777718173,5.40886440886648,740.2750000208613,6.607021738813805,300.17916666964703,5.704379518622133,670.2093750139077,6.507590163587808,248.39687500397363,5.515027769480888,647.9947916790842,6.473882658787696,236.7593749885759,5.467044329966767,701.5234375037253,583.5562500096858,692.2265625260767,6.55325430953853,6.369140848125205,6.539913304527499,694.9041666587194,549.2708333482343,651.9583333581685,6.543773946357449,6.308591641083808,6.479980653992205,721.3812500387427,686.4124999940395,813.0312500298015,6.581167777057008,6.531478758954963,6.700769546730128,654.0,574.3750000149012,782.2531250268216,6.483107351457199,6.353282493135895,6.662178377461845,749.0468750074505,592.7375000044702,602.2000000253317,6.618801565013497,6.384751636582238,6.4005896160896985,48.91354178100958,0.2461899988647605,51.87897045465151,0.3013222332928686,40.93683579246457,0.7398837774735905,49.27616764907883,0.20566550872058953,48.015282846578856,0.34380012968903517,62.621749068479716,60.16007977940489,61.404144077895346,87.86672833650799,60.601274705057676,41.05742778622358,61.53418886129808,42.88524553698049,54.2268592325467,110.2409368455706,0.0,0.9479166666666666,0.9583333333333334,0.9375,0.041666666666666664,0.0625,0.8854166666666666,0.8819444444444444,0.8958333333333334,0.9270833333333334,0.84375,683.8255208358169,6.527702798585112,433.4177083298562,6.071701947358126,698.6222222248714,6.5491101415216555,428.64305554992615,6.06062453424683,639.4354166686531,6.460585625565085,447.7416666696469,6.104216429197879,726.3812500064572,6.588075014738163,539.7687499895691,6.291140807077002,641.2697916651765,6.463450260203897,327.06666667014355,5.790164023726855,626.7265625037253,595.9531249962746,828.7968750074508,6.440510341051946,6.390162014637219,6.7199751009955175,625.558333327373,567.3437500099342,902.9645833373073,6.438644584275465,6.340965381066219,6.805683331537416,630.2312500327819,681.7812499552958,606.2937500178815,6.446086815578335,6.524708858526728,6.407364604625875,627.4718750119207,666.6437499970198,885.0281250104313,6.441698849303327,6.502255795278669,6.78561942417577,625.9812499955299,525.2624999955294,772.5656250044702,6.439320418567708,6.263898137624763,6.649716956625827,45.910128049831556,0.241538619933288,42.25350342309696,0.8440009078449717,40.444499708056554,0.9939772853573514,47.17328798601877,0.266254967739788,44.764426701113386,0.221869431863843,51.95810258737656,42.11463694736386,54.48946706866056,40.397021312816264,40.05434040872414,38.75011392972606,53.97752038408427,65.84494601412163,51.71030007811575,36.86195568247899,0.02083333333333326,0.11458333333333337,-0.01388888888888895,0.08333333333333337,10.942134662186938,1.260884802499973,1.8090037150404044,2.4088612849053845,-0.43856154418072185,-0.13813462096844564,-0.1499763775123797,0.044385535875945015,0.8028693728376695,7.307329628751376,14.435126659936422,2.2672203059685216,46.80930055028441,-67.35569130859011,1.646907383090202,28.98299033164264,-108.23055556582051,22.214583334823487,59.186805556218246,85.1114583412807,-0.15806202363471833,0.03370750480011164,0.0885245159565704,0.12462475453426602,-76.80138889782972,11.637500015397734,-19.098611119720772,212.70208331942553,0.5677845904877836,0.4953902728812556,1.070198468815432,True,True,True,B,64,62,43,64,39,-21,0,21,1,1,1,1,1,1,6,True,True,True,True,True
10611718,B,0.0,0.96875,0.9479166666666666,0.9895833333333334,0.052083333333333336,0.010416666666666666,0.8072916666666666,0.8194444444444444,0.7708333333333334,0.7916666666666666,0.8229166666666666,630.8177083333334,6.447016927512435,225.97916666666666,5.420442812132326,609.7222222222222,6.413003480047207,227.11111111111111,5.425439373987376,694.1041666666666,6.542622045304997,222.58333333333334,5.40530156332196,644.7708333333334,6.46889495650516,277.3541666666667,5.625295269524027,616.8645833333334,6.424649523858074,174.60416666666666,5.162521507191015,471.734375,553.390625,867.328125,6.156416062343484,6.316064126479297,6.765417365390154,476.125,531.5833333333334,821.4583333333334,6.165680424798768,6.275859974453955,6.711081215963782,458.5625,618.8125,1004.9375,6.128096596474213,6.427802318882733,6.912680629504631,502.65625,580.8125,850.84375,6.2199065368734,6.364427985317558,6.746228504194886,440.8125,525.96875,883.8125,6.0886196149683975,6.265241800326439,6.784244936067995,53.414442291772346,0.25609691275688606,57.465559314984816,0.7677868664188401,56.4212927660731,0.25235147388899004,49.99999959741909,0.27081257813477067,58.36756366663253,0.6729896195018519,51.82942409007277,26.79954291971376,50.42322992942864,25.74280558654002,56.064297354883834,28.133976913195188,49.14953326770828,28.01762498543447,54.9409527941896,26.341804862608207,0.0,0.9010416666666666,0.9791666666666666,0.8229166666666666,0.020833333333333332,0.17708333333333334,0.8125,0.8333333333333334,0.75,0.8854166666666666,0.7395833333333334,660.1770833333334,6.492508107113103,369.3125,5.9116431691058935,644.5416666666666,6.468539469888719,365.3888888888889,5.900962235405187,707.0833333333334,6.561148527880326,381.0833333333333,5.943018073870054,643.6458333333334,6.467148626587189,454.6354166666667,6.1194958157016135,676.7083333333334,6.517240357826657,283.9895833333333,5.648937559084781,545.53125,565.921875,869.078125,6.301760090525053,6.3384560386408255,6.767433023410854,555.6041666666666,561.9375,816.0833333333334,6.320056110252116,6.3313906337449914,6.704516473932794,515.3125,577.875,1028.0625,6.244773512753918,6.359357582308389,6.935431241832377,555.09375,599.1875,776.65625,6.319137018400159,6.395574570837216,6.654997845784528,535.96875,532.65625,961.5,6.284075857132354,6.277876281772277,6.8684945650288345,39.286209425670904,0.19363834001063823,49.27775195756029,0.0897419543229403,36.45768891832392,0.1777209554806241,39.667445284084195,0.7559868059315262,40.334113298655694,0.14266629260762775,46.201327802483625,23.893197728956043,44.77651598711428,24.2995633668823,49.573833609149595,11.858783539170584,47.55086087755401,13.997543749877392,46.85944265307701,26.05786779613756,0.04861111111111105,-0.03125,0.08333333333333337,0.14583333333333326,1.0442665489117147,-8.367564069213437,12.820063039236373,-0.6666680145714992,0.51543539252985,-0.4021770413670812,-0.08797900115768381,0.6133205133238985,-5.641067425455191,-5.79141952648132,-4.797317622035315,0.6914182244769975,-2.3911713266551686,1.6758201228262628,12.440779827711715,-12.060324046260169,-84.38194444444446,27.90625,-62.54166666666674,-33.0625,-0.1296185652577897,0.04424543264708625,-0.09260905799160746,-0.050091731239468196,4.5277777777777715,102.75000000000003,-15.6944444444444,170.64583333333337,0.5566144879883228,-0.5068043759215956,-0.0841412502502814,True,False,False,B,0,0,9,7,7,9,7,-2,1,1,1,1,1,1,6,True,True,True,True,True
10611731,B,0.0,0.921875,0.90625,0.9375,0.09375,0.0625,0.71875,0.7013888888888888,0.7708333333333334,0.7291666666666666,0.7083333333333334,681.1916666695228,6.523843715404138,270.7734375074506,5.6012824472590275,681.297916667329,6.5239996798963755,277.1354166716337,5.624506255580556,680.8729166761041,6.523375675924756,251.68750001490125,5.528188238670879,699.7229166651765,6.550684423345248,256.011458342274,5.54522220262741,662.6604166738689,6.496262666925263,285.53541667262715,5.654366072795066,576.9109374973924,660.9390625059607,805.7250000052154,6.3576879001702995,6.493661645747116,6.6917424932271885,588.435416661203,645.7791666711373,809.6791666696469,6.377467178386282,6.470457598081207,6.69663807867061,542.3375000059605,706.4187500104308,793.8625000119207,6.2958885013842805,6.560208191987363,6.676910272462311,566.0374999977648,693.771874997765,839.3593749999999,6.338660330421468,6.542143196091846,6.7326389520632866,587.7843749970199,628.1062500141563,772.0906250104308,6.376360171455628,6.442709340078167,6.649101933045005,50.15613672579006,0.14326466779933228,50.24147852652773,0.1298623353459435,49.99999928748698,0.19480059400838656,49.99276507747058,0.22130184639353317,56.817361940970464,0.12195378869996942,50.45529612095053,38.16756995014478,49.51327259460121,35.65340765157557,57.02468136685144,47.195852596001465,50.427471973056136,40.799432968495985,50.803825884099474,35.6961132515282,0.0,0.9322916666666666,0.9375,0.9270833333333334,0.0625,0.07291666666666667,0.8333333333333334,0.8333333333333334,0.8333333333333334,0.84375,0.8229166666666666,745.4249999976406,6.613954525519014,314.26041666480404,5.750221994621236,754.3090277752942,6.625802135202778,306.7277777741353,5.725960636872722,718.7729166646799,6.577545475658481,336.85833333681035,5.8196624661145,811.5250000009934,6.698915193628598,362.53437500074506,5.89311929738714,679.3249999942879,6.5210996581025515,265.9864583288631,5.583445398947707,623.3656250070778,668.5296874884516,944.3796874973923,6.435133224662888,6.505080804663574,6.850528296612189,631.0520833407837,672.0624999875823,959.8124999975165,6.44738840008701,6.510351342132268,6.866737952883324,600.3062500059602,657.9312499910593,898.0812499970198,6.397439941674463,6.489100442570295,6.800260543047789,620.9562500081955,731.9593749977648,1081.6593749970198,6.431260628579229,6.595725013784272,6.9862515993043885,625.7750000059602,605.0999999791384,807.0999999977648,6.438990881580877,6.405393733593799,6.693447576327557,49.29739077355006,0.13964614995947677,47.21399995437746,0.1541645024154379,50.04584850218125,0.08404732341507909,50.007248269870644,0.19548391077722355,44.79833506961481,0.09229253399037518,47.938492131364896,39.713102348701206,46.74206326867644,41.032267981849564,51.63777953343216,30.35840434857104,48.16310381088693,46.569614695831525,47.770851206218566,34.35589513286026,-0.06944444444444453,0.02083333333333326,0.0,0.02083333333333337,0.24147923904074986,-6.824596863499885,-2.831848547803787,5.208913200255836,-0.06493825866244307,0.09934805769356375,0.0701171790003588,0.10319137678684837,-7.511408772250228,-0.3763539110433385,-4.89571626475572,0.3922526046683643,-11.542444944425895,5.103319716967782,10.673863633278525,12.213719562971264,0.42499999122492227,37.06249999130762,35.53611111061434,132.20000000670552,0.0006240039716196577,0.054421756419984924,0.04825665954429681,0.17781553552604645,25.447916656732474,-29.52395833035314,-30.130555562675056,96.54791667188198,0.2595707298074772,0.1535800657202772,0.3323253139926649,True,True,True,B,25,42,58,55,57,33,30,-3,1,1,1,1,1,1,6,True,True,True,True,True
10611749,B,0.0,0.8229166666666666,0.9375,0.7083333333333334,0.0625,0.2916666666666667,0.71875,0.7361111111111112,0.6666666666666666,0.6979166666666666,0.7395833333333334,381.21718749900657,5.943369258641391,113.43749999130767,4.7312520243825436,390.39583333167764,5.967161181663534,110.31527776353892,4.70334242766986,353.68125000099343,5.868396083782816,122.80416667461395,4.810590945712446,373.120833342274,5.921902317162638,139.34583331644538,4.936958852630149,389.31354165573913,5.964385038639589,87.52916666616998,4.471972071148015,322.05625000968575,332.3234374895692,489.2718749977648,5.774726219759053,5.806108703988511,6.192918316564892,310.9416666775942,339.19791665673256,521.0479166607064,5.73960532763328,5.8265837619670835,6.255842008082312,355.40000000596046,311.69999998807907,393.94375000894064,5.873243915737322,5.7420411867350465,5.9762081326310605,312.8500000163913,314.88124999403954,491.63125001639133,5.745723842496766,5.75219558360334,6.19772894364628,331.26250000298023,349.76562498509884,486.9124999791385,5.802911112446506,5.857263287272791,6.18808443543899,39.50933774826981,0.5521943751647169,39.73733317254536,0.5345402106642962,51.186887316705196,0.04237820245374563,39.05103514744354,0.48438080135638323,40.00000129862228,0.999981651898892,44.00802337293567,33.63374045449808,44.442265611520256,28.234963431926264,47.2118229279837,79.0004838156412,47.86147827397246,43.08139518790635,41.215051876178315,27.94245812868524,1.0,0.9214659685863874,0.9263157894736842,0.9166666666666666,0.07368421052631578,0.08333333333333333,0.7539267015706806,0.7412587412587412,0.7916666666666666,0.8333333333333334,0.6736842105263158,520.7534031368675,6.255276615188125,184.25497380601175,5.216320525581681,513.7601398538044,6.241756502557386,187.58251745884237,5.23421884171172,541.5875000009934,6.294504641569894,174.34166667362047,5.1610169754414885,481.32812499254936,6.17654921007352,216.0739583323399,5.375620748765528,560.5936842090206,6.328996372539898,152.10105260045907,5.0245451196913935,422.1825396749708,463.4312499836088,675.1062500104308,6.045437778981061,6.138658046029274,6.514870085908142,403.9361702026205,482.6687499781451,652.3875000129144,6.001256870930727,6.1793306005213005,6.480638710558574,475.78125000000006,405.71874999999994,743.26250000298,6.164958189778371,6.005660185560527,6.611049279769722,382.5531249940395,450.9156249836087,610.515625,5.946867532495729,6.111280237706678,6.414303886998838,463.09032257141604,475.94687498360884,739.6968750208616,6.1379221162081485,6.165306240825583,6.606240473927418,49.25692814273823,0.13791171525668938,49.022653329576926,0.1506411462187816,49.99999434858453,0.11726738405463638,45.760005255767624,0.191226075576498,53.3057661589805,0.11164090207504868,55.01378882142654,51.128059203908315,55.61876648248178,56.88197189702991,54.84035300053161,31.903829051569392,45.549348923327976,22.79012753327288,56.41024732673123,46.42412075886127,0.06944444444444453,-0.04166666666666674,-0.05040792540792538,0.1596491228070176,-11.449554144159833,-0.9489661511787375,-0.9773410190076035,-7.545760903212873,0.4921620082105506,-0.5156008505425087,0.033373762164145226,0.07958517350144934,-2.769557316463441,6.646426397794144,0.7784134819501745,-10.860898403403255,-50.76552038371494,15.138937059221114,24.97814284546052,-23.63399322558839,36.714583330684206,-16.19270831346512,-27.827360147188983,-79.26555921647122,0.09876509788071797,-0.042482721476951646,-0.05274813901250841,-0.15244716246637768,-12.488888911075037,51.816666650275394,13.240850785221909,63.97290573188084,0.942628310032664,0.4072540118955878,-0.7825377421112883,True,True,False,B,41,37,42,39,44,1,-2,-3,1,1,1,1,1,1,6,True,True,True,True,True
10611753,B,0.0,0.859375,0.8020833333333334,0.9166666666666666,0.19791666666666666,0.08333333333333333,0.6927083333333334,0.7291666666666666,0.5833333333333334,0.6458333333333334,0.7395833333333334,831.0942708333654,6.722743231060748,338.1260416666725,5.823418730310744,789.0805555555821,6.670868413930246,319.4069444444451,5.766465977699987,957.1354166667155,6.863944882661739,394.2833333333546,5.977069770990361,855.5125000000213,6.751700704563927,345.9604166666929,5.846324365815817,806.6760416667094,6.692922152315968,330.2916666666521,5.7999761024891665,695.8703125000247,869.3250000000119,928.0875000000595,6.5451633103574345,6.767717048442932,6.833126017134459,657.8520833333604,809.3229166666766,900.066666666709,6.488980108688889,6.69619799275301,6.802468834655083,809.9250000000179,1049.331250000018,1012.1500000001108,6.696941650786956,6.955908335479683,6.919832060207696,656.2781249999971,903.9343750000118,1006.3250000000553,6.486584670130345,6.806756763730567,6.914060360116786,735.4625000000525,834.715625000012,849.8500000000638,6.60049955301775,6.727091097981849,6.745059863323435,53.66028904382696,0.08738684361162252,52.4861764011176,0.14169248012709962,63.0723959756431,0.04492796757244816,48.9692570149551,0.10794577071597966,63.501939623296785,0.07370025725055829,69.01477256785651,55.777952286709166,67.3243984813223,46.10856968008114,76.35612851276908,81.19270529167399,62.6588106414278,54.86873207302704,76.53050615262771,47.703922994048426,0.0,0.875,0.8333333333333334,0.9166666666666666,0.16666666666666666,0.08333333333333333,0.765625,0.7777777777777778,0.7291666666666666,0.7916666666666666,0.7395833333333334,852.0104166666497,6.747598752889142,536.6145833333503,6.285280114911364,869.5555555555426,6.767982225434124,545.6437500000175,6.301966290264629,799.3749999999712,6.683830172333071,509.52708333334886,6.233483007939608,910.1781249999816,6.813640322114199,603.9010416667104,6.4034103462117065,793.8427083333178,6.676885341286801,469.3281249999903,6.151302150687146,724.8468749999665,898.3031250000056,932.881249999977,6.585960425650759,6.800507567022392,6.838277915147696,729.1249999999612,908.9166666666761,970.6249999999906,6.5918451850737485,6.812253414140753,6.877940193902941,712.012499999983,866.4624999999944,819.6499999999362,6.568095467437619,6.764418830665778,6.708877419872388,741.2749999999364,967.4687499999998,1021.7906250000088,6.6083716765559295,6.874683124640686,6.929311881869296,708.4187499999969,829.1375000000114,843.971874999945,6.56303537365552,6.720386003866569,6.738119170580937,53.61757503960419,0.7705183093206014,56.35454828770106,0.1297483961014902,52.47366762622455,0.7364878639170807,59.64392799602118,0.12635208514731072,55.190922559699125,0.08940756481482404,64.53650006497338,70.91896409680915,60.7831028294426,61.764082549235,81.26389320426782,95.01078798269917,55.10163004464945,52.581787035153255,70.98960235941247,73.34991322333804,0.14583333333333326,-0.09375,0.04861111111111116,0.05208333333333326,-10.586219574525494,-14.532682608341688,3.8808806614765103,4.453005436322059,0.09676451255465146,0.03424551346542137,-0.6067394678155904,0.036944520332486686,-9.03173003144677,-13.87169551119991,-20.48079037482522,-15.887972314763026,-35.08413561159285,7.164809078978614,-33.24670543346417,-20.76812618818478,-168.0548611111334,48.83645833331195,70.18055555557135,116.33541666666383,-0.1930764687314932,0.05877855224795869,0.08415205310105289,0.1367549808273978,-74.8763888889095,15.668750000040802,36.11666666666861,134.57291666672012,1.0328824265541594,0.5923059347602193,0.11069260125085,True,True,True,B,4,51,34,64,40,30,60,30,1,1,1,1,1,1,6,True,True,True,True,True
10611777,B,0.0,0.9375,0.9166666666666666,0.9583333333333334,0.08333333333333333,0.041666666666666664,0.890625,0.8958333333333334,0.875,0.9270833333333334,0.8541666666666666,590.3958333314706,6.380793215895964,158.5817708320295,5.0662703645874885,590.3624999978475,6.380736755005211,162.570833330767,5.091113804214215,590.4958333323399,6.38096257944375,146.61458333581686,4.987807261556994,567.9479166623205,6.342029718499774,150.1218749998758,5.011447464195987,612.8437500006207,6.418110009482126,167.04166666418314,5.1182432822796935,518.0984375048428,572.5515624973923,680.5374999921769,6.250165257998482,6.350102796870369,6.522882927101025,496.6458333370585,587.1416666644315,687.2999999920527,6.2078771630904,6.375266130854084,6.532770878115996,582.4562500081955,528.7812499962747,660.2499999925493,6.367254075337095,6.270574830261855,6.492618551165957,480.5562500003724,558.3687499966472,664.9187499899416,6.174944287116197,6.325019586409097,6.49966485272496,555.640625009313,586.7343749981374,696.1562499944121,6.320121727374342,6.374572204633287,6.54557413225712,49.67764009601277,0.19469326710047624,48.55907224474328,0.17938818399360973,57.465559314984816,0.7677868664188401,48.59265861688412,0.171367720992535,50.95371322907268,0.2369578943740851,49.690187343984284,32.1174941943576,48.10612592934557,31.23117982678959,50.815857782445455,14.93838412262775,49.63455971029212,11.869284168444954,52.45847968438937,39.96188931472528,0.0,0.9270833333333334,0.9583333333333334,0.8958333333333334,0.041666666666666664,0.10416666666666667,0.8229166666666666,0.8402777777777778,0.7708333333333334,0.9166666666666666,0.7291666666666666,600.2880208333953,6.3974095747586635,330.4213541674738,5.800368670815801,596.9659722232157,6.391860113817095,340.1305555572941,5.82932953083931,610.2541666639346,6.413875537048097,301.2937499980132,5.708085702469441,562.5968749988824,6.332563341470267,365.271875002111,5.900641939329193,637.9791666679083,6.458305628686097,295.5708333328367,5.688908514831197,506.7671874985099,598.3640625011176,695.7328125005587,6.228051701872891,6.394199368876082,6.544965696544353,505.3625000019869,620.9979166698953,664.5374999977647,6.225275993550638,6.431327727128971,6.499091309966209,510.98124998807907,530.4624999947846,789.3187500089405,6.236332896747884,6.273749267515529,6.671170231669683,489.0531250033529,576.149999992922,622.5875000003725,6.192471123662621,6.3563680434477385,6.43388418071051,524.481249993667,620.5781250093132,768.8781250007448,6.262409678853546,6.430651503261102,6.644932471901017,45.696133994125994,0.16522326644207125,44.78508760488674,0.24022818145817493,46.860195113228485,0.10095748647512842,40.94075347367333,0.9173812160388484,48.579778086500134,0.13223983275009216,47.31736126488904,35.09614592433747,45.10794997137036,34.576570214711914,50.523366509595306,31.541910637608673,39.99999999999804,24.878376480554053,52.34605464863228,41.48468831110004,0.02083333333333337,0.07291666666666674,0.06944444444444442,0.1875,-8.906487070241539,-2.3610546121885605,-2.0751075083417447,-7.639024612826802,-0.5883986824252303,-0.0655901733815501,0.1392706949830465,0.7851413832887562,-2.709731853099882,-2.823919974097244,-5.415416538224946,-12.346054648634244,16.29279570416184,-28.092605146280327,3.034659577103241,-16.606311830545984,-0.13333333449236306,-44.895833338300235,-13.28819444071894,-75.3822916690259,-0.00022582443853913503,-0.07608029098235214,-0.022015423231001918,-0.12574228721583047,15.956249994950127,-16.919791664307326,38.83680555928089,69.70104166927433,0.0400818413613728,-0.6526708855183859,0.1533395108291622,True,False,True,B,17,27,21,26,7,4,9,5,1,1,1,1,1,1,6,True,True,True,True,True
10611780,B,1.0,0.9633507853403142,0.9578947368421052,0.96875,0.042105263157894736,0.03125,0.8429319371727748,0.8601398601398601,0.7916666666666666,0.7916666666666666,0.8947368421052632,960.3664921465969,6.867314974261767,525.793193717275,6.264907967589091,929.8097902097824,6.834980038572724,501.1237762237645,6.216853128901849,1051.4000000000235,6.9578778883853705,599.2875000000253,6.395741449579379,958.3447916666822,6.865207621013618,506.54479166666965,6.22761275347401,962.4094736841948,6.869440008423527,545.2442105263079,6.301233787008509,855.7671875000012,852.1187499999869,1176.5920634920758,6.751998361929606,6.747725895051371,7.070377457117853,838.5437499999825,807.0416666666664,1148.3978723404198,6.731666756407761,6.693375298494293,7.046123095528735,907.4375000000578,987.3499999999485,1259.4125000000645,6.8106246932439705,6.895024586503267,7.138400621366721,807.5968750000172,834.2093750000059,1233.2281250000233,6.694063016941371,6.726484420011858,7.117390502271573,903.9374999999852,870.0281249999678,1118.129032258065,6.806760220833934,6.768525538712274,7.019412060524175,52.24095330440767,0.2437834438086282,52.4613513239244,0.25167285065120826,51.51939726186196,0.21854586676309395,48.36185455152654,0.23275349399696754,58.60088100348226,0.9719692273732747,50.66981471233374,31.245556148524905,50.93095775313419,34.83827278231074,50.0,11.906957053083378,49.14953326770828,28.01762498543447,54.96115345299196,33.327847619745334,0.0,0.9583333333333334,0.9375,0.9791666666666666,0.0625,0.020833333333333332,0.84375,0.8402777777777778,0.8541666666666666,0.8333333333333334,0.8541666666666666,908.0489583333256,6.811298296017025,669.9593749999937,6.507217076218309,923.6749999999915,6.8283602781678745,683.201388888876,6.526789675389267,861.1708333333272,6.7582928974449406,630.2333333333468,6.446090121185795,910.2354166666677,6.813703265687616,712.9822916666793,6.569456583733749,905.8624999999835,6.808887528520921,626.9364583333081,6.440845193126316,780.115624999991,813.6093750000217,1130.4218749999636,6.659442145877068,6.701480367529346,7.0303461827400175,796.8145833333157,832.1895833333547,1142.0208333333042,6.680622008479051,6.724060279447376,7.040554632898335,730.018750000017,757.8687500000228,1095.6249999999416,6.593070218744114,6.630510217615384,6.9990802556754454,742.6374999999678,843.3781250000612,1144.6906249999738,6.610208038717337,6.7374154042913235,7.042889682972114,817.5937500000143,783.8406249999824,1116.1531249999534,6.706365575095386,6.664205715246528,7.017643342310313,50.91642505570727,0.244391356461429,50.031389832920546,0.2341740689805456,57.465559314984816,0.7677868664188401,48.81480128457134,0.3033078385024034,52.39598266540576,0.2141311961539108,56.92122446800017,28.685459208985176,55.73914981362242,33.68614507317321,59.98046525606621,8.58283608298535,58.52422014875757,28.248547649155373,55.029040929038906,28.309113506619376,0.06847319347319347,-0.10307017543859653,-0.01388888888888884,-0.02083333333333326,0.941954062062436,-10.239026451955716,-7.43416948206427,-3.5811813808344226,0.0331269838881143,-0.7392157333763072,-0.5336127974382945,0.0891766423484926,0.9309577531341873,-5.8116201852836795,-4.241315442443792,3.495179219718665,22.93131572922736,-5.310222634310865,25.103308990187855,-0.06056585746400245,-121.59020979024115,-4.0646820175126095,62.50416666666433,4.372916666684205,-0.12289784981264607,-0.004232387409908611,0.07006738072293395,0.004815737166695477,-98.16372377626078,-38.699418859638286,52.96805555552919,86.0458333333712,0.1765706925742041,-0.8155950861170365,-0.8837944799125242,True,False,False,B,9,22,45,37,59,36,28,-8,1,1,1,1,1,1,6,True,True,True,True,True
10611794,B,0.0,0.9322916666666666,0.8854166666666666,0.9791666666666666,0.11458333333333333,0.020833333333333332,1.0,1.0,1.0,1.0,1.0,485.4864583330539,6.185151395134463,204.2645833332402,5.3194161306196435,482.9708333327952,6.179956265354692,193.64861111135946,5.266045233775782,493.03333333382994,6.200576785010222,236.1124999988825,5.464308386353205,503.3864583335817,6.221358181929345,220.44270833333334,5.395637834973555,467.5864583325262,6.147584269239572,188.08645833314708,5.236901741866149,465.5749999973923,500.35468749888247,490.52968750288704,6.143273200811969,6.215317221932438,6.1954858021542565,451.31666666393477,517.2104166646799,480.3854166697711,6.1121692364943545,6.248449787191173,6.17458873310428,508.3499999977648,449.7875000014901,520.9625000022351,6.231170186716773,6.108775249013429,6.255678062199821,468.4281249959022,548.9281250014901,492.80312500335276,6.149382674745671,6.307967513087212,6.200109753520943,462.72187499888247,451.78124999627477,488.2562500024213,6.137126171646276,6.11319810250047,6.19084037049907,55.420345323802565,0.18180590623748127,56.42182479068838,0.15735505592906618,57.465559314984816,0.7677868664188401,50.00005308493112,0.19215469418418152,56.72552781989966,0.1817863769176858,0.0,39.247,0.0,39.247,0.0,39.247,0.0,39.247,0.0,39.247,1.0,0.9214659685863874,0.9052631578947369,0.9375,0.09473684210526316,0.0625,0.9842931937172775,0.986013986013986,0.9791666666666666,0.9789473684210527,0.9895833333333334,570.3130890060781,6.346185488988159,318.5047120408238,5.763637269379465,579.2993006998008,6.36181927095495,328.23636363582176,5.7937339697025365,543.5416666685293,6.29810636722631,289.51249999739235,5.668198473964823,623.4800000008784,6.435316687622259,403.60947368270473,6.000447761154178,517.7000000008071,6.249395923909415,234.28645833271244,5.456544547568246,531.1359375021419,565.436507935562,614.2906250013039,6.275017991307699,6.337598013276738,6.420468146782556,546.4812500017384,571.10212765856,620.1437500007451,6.303499997790577,6.347568051208546,6.429951306004869,485.10000000335265,548.793749999255,596.7312500029801,6.184355055258082,6.307722687861504,6.391466844537598,545.8375000022351,619.9193548358257,704.5718750031666,6.302321312404042,6.429589396733489,6.557590348850409,516.4343750020489,512.6562500009313,524.0093749994412,6.246948223376023,6.2396055425972925,6.261509575381304,50.02038623911669,0.16764575487529843,48.00438982872366,0.1628058876176257,58.36756366663253,0.6729896195018519,51.49095811544852,0.129063936064023,48.480609499433235,0.2185457841992347,69.17875107500493,11.739817915595918,70.0550883059506,11.90486475438883,59.99990002101213,7.4436456778371305,59.99990002101213,7.4436456778371305,80.0006637398833,7.449203246668654,0.0,0.0,0.006847319347319414,-0.010635964912280693,-1.0437345242964327,-6.725474734968543,-10.363173837908867,3.0103486160152855,-0.6104318104897739,0.01036831726649573,-0.5101837318842262,-0.0894818481352117,0.0,0.0,10.055188284938474,-20.000763718871163,0.0,0.0,4.4612190765517,-0.005557568831523696,-10.06250000103472,35.80000000105548,35.75763403127155,105.78000000007125,-0.020620519655530245,0.07377391268977274,0.06371290372864014,0.18592076371284438,-42.46388888752304,32.356250000186265,38.72386363842941,169.3230153499923,-0.3594529984627095,-0.4437839026026712,0.1011433906026206,False,False,True,B,28,25,24,16,18,-4,-12,-8,1,1,1,1,1,1,6,True,True,True,True,True
10611795,B,0.0,0.9947916666666666,0.9895833333333334,1.0,0.010416666666666666,0.0,0.9947916666666666,0.9930555555555556,1.0,1.0,0.9895833333333334,727.2984375009934,6.589336898802617,540.06822916617,6.291695481884514,736.9861111123529,6.602569046845351,531.7006944442788,6.276080726592341,698.2354166669151,6.548556319060334,565.1708333318431,6.337128045324273,720.7989583332092,6.580360261139378,569.5354166645557,6.344820970004598,733.7979166687777,6.5982336728176385,510.6010416677843,6.235588544891053,671.2015624986961,690.1140625020489,820.5796875022352,6.509069483068488,6.536856891903431,6.710011026475099,672.2520833325883,689.6687500017384,849.0375000027319,6.510633394188558,6.536211409858378,6.744103354950424,668.0499999970198,691.4500000029803,735.2062500007448,6.504363021030442,6.538790841914977,6.600151072094496,670.8906249962747,699.8437500000001,791.6625000033528,6.508606120699073,6.550857095841674,6.674135164633122,671.5125000011176,680.3843750040978,849.4968750011176,6.509532630832652,6.522657895831356,6.744644262472045,55.87965304956982,0.8334218795715919,56.08847160754005,0.8016033582016511,49.99999999999999,1.0,49.99999999999999,1.0,56.58943884644672,0.7940190286362183,39.99993336077985,7.439848718813114,39.999933360780474,7.439853798668325,0.0,39.247,0.0,39.247,39.99993336077985,7.439848718813114,0.0,0.984375,0.9895833333333334,0.9791666666666666,0.010416666666666666,0.020833333333333332,0.9947916666666666,0.9930555555555556,1.0,0.9895833333333334,1.0,766.3906249968956,6.641691994062125,559.2447916663563,6.32658728725822,762.6145833312637,6.636752770413007,563.2826388867365,6.333781525057766,777.7187499937912,6.656364954956096,547.1312500052154,6.304688718804671,777.2406249959022,6.655749987104656,588.2208333350719,6.377102444287414,755.540624997889,6.627433552600521,530.2687499976406,6.273383953494093,722.4984375014901,744.9359374921769,831.7374999970198,6.582715257356553,6.613298224738825,6.72351688622782,711.7041666681567,747.5041666614512,828.6354166641831,6.567662328816901,6.616739879378338,6.719780271505843,754.8812500014901,737.2312499843539,841.0437499955294,6.6265604521122405,6.602901615000806,6.7346436800176575,714.0531249959022,779.3031249959021,838.3656249959024,6.570957364327853,6.658400090845199,6.731454312005689,730.943750007078,710.5687499884517,825.1093749981371,6.594336507414301,6.56606570568275,6.71551595330261,50.941701433063464,0.37731783794964335,44.94551680292226,0.7741641919679368,57.465559314984816,0.7677868664188401,51.20461880166631,0.30411310074207865,49.99999999999999,1.0,-10.010417576733314,11.52051526057975,-10.01041763705597,11.520515371205967,0.0,39.247,-10.010417749092236,11.5205155775576,0.0,39.247,-0.00694444444444442,0.01041666666666663,-0.00694444444444442,-0.01041666666666663,6.088471607540058,-6.5894388464467255,-12.520042512062552,1.2046188016663137,-0.19839664179834893,0.20598097136378168,0.006377325549096757,-0.6958868992579214,39.999933360780474,-39.99993336077985,-10.01041763705597,-10.010417749092236,-31.807146201331676,31.807151281186886,-27.726484628794033,-27.7264844224424,38.75069444543783,-12.998958335568545,-15.104166662527518,21.69999999801314,0.05401272778501642,-0.017873411678260176,-0.01961218454308966,0.028316434504135124,-33.4701388875643,58.934374996771396,16.151388881521143,57.952083337431304,-1.3533843610423428,-0.5869622527773327,-1.03409593256325,False,False,False,B,1,1,1,1,1,0,0,0,1,1,1,1,1,1,6,True,True,True,True,True
10611796,B,1.0,0.8848167539267016,0.8020833333333334,0.968421052631579,0.19791666666666666,0.031578947368421054,0.9790575916230366,0.972027972027972,1.0,0.968421052631579,0.9895833333333334,607.0544502622794,6.408618490928074,281.12251309824245,5.638790563991325,612.4783216773213,6.417513548612646,288.52867133967527,5.664794461736994,590.8958333383003,6.381639746944639,259.058333337307,5.557053261580708,653.3094736977628,6.482050943039225,318.1989473719347,5.762676807827614,561.2812499875826,6.330222116771612,244.43229168156776,5.498938344926183,537.4857142917693,639.0531250052154,643.5374999903142,6.2869021815867905,6.459987588645127,6.46698030038148,548.2425531985913,625.4270833432674,662.4270833134652,6.306717804348643,6.438434749719701,6.495910488879938,505.8875000029802,679.9312499910593,586.8687500208616,6.226314312558119,6.52199169010458,6.374801200314104,550.4032258372152,746.1406250223519,660.1687499880791,6.310651147498062,6.614914087830744,6.49249548413957,524.9718749821187,531.965624988079,626.9062499925496,6.263344689693991,6.276578872569964,6.4407970079104775,56.42901995017582,0.12370466685176174,55.02906366677367,0.8198405439004197,61.35498417256841,0.3771588020466767,55.99438516014095,0.1680582128192138,61.11041193234011,0.8392745638720197,50.0,11.906956677824875,50.0,11.90695819553572,0.0,39.247,50.85082662216693,11.66770905578609,39.99993336077985,7.439848718813114,0.0,0.8489583333333334,0.7083333333333334,0.9895833333333334,0.2916666666666667,0.010416666666666666,0.953125,0.9444444444444444,0.9791666666666666,0.9375,0.96875,701.3510416708887,6.553008534401462,469.61770833606516,6.151918977206791,716.6368055691322,6.574569164937797,491.32638889153793,6.197108650110605,655.4937499761581,6.4853887684155955,404.491666669647,6.00263113472798,806.6510416741172,6.69289116046955,552.792708343764,6.314983081960829,596.0510416676601,6.390326303780402,386.4427083283663,5.956983625030625,757.2390624955298,720.6046875044702,626.2093750126658,6.629679006086336,6.580090703294876,6.439684780055654,760.6770833432674,738.4333333522081,650.8000000119207,6.634208935801165,6.604530824846081,6.4782023753632,746.9249999523164,667.1187499612565,552.4375000149012,6.615964778421973,6.5029680659930325,6.31434030484814,769.3718749955298,912.2875000014899,738.2937500253316,6.6455744351862345,6.8159551816259585,6.6043417806701274,745.1062499955297,528.9218750074506,514.125,6.613526825654323,6.270840736655965,6.242466426550588,64.29103552755934,0.16518550821002304,60.58404311841752,0.5842366121272891,61.94313826582268,0.9614845357222549,55.583980037307185,0.1812531053209286,65.41278237028601,0.11641820770909667,88.98444861805073,14.848665700834335,88.66462207847462,12.71329680012489,110.20448402679936,11.882756279705013,90.72388721097562,14.071210412388995,80.00066375921257,7.448611089389843,-0.027972027972028024,-0.02116228070175441,-0.03472222222222221,-0.03125,-6.325920505794734,-5.116026772199156,-1.3590951474051636,-9.828802332978825,0.44268174185374304,-0.671216351052806,-0.37724792359496584,0.06483489761183192,50.0,10.850893261387078,-21.53986194832474,10.723223451763047,-27.340041804464278,4.227860336972976,0.830540520419877,6.622599322999152,21.582488339020983,92.02822371018021,61.143055592974065,210.6000000064571,0.035873801668006244,0.15182882626761263,0.08918039652220155,0.30256485668914834,29.470338002368294,73.76665569036695,86.83472222189096,166.35000001539777,-0.014276705348728,0.2584386346715084,0.758259672430593,True,True,True,B,20,23,72,75,100,52,55,3,1,1,1,1,1,1,6,True,True,True,True,True
10611807,B,1.0,0.9633507853403142,0.9368421052631579,0.9895833333333334,0.06315789473684211,0.010416666666666666,0.8010471204188482,0.8041958041958042,0.7916666666666666,0.7578947368421053,0.84375,590.0607329842912,6.3802254688636,209.41308900525706,5.344308803671373,586.1685314685419,6.373607344591806,210.99440559432222,5.351831619353585,601.6562499999613,6.399686268929544,204.70208333366713,5.321555670112606,609.9168421052789,6.4133226234567635,203.9589473683583,5.317918735202654,570.4114583333139,6.346357957140455,214.81041666677143,5.36975585618314,534.6765624999534,564.563492063492,670.543750000041,6.281662008003443,6.33605285213379,6.50808895040669,535.133333333341,564.7553191489758,658.1708333333179,6.282515937029381,6.3363925738942415,6.489464522755169,533.3062499997905,563.9999999998836,707.6625000002098,6.279095837019959,6.335054251497852,6.56196728512362,524.5343749999884,593.1225806450651,711.5687500001516,6.262510964296967,6.385401090359144,6.567472039706741,544.8187499999185,536.8968750000931,629.5187499999302,6.300453170542485,6.285806036961023,6.444955638584793,54.018635119882425,0.24519310008146128,53.218214135625324,0.23736427625191625,58.36756366663253,0.6729896195018519,52.97881171654815,0.2090122354164488,50.007248269870644,0.19548391077722355,56.72620250221648,32.056698975585334,56.4834413519861,32.933005813792896,57.3830001129521,29.943926314160766,62.981044796800816,30.943079133061428,50.1701835830128,11.888988779805931,1.0,0.9685863874345549,0.9473684210526315,0.9895833333333334,0.05263157894736842,0.010416666666666666,0.837696335078534,0.8391608391608392,0.8333333333333334,0.8842105263157894,0.7916666666666666,657.8193717277194,6.488930382588164,244.63821989527034,5.499780465728798,655.3958041957885,6.485239334345822,246.2762237761586,5.50645376687429,665.0395833332634,6.499846562693802,239.7583333334575,5.479631471588925,699.6442105262884,6.550571935153348,240.52421052626474,5.482820751948062,616.4302083333023,6.42394510992407,248.70937500001548,5.516285046118244,582.7015625000349,614.3777777777008,775.6999999999534,6.367675155628246,6.420610012197742,6.653765847496766,582.5187500001241,614.8361702127422,767.9874999998527,6.367361373763221,6.421355842420446,6.643773456973357,583.2499999997672,613.031249999767,798.8375000002559,6.36861591090114,6.418415913429279,6.683157545858206,609.3343750000931,655.8322580644199,832.3968749999185,6.412367172863277,6.485905052076112,6.7243093403076255,556.0687499999766,574.2187499999418,719.0031249999885,6.320891937685513,6.353010421281209,6.5778657040259105,53.414442291772346,0.25609691275688606,52.341608832375776,0.25410667632358486,58.36756366663253,0.6729896195018519,51.63814545540965,0.23275349411251428,50.007248269870644,0.19548391077722355,47.044049315309245,30.475297813976827,48.277192721267774,28.50417037584918,43.31045672930065,32.43582158900104,119.81360597339112,322.1451351459234,48.99630376945692,14.370801550474145,0.012529137529137535,-0.08585526315789471,0.005827505827505797,0.09254385964912282,-5.1493495310072035,2.971563446677507,-6.025954834256751,1.6308971855390055,-0.4356253432499356,0.013528324639225264,-0.418882943178267,0.037269583335290735,-0.899558760965995,12.810861213788016,4.966735991967127,70.81730220393419,2.9890794996321297,19.054090353255496,-3.9316512131518557,307.77433359544926,-15.487718531419432,39.505383771964944,-9.643779137474894,83.21400219298607,-0.02607892433773884,0.06696466631630837,-0.01460722834797945,0.1266268252292786,6.292322260655084,-10.851469298413122,6.517890442701088,-8.185164473750746,-0.8107051217104755,-0.6942980566184739,-0.7002401940389075,False,False,False,B,19,32,44,35,52,25,16,-9,1,1,1,1,1,1,6,True,True,True,True,True
10611808,B,0.0,0.8645833333333334,0.7291666666666666,1.0,0.2708333333333333,0.0,0.7708333333333334,0.7847222222222222,0.7291666666666666,0.71875,0.8229166666666666,652.703125,6.481122393434215,293.2239583333333,5.680936679952912,637.9236111111111,6.458218544375599,293.49305555555554,5.681853978189442,697.0416666666666,6.546845188983335,292.4166666666667,5.678179725795215,722.6770833333334,6.582962487994186,371.8645833333333,5.9185297647030914,582.7291666666666,6.367722527241068,214.58333333333334,5.368698163309836,529.796875,607.9375,820.375,6.272493678368328,6.410072080629659,6.7097615527938865,531.3125,585.0416666666666,797.4166666666666,6.275350360377578,6.371683069766696,6.681377335991263,525.25,676.625,889.25,6.26387433972511,6.517117205117142,6.7903784108285645,601.125,709.78125,857.125,6.398802899597826,6.56495682397169,6.753583765604528,458.46875,506.09375,783.625,6.127892132339918,6.226721928805703,6.663930589594132,50.71452393821693,0.03543728379240246,65.08041373261854,0.21593021692332603,57.238009175159405,0.9475214165437187,61.51011508407834,0.9710096913526125,57.03494028394305,0.8160449347160554,61.70450217356636,33.12090849369719,61.1618288494656,30.703616656887373,63.724481318525164,41.57625615372761,74.00918967345521,57.102045799877196,55.94679282558958,25.530547440224648,1.0,0.8952879581151832,0.7894736842105263,1.0,0.21052631578947367,0.0,0.8219895287958116,0.8111888111888111,0.8541666666666666,0.8631578947368421,0.78125,816.2356020942408,6.704703041346851,472.6910994764398,6.158442108505017,827.9440559440559,6.718945586817666,496.72027972027973,6.208027050191202,781.3541666666666,6.661028525495846,401.1041666666667,5.994221160821445,863.7157894736843,6.761243767320582,540.0631578947368,6.291686091783469,769.25,6.6454160142021514,406.0208333333333,6.006404471914133,707.03125,764.484375,979.7460317460317,6.561074865768401,6.639201586965355,6.887293386799563,696.4791666666666,753.4375,1038.2978723404256,6.546037881310431,6.62464606837549,6.94533799013118,738.6875,797.625,807.75,6.60487496277246,6.681638562188511,6.694252604704608,737.15625,885.5625,971.8064516129032,6.6027998778598995,6.786223036324445,6.879156660777614,676.90625,643.40625,987.4375,6.517532784741252,6.4667763287770175,6.895113203633068,61.22396622491184,0.48850388972753067,60.81775578517806,0.5403794085177411,61.28154026767559,0.8572592623527169,61.69144566622842,0.5987694566873525,60.27446341907738,0.9156572518841639,59.36330935505648,30.265650598486403,58.42651675217113,29.329631009754287,63.309596210477075,32.40191669791648,63.52645246760073,33.38105044799879,56.92006499769379,27.286797400223538,0.05555555555555558,-0.10416666666666663,-0.04297785547785549,0.08190789473684212,7.842404557459133,4.475174800135292,-0.46378448249753035,1.41698224715104,-0.7315911996203927,0.15496475663655707,-0.31687985383497574,-0.31688779519681143,-2.5626524690595645,18.062396847865628,-4.883079458305943,6.6063874699069345,-10.87263949684024,31.571498359652548,-3.0722856881621894,6.094253047775251,-59.11805555555554,139.94791666666674,46.58988927738926,94.46578947368425,-0.08862664460773573,0.21523996075311747,0.057917061321820285,0.11582775311843019,1.0763888888888573,157.28124999999997,95.61611305361305,134.04232456140352,-0.94316790554598,-0.8811348432847753,-0.853502869491003,False,False,False,B,6,4,0,5,0,-6,-1,5,1,1,1,1,1,1,6,True,True,True,True,True
10611812,B,0.0,0.8802083333333334,0.8333333333333334,0.9270833333333334,0.16666666666666666,0.07291666666666667,0.765625,0.7708333333333334,0.75,0.75,0.78125,787.2359375000332,6.668527997008042,202.18958333336926,5.309205788609339,790.8062500000428,6.673052994654258,201.83958333338123,5.307473239989516,776.5250000000038,6.654828837820635,203.23958333333334,5.314385496602062,790.3250000000312,6.672444253267516,279.72395833336253,5.633803253791463,784.146875000035,6.664596343365625,124.655208333376,4.825551592757914,616.2656250000874,713.1312500000495,1032.3109374999624,6.423678080005184,6.569665484819897,6.939555196688071,631.8229166667251,693.2770833333683,1047.3187500000352,6.448609159737276,6.541429750928411,6.953988605798478,569.5937500001746,772.6937500000934,987.2874999997438,6.3449233874255135,6.649882786386176,6.894961283744936,635.1656250001399,735.4468749999944,1000.3624999999595,6.453885791655177,6.600478307657126,6.908117713294845,597.3656250000349,690.8156250001048,1064.2593749999653,6.3925293631154725,6.5378729647198295,6.970034413689866,53.58182535149508,0.09961522551551061,50.79255782907893,0.10402670648107376,59.658827032025876,0.1421035716944537,52.18017082006841,0.08239824816558466,54.91985770746983,0.13084214533425909,55.30863712279637,39.998746099687914,55.81927925856195,43.13977369753269,53.77009903438218,31.419920001240033,56.54023660703123,34.45441610166251,54.182527499266996,43.0961101706156,40.0,,,,,,,,,,,,,,,,,,,,,,,,,,,,,,,,,,,,,,,,,,,,,,,,,,,,,,,,,,,,,,,,,,,,,,,,,,,,,,,,,0.02083333333333337,-0.03125,,,-8.866269202946945,-2.739686887401419,,,-0.03807686521337994,-0.04844389716867442,,,2.0491802241797714,2.3577091077642365,,,11.719853696292656,-8.641694068953093,,,14.281250000038995,6.178124999996157,,,0.01822415683362255,0.00784790990189066,,,-1.399999999952115,155.06874999998655,,,0.0658221637641891,-0.3446558660406418,0.0255191588080727,True,False,True,B,14,30,43,57,54,29,43,14,1,1,1,1,1,1,6,True,True,False,False,True
10611825,B,0.0,0.9270833333333334,0.9166666666666666,0.9375,0.08333333333333333,0.0625,0.8645833333333334,0.875,0.8333333333333334,0.9270833333333334,0.8020833333333334,519.0203125023595,6.251943020169505,201.3114583349476,5.304853252709561,520.084722225037,6.253991725660093,193.34444444874921,5.264473284507578,515.8270833343267,6.2457715995025245,225.21249999354268,5.417044400913146,491.10937500000017,6.196666862661403,190.45624999950323,5.2494225093958775,546.9312500047189,6.3043231089739304,212.16666667039195,5.35737212934691,433.8640625085683,495.8796874899416,627.3171875085685,6.072731265010427,6.206333331756675,6.441452293912056,432.26666667809104,494.96041665226215,633.027083344758,6.069042681779786,6.204477793012144,6.450513206923615,438.6562500000001,498.6375000029801,610.1875000000001,6.0837160767346,6.211879378856911,6.41376628698589,433.9531250000001,422.7874999865889,616.5875000134115,6.072936521354796,6.04686968872126,6.424200242806425,433.77500001713645,568.9718749932944,638.0468750037256,6.072525966527241,6.343831004070405,6.458411752438543,50.397832334082096,0.1643697102612205,47.86706489926952,0.21627960883980235,54.92287200913194,0.8156307424351779,47.215235241538174,0.26464598705101083,53.3057661589805,0.11164090207504868,43.89884767257516,32.494010610424326,44.024854492476315,31.60383141071689,43.77266501650807,35.356696635457695,40.01981894129784,8.588671710044654,46.85557702252737,40.867462593258026,0.0,0.8802083333333334,0.8645833333333334,0.8958333333333334,0.13541666666666666,0.10416666666666667,0.8020833333333334,0.7916666666666666,0.8333333333333334,0.78125,0.8229166666666666,724.5369791692743,6.585532801409571,280.866145833085,5.637878206494901,754.3006944441133,6.625791087506269,292.4770833320088,5.6783863160197035,635.2458333447572,6.454012063099277,246.0333333363135,5.50546702812001,864.0187500044702,6.761594469962646,321.8875000017385,5.774202105620801,585.0552083340784,6.371706215999631,239.84479166443148,5.479992012742241,606.0968750081954,668.5843749940396,898.9296875055878,6.407039833042604,6.505162603976218,6.801204819517013,607.4645833348233,708.9249999920529,946.5125000054637,6.40929387447792,6.563749738132858,6.8527841771183935,601.9937500283118,547.5624999999999,756.1812500059602,6.400247063242157,6.305476610426583,6.628281096129542,694.0656250119207,763.4781249985097,1134.5125000029802,6.542566516572148,6.637884473296714,7.0339583222314594,518.1281250044702,573.6906249895696,663.3468750081954,6.250222557243086,6.352090270162765,6.497298043427273,50.55061483820291,0.09684046678106073,40.895496952825326,0.8866130096059777,63.55821640959709,0.17582657696946957,40.442636624290635,0.8333410259178702,57.124188959747194,0.08259119167011059,45.94813071507954,24.90152302934327,44.18314246369349,23.22496756243764,50.6361767175383,11.75236476438806,46.39248348802742,20.506253846058634,46.39958626324936,27.830135846244293,0.04166666666666663,0.125,-0.04166666666666674,-0.04166666666666663,-7.055807109862421,-6.090530917442322,-22.66271945677176,-16.68155233545656,-0.5993511335953755,0.15300508497596216,0.7107864326365081,0.7507498342477597,0.2521894759682439,-6.835758081229528,-6.453034253844805,-0.007102775221937918,-3.7528652247408054,-32.278790883213375,11.47260279804958,-7.323882000185659,4.257638890710268,-55.82187500471872,119.05486109935612,278.9635416703918,0.008220126157568508,-0.10765624631252724,0.1717790244069919,0.3898882539630151,-31.868055544793464,-21.71041667088872,46.44374999569533,82.042708337307,0.702545553870543,-0.3326003141272649,0.3893804721162393,True,False,True,B,17,17,11,28,11,-6,11,17,1,1,1,1,1,1,6,True,True,True,True,True
10611841,B,0.0,0.9322916666666666,0.9270833333333334,0.9375,0.07291666666666667,0.0625,0.8645833333333334,0.8888888888888888,0.7916666666666666,0.875,0.8541666666666666,929.4218749999974,6.83456275306423,536.8020833333331,6.285629466673289,855.3194444444421,6.75147501839174,500.74305555555577,6.216093106363006,1151.7291666666636,7.049019715236248,644.9791666666652,6.46921801653252,1039.4791666666663,6.946475065410522,600.4375000000014,6.39765855616996,819.3645833333285,6.708529141495373,473.16666666666487,6.159447687244913,706.4843750000025,796.6874999999925,1285.0937499999968,6.5603010858149124,6.6804625065431305,7.158586951866514,628.0208333333364,636.4791666666571,1301.4583333333323,6.4425733400156195,6.455951686380338,7.171240709579724,941.8750000000009,1277.3124999999989,1235.999999999991,6.847872569380761,7.152513540268754,7.119635638017629,884.3125000000032,1012.249999999996,1221.8749999999995,6.784810506956175,6.919930854912266,7.108141843173731,528.6562500000018,581.1249999999891,1348.3124999999945,6.270338409675569,6.36496588001073,7.206609089530819,50.80555558446788,0.20269467543303582,50.004359692614074,0.8389407042325941,52.571843820267055,0.6145360829298188,43.083814819452385,0.7002469575260379,53.466476392380784,0.16310348120318208,49.99999999997941,30.578157377706848,50.74773079190045,27.54203184682639,48.38961227173658,31.20887147894948,52.68707595621926,33.403382819106646,48.50505698448604,30.218323743616182,0.0,0.8854166666666666,0.8645833333333334,0.90625,0.13541666666666666,0.09375,0.8385416666666666,0.8333333333333334,0.8541666666666666,0.9166666666666666,0.7604166666666666,884.5312499999995,6.785057843671034,645.348958333332,6.469791191168686,892.6597222222238,6.794205458115359,637.5416666666665,6.457619634373867,860.145833333327,6.757101948514972,668.7708333333286,6.505441450372951,831.1562499999997,6.722817803654813,668.6145833333325,6.505207785494061,937.9062499999994,6.843649997316124,622.0833333333316,6.433074060185287,725.9375000000009,714.7968749999984,1212.8593749999993,6.587463922964729,6.571998411423448,7.100735970648857,669.3958333333375,693.3333333333312,1315.2500000000025,6.506375564278227,6.541510884027251,7.181782040610918,895.5624999999916,779.1875,905.6874999999891,6.797452012476812,6.658251710105194,6.808694323806131,783.84375,713.1249999999986,996.5000000000005,6.664209702018441,6.569656720616338,6.90424913965285,668.0312500000019,716.4687499999982,1429.2187499999982,6.504334953879557,6.574334631522933,7.264883245290737,47.20962903122606,0.17409855867700885,45.644422922232046,0.1452472827904261,52.75474849048875,0.9442678327779207,47.135444852475324,0.9704831744196212,48.38948181452457,0.09116279841333308,49.24925106619952,33.870270276993686,47.52397430412917,24.119134946050984,59.87497978054736,28.67224228456846,55.95508052957102,45.70707497952228,48.44591161404924,30.386510684392285,0.09722222222222221,0.02083333333333337,-0.02083333333333326,0.15625,-2.567484127652982,-10.382661572928399,-7.110325568256705,-1.2540369620492484,0.2244046213027754,0.5371434763228559,-0.7990205499874946,0.8793203760062881,2.3581185201638704,4.182018971733221,-12.351005476418194,7.509168915521784,-3.6668396321230894,3.1850590754904644,-4.553107338517474,15.320564295129998,-296.4097222222215,220.1145833333378,32.51388888889676,-106.74999999999977,-0.29754469684450857,0.23794592391514868,0.037103509600386886,-0.12083219366131104,-144.23611111110938,127.2708333333365,-31.22916666666208,46.53125000000091,0.1043284612985551,-0.5174293841563693,0.6579738614971562,True,False,True,B,0,0,0,0,0,0,0,0,1,1,1,1,1,1,6,True,True,True,True,True
10611848,B,1.0,0.8638743455497382,0.9583333333333334,0.7684210526315789,0.041666666666666664,0.23157894736842105,0.9895287958115183,0.986013986013986,1.0,0.9894736842105263,0.9895833333333334,748.1078534013938,6.617547156619533,256.52879581401487,5.547240922691774,759.052447549113,6.632070875863497,269.35524475741215,5.596031120841227,715.5020833363136,6.57298451071318,218.3166666701436,5.385946608191475,791.7905263135308,6.674296869853712,272.2789473634017,5.6068270825644975,704.8802083320916,6.558027871115251,240.94270834326744,5.484559180512923,676.0714285789973,778.254687493667,788.8718749936672,6.51629873403936,6.657053832424256,6.6706039185511825,672.1170212842048,801.9624999935428,801.2666666557393,6.510432464178527,6.68706184866053,6.686193808836941,687.6875000074507,707.1312499940396,751.6875000074504,6.533334519640966,6.561216292222866,6.6223206790807465,722.9838709831239,824.9999999888239,825.2374999895692,6.583386913449518,6.715383386321134,6.715671223680773,630.6249999999998,731.50937499851,752.5062499977652,6.446711391107873,6.595110036507253,6.6234093022334095,36.393269609127614,0.17232322761559066,35.748841924503196,0.20484073365895428,43.27256040235474,0.14593396529720437,39.26836398025899,0.12172024793222441,38.319552795592216,0.7055251275308999,80.0006637398833,7.449203246668654,80.00066375684594,7.448683937627037,0.0,39.247,80.0006637398833,7.449203246668654,80.0006637398833,7.449203246668654,0.0,0.859375,0.9583333333333334,0.7604166666666666,0.041666666666666664,0.23958333333333334,0.765625,0.7430555555555556,0.8333333333333334,0.53125,1.0,880.154166666791,6.780097081522463,419.2947916680326,6.038574232606683,852.6368055575426,6.748333672010142,397.7138888893856,5.985732874634742,962.7062499945359,6.869748328914645,484.03750000397366,6.182162383062315,914.4833333281182,6.818359242763935,520.8624999945363,6.255486091364015,845.8250000054637,6.740312482423111,317.72708334152895,5.761192785805505,761.0624999962747,857.9203124996276,1021.4796875044705,6.634715483262331,6.754511219300171,6.929007529091265,759.0895833298565,880.8729166686538,917.9479166741176,6.632119798533439,6.780913366574038,6.822140653361854,766.9812499955294,789.0624999925492,1332.074999995529,6.642462355169532,6.6708455318943365,7.194493155818144,792.9312499947845,944.8874999880798,1005.6312500014905,6.675736521779153,6.851065872775349,6.913370732769215,729.1937499977648,770.9531250111756,1037.3281250074506,6.591939471727959,6.647627574064202,6.944403575737861,37.918546956173635,0.132300433654433,37.5093126203456,0.19912548822582887,44.551604873717004,0.1376682536372248,43.178239587971674,0.12169152233358255,32.20619287660752,0.12025672470300541,87.10341202063647,75.28734335534385,80.35009181576764,72.17054689677161,96.44643198771507,50.39745028740335,87.10341202059668,75.28734335526336,0.0,39.247,-0.013986013986013957,-0.00010964912280708727,-0.09027777777777779,-0.46875,-7.523718477851546,0.9488111846667735,-7.042292253371407,10.972046711364158,0.058906768361749906,-0.5838048795986754,0.06145723458860408,0.0014347976305771337,80.00066375684594,0.0,-16.096340171947432,87.10341202059668,-31.79831606237296,0.0,21.77309660936826,36.04034335526336,43.55036421279942,86.91031798143922,-110.06944443699331,68.65833332265447,0.059086365150316844,0.11626899873846064,-0.12141465690450293,0.07804676034082458,51.03857808726855,31.336239020134258,-86.32361111458806,203.13541665300733,-0.5643420178211762,-1.0260067862170992,-1.3360155561494202,False,False,False,B,0,17,5,40,7,5,40,35,1,1,1,1,1,1,6,True,True,True,True,True
10611879,B,0.0,0.921875,0.9583333333333334,0.8854166666666666,0.041666666666666664,0.11458333333333333,1.0,1.0,1.0,1.0,1.0,666.2708333333334,6.501696244534637,386.75,5.957778489453175,643.8263888888889,6.4674291072897985,391.0625,5.9688673937585826,733.6041666666666,6.597969600678942,373.8125,5.923754334804776,652.4895833333334,6.480795174829317,392.28125,5.971979057018482,680.0520833333334,6.522169388374302,381.21875,5.943373357349011,561.84375,620.734375,816.234375,6.331223786326569,6.430903252907562,6.7047015379878205,559.9791666666666,616.4791666666666,755.0208333333334,6.327899580656217,6.424024529116401,6.626745342687307,567.4375,633.5,999.875,6.341130611131976,6.451259999761194,6.907630271168986,549.78125,617.09375,790.59375,6.30952047183932,6.425020957257583,6.672784245443025,573.90625,624.375,841.875,6.352466055454041,6.436751149402818,6.735631547164629,45.02621080218688,0.1364490333500833,44.38086987728422,0.20299618405419984,46.56422847417781,0.07690509644067611,44.79833506961481,0.09229253399037518,45.760005255767624,0.191226075576498,0.0,39.247,0.0,39.247,0.0,39.247,0.0,39.247,0.0,39.247,0.0,0.8958333333333334,0.8333333333333334,0.9583333333333334,0.16666666666666666,0.041666666666666664,1.0,1.0,1.0,1.0,1.0,703.359375,6.555867963182905,509.265625,6.232969737012264,701.4652777777778,6.553171401208124,535.25,6.282733927469792,709.0416666666666,6.563914293023491,431.3125,6.066832885380821,777.6770833333334,6.656311378034292,595.0416666666666,6.388631431104987,629.0416666666666,6.444197497219791,423.4895833333333,6.048528917174101,611.21875,692.609375,806.25,6.415454914737791,6.540466167828199,6.692393868109982,605.0625,677.25,822.0833333333334,6.4053317584802905,6.518040480965205,6.711841768668715,629.6875,738.6875,758.75,6.445223664575103,6.60487496277246,6.631672342373708,674.0625,751.53125,907.4375,6.513322836583476,6.622112791828127,6.8106246932439065,548.375,633.6875,705.0625,6.306959359486378,6.451555930712798,6.558286451365139,59.658827032025876,0.1421035716944537,57.000099730154915,0.13246770818259723,63.422444660435886,0.3740559922876876,60.014382389213175,0.18227697996356224,58.55001446272351,0.11437164160619023,0.0,39.247,0.0,39.247,0.0,39.247,0.0,39.247,0.0,39.247,0.0,0.0,0.0,0.0,-2.1833585968935907,-0.9616701861528156,-6.422344930280971,1.4643679264896647,0.12609108761352372,-0.09893354158612283,-0.24158828410509037,0.067905338357372,0.0,0.0,0.0,0.0,0.0,0.0,0.0,0.0,-89.77777777777771,-27.5625,-7.5763888888888005,148.63541666666674,-0.13054049338914364,-0.041374213544985494,-0.010742891815366917,0.21211388081450178,17.25,11.0625,103.9375,171.55208333333331,-0.4242842610568575,-0.4287804087855611,0.7953677532203811,False,False,True,B,0,0,0,0,0,0,0,0,1,1,1,1,1,1,6,True,True,True,True,True
10611888,B,0.0,0.8802083333333334,0.7708333333333334,0.9895833333333334,0.22916666666666666,0.010416666666666666,0.6927083333333334,0.6944444444444444,0.6875,0.6875,0.6979166666666666,784.90052083383,6.6655569846996645,338.82656250180065,5.825488361421884,763.3854166662527,6.6377630369930225,322.34513889004796,5.77562283141971,849.4458333365619,6.744584176085,388.2708333370586,5.961703120182369,792.2979166675359,6.674937478493469,366.82812500000017,5.904893414105837,777.503125000124,6.6560876633380754,310.82500000360113,5.739230052850587,654.7203125022352,828.3875000011176,871.5937499981372,6.484208140629781,6.719481040080106,6.770323432322104,659.1145833345752,811.5562499985099,819.4854166656731,6.490897393947373,6.698953700631892,6.70867660262063,641.5375000052154,878.8812500089406,1027.9187499955292,6.463867639097303,6.778649791868172,6.935291405922195,647.5843750052154,917.6156249977648,811.6937499996274,6.473249093972591,6.8217785937845745,6.699123113847905,661.8562499992549,739.1593750044703,931.493749996647,6.4950483873413845,6.605513560760502,6.836789480407375,60.92993545046284,0.7032211522961993,60.80994798150858,0.8557922313384754,60.78175709446266,0.6164098510932534,50.722314236353,0.11664438901328023,60.62198191132158,0.8299051498465417,67.34433481844158,33.663195125999316,67.30526622433969,32.73118818559301,67.87638394476474,37.587241547854454,67.87384106703242,31.549466375213743,66.58612712351118,35.679940897777506,2.0,0.9052631578947369,0.8191489361702128,0.9895833333333334,0.18085106382978725,0.010416666666666666,0.7210526315789474,0.7323943661971831,0.6875,0.7291666666666666,0.7127659574468085,854.136842104322,6.750091417608163,491.5994736831439,6.197664307071176,842.459154926975,6.736325180252442,485.1774647857102,6.184514730784585,888.6833333373069,6.789740966587821,510.5979166713853,6.235582424641177,867.6781249983857,6.765820822153648,621.7489583299806,6.432536407298082,840.307446808257,6.7337678329778,358.68085106509795,5.882432998850905,766.4062499925494,807.979032259795,986.5828125029801,6.6417123816241155,6.694536108010863,6.894247267710308,739.1062499905626,830.5456521731357,957.2291666691502,6.6054416859728695,6.722082897046659,6.864042826390249,848.3062499985099,743.1000000089406,1074.64375000447,6.743241714461321,6.610830625175455,6.979744490293512,709.168749993667,859.7687500007453,1034.096875000745,6.564093509486503,6.756663457740746,6.941283740235629,823.6437499914318,752.7366666694483,939.0687500052154,6.7137380941792095,6.623715454377932,6.844888692721076,59.14168733354545,0.16048167418672038,56.825612269064095,0.10845389609864892,59.658827032025876,0.1421035716944537,58.512381484319704,0.8009798284704353,61.35340033633308,0.5434368736575692,58.46935623715901,35.28307586300537,59.16907284261969,33.48283124561508,56.266567768372504,39.57344626570552,60.000014256670354,35.62660190840089,56.98095083718069,34.407894819896434,0.00694444444444442,-0.01041666666666663,0.04489436619718312,0.016400709219858145,0.028190887045916213,-9.899667674968583,-2.8332147629617808,-2.8410188520133772,0.23938238024522196,-0.7132607608332615,-0.033649675595804784,0.25754295481286604,-0.5711177204250504,1.28771394352124,2.9025050742471876,3.0190634194896617,-4.8560533622614415,-4.1304745225637625,-6.090615020090439,1.218707088504459,-86.06041667030922,14.794791667411914,-46.22417841033189,27.370678190128615,-0.1068211390919771,0.0188498151553933,-0.05341578633537836,0.03205298917584809,-65.92569444701064,56.00312499639904,-25.420451885675106,263.06810726488266,-0.0245063933728153,-0.0736027676736588,0.0863133972929299,False,True,True,B,63,76,66,86,71,3,23,20,1,1,1,1,1,1,6,True,True,True,True,True
10611904,B,0.0,0.9635416666666666,0.9375,0.9895833333333334,0.0625,0.010416666666666666,0.8697916666666666,0.8611111111111112,0.8958333333333334,0.84375,0.8958333333333334,634.6833333385488,6.453126186850819,328.93645834301907,5.795864596376759,622.6944444427886,6.434055940115127,329.5576388902134,5.797751266991009,670.6500000258285,6.508247391386612,327.07291670143593,5.790183132893924,677.2656250124174,6.518063551961403,352.2010416785876,5.864202153691427,592.1010416646799,6.383677298807725,305.6718750074505,5.722512222726015,544.4937500171363,597.9390625059605,761.6171874925492,6.29985646391804,6.393488846594308,6.635444050833526,531.8895833442608,582.7437499960265,753.449999988079,6.276435917695368,6.367747552840809,6.624662658848341,582.3062500357626,643.5250000357624,786.1187500059605,6.366996512145875,6.4669608763759605,6.667107862450076,570.1187500283122,649.046875014901,812.6312499940392,6.3458446725132145,6.475504940621152,6.700277439612163,518.8687500059605,546.8312499970199,710.6031249910593,6.251650961021854,6.304140253906258,6.566114081256766,54.018635119882425,0.24519310008146128,54.82402879237173,0.21249803035205933,49.99999999999999,1.0,52.97881171654815,0.2090122354164488,50.007248269870644,0.19548391077722355,60.00000028442635,31.683936225810744,60.00000028442622,31.68393622580963,60.00000028442611,31.683936225809894,58.337103283381374,35.74025912607946,62.166933848054676,26.32849925955778,0.0,0.921875,0.84375,1.0,0.15625,0.0,0.8229166666666666,0.8194444444444444,0.8333333333333334,0.8958333333333334,0.75,746.9192708345751,6.615957108120787,445.5223958355685,6.0992475168831515,735.6923611197208,6.60081204373863,454.3173611164092,6.11879598712743,780.5999999791385,6.66006285471979,419.1374999930463,6.038199028363249,758.2885416671635,6.631063975039069,487.36770833780366,6.189018886098879,735.5500000019869,6.600618518698922,403.6770833333333,6.000615259671772,623.8593750074506,707.4999999962749,909.3984375,6.435924982406937,6.561737629512128,6.81278332322361,602.4604166746138,718.483333349228,886.1333333353201,6.4010219647412,6.5771425087980235,6.786867428374517,688.0562500059607,674.5499999374156,979.1937499940396,6.5338705933208745,6.514045801792046,6.886729528970167,626.4656250029801,688.4468749910594,959.9531250074509,6.440093904519517,6.534438154684872,6.866884455152512,621.253125011921,726.5531250014905,858.8437499925493,6.431738607598462,6.588311604908774,6.755587007874917,59.65860928656339,0.8427013161550823,59.430893752975784,0.9963326866913322,61.35498417256841,0.3771588020466767,58.965175517628396,0.7619238537028454,58.06608656319144,0.16567812365346246,62.05922248921058,28.567044373911976,62.10256615888795,33.286622546836796,67.76666776677379,11.282181487762324,51.62245799902522,11.392966078356705,65.04117706407892,31.082429375777902,-0.03472222222222221,-0.05208333333333337,-0.01388888888888895,0.14583333333333337,4.824028792371735,2.971563446677507,-1.9240904195926234,0.8990889544369551,-0.7875019696479406,0.013528324639225264,0.6191738846446555,0.596245730049383,1.1368683772161603e-13,-3.8298305646733013,-5.66410160788584,-13.4187190650537,-2.6290081223123707e-13,9.411759866521678,22.004441059074473,-19.6894632974212,-47.95555558303988,85.16458334773756,-44.907638859417716,22.738541665176626,-0.07419145127148496,0.13438625315367858,-0.05925081098116003,0.03044545634014728,2.484722188777482,46.52916667113709,35.17986112336291,83.69062500447035,-0.1372182722167276,-0.6499974491555663,-0.61147743739036,False,False,False,B,74,74,61,75,57,-13,1,14,1,1,1,1,1,1,6,True,True,True,True,True
10611905,B,2.0,0.8947368421052632,0.9052631578947369,0.8842105263157894,0.09473684210526316,0.11578947368421053,0.7,0.6901408450704225,0.7291666666666666,0.7395833333333334,0.6595744680851063,869.4415789516348,6.767851142292226,571.0868421001185,6.347541285832856,843.187323947188,6.737189144404633,591.303521120884,6.382329457689629,947.1104166731238,6.853415682664998,511.27916666368645,6.236915755438661,849.6468750076992,6.74482082199736,614.9302083276215,6.421508778972792,889.6574468092715,6.790836497411009,526.3106382933067,6.26589160551913,838.6187500059608,865.1968253964466,904.9984127056033,6.731756193186878,6.7629570248586335,6.807933189781927,865.5333333387974,802.6297872320132,860.9234042624213,6.763345887264356,6.687893570565527,6.758005539102746,757.8750000074507,1048.9875000044697,1034.468750007451,6.630518464401725,6.955580692218979,6.941643288906666,796.3000000044708,857.1406250037251,895.5000000149017,6.679975999269014,6.753601994989167,6.797382221517407,880.9375000074508,873.5129032211916,914.8032258056824,6.7809866813168895,6.772522901326704,6.818708988383863,53.457450950139695,0.30482540393376273,52.06236532356351,0.2122204327456262,52.727180107262704,0.9999997312125003,58.26923769041454,0.7836099307932551,56.79204393259272,0.9891412223962297,59.19624150168544,59.86328934420726,60.889517658727016,66.6588149543899,56.21019415863498,47.67929531721379,59.520536211488654,62.24887970214948,58.987340913080686,58.25402711655542,2.0,0.9,0.9166666666666666,0.8829787234042553,0.08333333333333333,0.11702127659574468,0.6684210526315789,0.6944444444444444,0.5869565217391305,0.7708333333333334,0.5638297872340425,940.070526313782,6.845954900442975,683.7636842070133,6.5276123670013915,950.3076388877301,6.856785762580974,661.1229166650113,6.493939778184372,908.0239130388136,6.811270714200338,754.6391304254546,6.626239662037126,916.41562499851,6.820470000847024,640.4104166676599,6.462109246867317,964.2287234017192,6.871328531407214,728.0393616940124,6.590355114996056,898.2187499962747,875.8444444433093,1046.8126984115636,6.800413635515109,6.7751885003317085,6.953505301277451,924.99374999851,842.7562499990069,1083.1729166656735,6.829786980731231,6.736677770282466,6.987649898767209,817.8937499895688,981.7266666650771,930.4599999984108,6.70673243817801,6.889312926091468,6.835679087515549,876.8687499985099,922.9031249992547,949.4749999977653,6.776357323245875,6.8275242723306535,6.855909200256173,919.5687499940395,827.2677419339461,1147.2903225806456,6.823904810138979,6.718128393454721,7.04515819981846,51.05506364583325,0.17060218288113155,43.03039761420101,0.9993788196322422,52.540107902529186,0.7072020531773161,54.51086954275389,0.22706633031084927,47.89881622178726,0.1512691389961326,63.47381024007458,99.34737574315521,71.24196722558385,105.03074958593177,49.18214231816785,94.45131785719848,49.84575629156306,61.8294511611908,85.43375924153301,134.95246529805178,-0.039025821596244126,0.08000886524822703,0.10748792270531393,0.20700354609929084,-0.6648147836991924,1.4771937578218228,-9.50971028832818,6.612053320966631,-0.7877792984668741,-0.20553129160297456,0.2921767664549261,0.07579719131471668,4.679323500092039,0.5331952984079678,22.059824907416,-35.58800294996995,18.979519637176104,3.99485258559406,10.579431728733297,-73.12301413686097,-103.92309272593582,-40.01057180157227,42.28372584891656,-47.81309840320921,-0.11622653826036533,-0.04601567541364915,0.04551504838063547,-0.050858530560190296,80.0243544571976,88.61957003431473,-93.51621376044329,-87.62894502635254,-0.9580927604093964,-0.6253024152192248,-0.8477896629076728,False,False,False,B,11,3,4,7,3,-7,-4,3,1,1,1,1,1,1,6,True,True,True,True,True
10611981,B,7.0,0.8918918918918919,0.9239130434782609,0.8602150537634409,0.07608695652173914,0.13978494623655913,0.8797814207650273,0.8905109489051095,0.8478260869565217,0.9080459770114943,0.8541666666666666,668.9205405402827,6.505665279591712,424.624324329737,6.051204835263084,662.7899280537804,6.496458089380489,441.82086331415513,6.09090451330732,687.4456521842789,6.532982775047681,372.6608695724737,5.920668809217018,682.6123595291308,6.5259271428559025,469.82584270252266,6.152362078592996,656.2270833527048,6.486506892690692,382.71875000496703,5.947300385234539,583.9786885214634,603.1950000007947,811.49843750149,6.3698644899046,6.402240527536041,6.6988824615079245,578.8673912960551,579.7088888857099,821.1041666666665,6.3610734207647255,6.362526061824316,6.710649979195433,599.6533333460487,673.6533333460487,782.6812500059602,6.396351710481673,6.512715636376431,6.662725524992949,583.6482758439819,616.1714285441807,830.4343749806283,6.369298534001928,6.423525217908383,6.721948907244427,584.2781250104309,591.8406250253319,792.5625000223516,6.370377110917474,6.383237384155044,6.67527136702332,49.915612133406036,0.12565058086127118,47.86116627569688,0.13385669648082443,59.1029548204976,0.9999770248664079,45.804089638078004,0.2517695118714434,52.46584984684018,0.2049998131352146,49.68278723541991,26.83968748421419,47.49522646475341,22.70484842848824,51.09201775549238,11.496639595455875,49.438255953066616,11.815166596209734,51.49494301774479,30.21832373777427,192.0,,,,,,,,,,,,,,,,,,,,,,,,,,,,,,,,,,,,,,,,,,,,,,,,,,,,,,,,,,,,,,,,,,,,,,,,,,,,,,,,,0.04268486194858778,0.053879310344827624,,,-11.24178854480072,-6.661760208762175,,,-0.8661203283855835,0.046769698736228826,,,-3.5967912907389703,-2.0566870646781723,,,11.208208833032366,-18.403157141564535,,,-24.65572413049847,26.385276176426032,,,-0.03652468566719147,0.03942025016521011,,,69.15999374168143,87.10709269755563,,,-0.4652320679337074,-0.681347402395122,0.1732768389413623,False,False,True,B,17,23,55,29,65,38,12,-26,1,1,1,1,1,1,6,True,True,False,False,True
10611992,B,0.0,0.9270833333333334,0.875,0.9791666666666666,0.125,0.020833333333333332,0.6875,0.6944444444444444,0.6666666666666666,0.7291666666666666,0.6458333333333334,754.2916666666666,6.625779119027998,552.7291666666666,6.314868128691059,761.9027777777778,6.635818959328438,564.0208333333334,6.335091189350127,731.4583333333334,6.595040258254587,518.8541666666666,6.251622854599493,698.7604166666666,6.5493079319312395,548.7604166666666,6.307661946745282,809.8229166666666,6.696815602366166,556.6979166666666,6.322022752891579,632.8125,682.15625,947.90625,6.450174169734959,6.525258737174636,6.854255604959782,665.0,693.6458333333334,927.0625,6.499787040655854,6.5419615036368315,6.832020985083831,536.25,647.6875,1010.4375,6.284600470242227,6.473408326944436,6.918138684361825,523.625,688.9375,883.71875,6.260775779267199,6.5351505557235345,6.7841388559066536,742.0,675.375,1012.09375,6.60934924316738,6.51526809216423,6.9197764838966656,54.964320113307025,0.27057899172290667,54.303311317854735,0.2133239113759126,58.10272328617425,0.9999110556946804,58.53202685930055,0.8128161193705075,58.35492431471647,0.9364077507955662,57.8441702606093,37.50717565445352,59.20051920698955,38.526327074015455,54.909656413971426,35.538689711809056,59.15717087896028,34.48868899764374,56.56091598884081,41.12004242749971,0.0,0.9635416666666666,0.9583333333333334,0.96875,0.041666666666666664,0.03125,0.7604166666666666,0.7847222222222222,0.6875,0.7395833333333334,0.78125,764.4270833333334,6.639126642577463,582.171875,6.366765722003115,751.8541666666666,6.622542377838544,555.6458333333334,6.320131100878323,802.1458333333334,6.687290428410139,661.75,6.494887841107211,788.5625,6.67021166768796,657.96875,6.489157437796302,740.2916666666666,6.6070442526879605,506.375,6.227277501522854,681.171875,706.71875,905.390625,6.523814660502244,6.5606327791122165,6.80836648040882,653.7916666666666,706.625,895.1458333333334,6.482788748211123,6.560500114995455,6.796986647273086,763.3125,707.0,936.125,6.637667514931307,6.561030665896573,6.841749014569531,697.65625,723.4375,944.59375,6.547726502944974,6.5840141567146535,6.8507549408828545,664.6875,690.0,866.1875,6.499317005394556,6.536691597591305,6.764101397829021,50.76622488884866,0.21084011875724273,52.341608832375776,0.25410667632358486,47.21399995437746,0.1541645024154379,50.00005308493112,0.19215469418418152,42.53311084530285,0.7681899527720082,55.206929472621866,30.54118470976798,56.977986320489165,28.636917586994258,50.37437354143779,30.571569939626762,58.233500515712436,32.83973979858841,52.755486207930836,27.28845018201692,0.02777777777777779,0.08333333333333326,0.09722222222222221,-0.04166666666666663,-3.799411968319518,0.1771025445840806,5.127608877998313,7.466942239628267,-0.7865871443187678,-0.12359163142505869,0.09994217390814697,-0.5760352585878267,4.290862793018121,2.596254890119468,6.603612779051375,5.478014307781599,2.9876373622063994,-6.63135342985597,-1.9346523526325043,5.551289616571491,30.444444444444457,-111.0625,-50.29166666666674,48.27083333333337,0.040778701073850954,-0.1475076704349263,-0.0647480505715956,0.06316741499999967,45.16666666666674,-7.9375,-106.10416666666663,151.59375,-1.1152981667654651,-0.8403214777441734,-0.4199282454232368,False,False,False,B,0,9,8,11,19,8,11,3,1,1,1,1,1,1,6,True,True,True,True,True
10612047,B,0.0,0.8645833333333334,0.96875,0.7604166666666666,0.03125,0.23958333333333334,0.9479166666666666,0.9583333333333334,0.9166666666666666,0.96875,0.9270833333333334,658.4546874995964,6.489895707121847,298.49427083274355,5.698750739458326,645.4430555558453,6.469936988821085,275.40972222118745,5.618259887854408,697.4895833308498,6.547487579291315,367.74791666741174,5.9073976943870825,643.522916666232,6.466957638937007,267.4177083329609,5.5888118866073615,673.3864583329608,6.512319397129115,329.5708333325262,5.797791303016975,586.9468750013039,621.3562500006518,767.0609374968335,6.374934313179348,6.431904588945523,6.6425662473597535,575.333333335196,596.2020833337059,764.7937499986341,6.354949582978501,6.390579675591616,6.639606189630884,621.7874999996275,696.8187500014899,773.8624999914321,6.432598394495002,6.546525333904,6.651394209218466,535.7625000001863,592.6031250013039,802.203124997206,6.2836909658597335,6.384524908499344,6.687361848862155,638.1312500024214,650.1093749999999,731.9187499964611,6.458543983194056,6.477140617964773,6.595669510528064,37.36362062752348,0.14131497046111768,39.50558737698771,0.16684097290780425,35.153446472886515,0.30823012191267535,37.18688816742883,0.11757195047503344,37.67816262215986,0.19720744354394687,48.723828965375425,29.456643652470508,47.71348066165049,31.188225055432067,50.0,11.906957167391454,60.02194673131137,50.02436028071141,49.63455971029212,11.869284168444954,2.0,0.8789473684210526,0.9574468085106383,0.8020833333333334,0.0425531914893617,0.19791666666666666,0.9,0.9154929577464789,0.8541666666666666,0.925531914893617,0.875,629.501052632771,6.444927525655793,347.50684210407104,5.850784354319129,624.6605633816249,6.437208403615544,332.3042253509793,5.806050890750606,643.8208333340784,6.467420478288447,392.48124999863404,5.97248876537729,649.7329787253699,6.476561476526472,377.4595744666901,5.933463475449346,609.6906250004346,6.412951656381635,318.1781249990066,5.762611367465792,560.9380952380008,575.6031746045936,750.0484375022352,6.32961055226466,6.355418490294379,6.620137787781256,559.621276595491,561.0255319165421,750.6541666692743,6.327260263146976,6.329766415924769,6.620945048591293,564.8062500003728,618.4250000007448,748.2312500011176,6.336482751982489,6.4271759233654215,6.61771208795057,570.8677419356761,583.9580645205511,789.8531250013039,6.347157557495155,6.369829172922134,6.671847010456357,551.3187499996276,567.5093749985099,710.2437500031665,6.312313135537205,6.34125726904027,6.565608220981629,41.70346870733959,0.1676793804202527,40.43732251165694,0.5866312194311776,40.928380328772484,0.832752154289083,44.81954619901842,0.19056822241850818,36.32447924581236,0.12136130498558872,53.19592340837594,34.148154881662464,55.832475637512054,37.05365061570352,49.999999999997904,15.13886675655468,55.678825014461914,51.25426328725095,50.91510405964084,13.466756682999561,0.04166666666666674,0.04166666666666663,0.061326291079812245,0.05053191489361697,4.352140904101198,-0.4912744547310268,-0.4910578171155464,8.495066953206056,-0.1413891490048711,-0.07963549306891343,-0.24612093485790543,0.06920691743291946,-2.286519338349507,10.387387021019244,5.83247563751415,4.763720954821075,19.281267888040613,38.15507611226646,21.914783859148837,37.78750660425139,-52.046527775004506,-29.863541666728793,-19.16026995245352,40.04235372493531,-0.07755059047022961,-0.04536175819210797,-0.0302120746729031,0.06360982014483696,-92.33819444622429,-62.15312499956531,-60.17702464765472,59.2814494676835,-0.5846589022473365,-0.4790994910393585,0.0093890897066615,False,False,True,B,7,6,5,20,4,-2,13,15,1,1,1,1,1,1,6,True,True,True,True,True
10612048,B,0.0,0.9375,0.9791666666666666,0.8958333333333334,0.020833333333333332,0.10416666666666667,0.9166666666666666,0.9166666666666666,0.9166666666666666,0.8958333333333334,0.9375,606.4119791649282,6.407559588692621,282.86458333581686,5.644968279009889,598.0513888854119,6.393676684849456,279.00625000273186,5.63123418301394,631.493750003477,6.4480880446766085,294.4395833350718,5.685073832079708,660.930208331595,6.493648249302306,298.24895833867294,5.697928568394133,551.8937499982615,6.313355545862872,267.4802083329608,5.589045576058514,416.71250000037253,442.76562499720603,959.7578124972061,6.032396535579575,6.093040566830087,6.866680973985527,409.5124999980132,439.98124999552965,944.6604166626931,6.014967427852918,6.086732112357796,6.8508255154660915,438.31250000745064,451.1187500022352,1005.0500000007451,6.082932126314128,6.1117306086186804,6.912792570500146,422.5,444.28749999962747,1116.0031249951573,6.046189446797229,6.096471875401655,7.017508943112208,410.92500000074506,441.24374999478454,803.5124999992549,6.018410716094402,6.0895974438294225,6.688992741994027,43.07629065744712,0.248797226936679,41.782430052850195,0.19013488148012164,47.71428288632499,0.9999999287744978,40.95653109598081,0.534045770485847,44.67789844755872,0.22585870443320344,49.736053988862714,14.806031763340545,49.573833612468405,11.858783493049117,51.38575101488696,14.89027256403149,49.48802069787522,11.833882035586354,50.655379731400885,13.388826293402031,1.0,0.9633507853403142,0.9473684210526315,0.9791666666666666,0.05263157894736842,0.020833333333333332,0.9528795811518325,0.9513888888888888,0.9574468085106383,1.0,0.90625,702.9445026183004,6.555277945050498,396.4340314166084,5.982509649973172,684.868055558453,6.529226200085986,401.96805555870134,5.996372621677282,758.3276595676199,6.631115560800099,379.4787234067917,5.938798530459756,763.6884210517532,6.6381598801344515,481.453684213287,6.176810035984954,642.8333333351959,6.46588548898307,312.3000000032286,5.743964264299371,480.4890625020489,507.484375,1127.4936507930831,6.174804465408398,6.2294659222646365,7.027752440135331,471.6687500054638,518.618750003477,1064.3166666664183,6.156276938372188,6.251169027490471,6.9700882446692125,506.94999999180425,474.0812499895691,1329.6599999984105,6.228412379382422,6.161378720485568,7.192678549435616,527.6812500059605,540.4062499962747,1237.793548382098,6.268492408239639,6.292321171519302,7.121085677126625,433.29687499813735,474.5625000037253,1020.6406250037251,6.07142311662232,6.162393326981302,6.928185772857979,52.43345566088007,0.21798044140583073,51.040957811625745,0.217276478742586,58.66217082738174,0.6849086457693332,51.82666634146424,0.22906325816031708,52.97881171654815,0.2090122354164488,49.17979383256815,11.730939466192012,47.92820106490272,11.324310079502517,59.999900021013765,7.4436324530446365,0.0,39.247,49.14190330270755,11.717451592040808,0.0,-0.04166666666666663,-0.006057919621749508,0.09375,-5.931852833474792,-3.7213673515779107,-7.621213015755998,-1.1521453750839115,-0.8098650472943763,0.30818706605264357,-0.4676321670267472,0.020051022743868274,-1.8119174024185511,-1.1673590335256634,-12.071698956111042,-49.14190330270755,-3.0314890709823725,-1.5549442578156771,3.8806776264578806,27.52954840795919,-33.44236111806504,109.0364583333336,-73.45960400916692,120.85508771655725,-0.05441135982715206,0.18029270343943438,-0.1018893607141127,0.17227439115138132,-15.433333332339942,30.76875000571215,22.48933215190965,169.15368421005837,-0.924797192848487,-0.9341225372922456,-1.1685674495287328,False,False,False,B,2,18,15,15,10,13,13,0,1,1,1,1,1,1,6,True,True,True,True,True
10612179,B,0.0,0.7604166666666666,0.9895833333333334,0.53125,0.010416666666666666,0.46875,0.8541666666666666,0.8402777777777778,0.8958333333333334,0.8333333333333334,0.875,406.57916666567326,6.007778661971242,316.2765624945362,5.756617028592178,400.04305555423093,5.99157218020091,308.84444444709357,5.732837734112531,426.1875,6.054879390280871,338.57291663686436,5.824739480194184,427.6385416885217,6.058278310001335,346.71562498311204,5.8485049194086915,385.5197916428248,5.9545925318744315,285.83750000596046,5.655423467546066,401.0015624836087,429.92968751490116,388.8062499985099,5.9939653237668304,6.063621677909973,5.963081147556129,396.69166667262715,429.652083337307,373.7854166527589,5.983159320676569,6.062975772664751,5.923681880490365,413.93124991655355,430.7625000476837,433.8687500357629,6.025699897031833,6.065556894250328,6.072742069090039,428.7906250208616,453.14687500894064,400.9781250357627,6.060968746226686,6.116216300325497,5.993906874785597,373.2124999463558,406.7125000208616,376.63437496125704,5.922147962373575,6.008106547677796,5.93127488917188,28.591946869095885,0.2346675674981034,26.743389912322524,0.2532724223695342,38.0123749561664,0.8097288260909068,37.010465534007515,0.600431921877208,21.807983074342623,0.5927691865957705,10.820022423252524,33.69751909075519,9.136586400508452,31.69735553477805,19.987812752020016,31.727396359391683,13.42944683077636,36.32064675222309,9.605962514655806,15.48184185296116,1.0,0.6910994764397905,0.8541666666666666,0.5263157894736842,0.14583333333333334,0.47368421052631576,0.7015706806282722,0.7222222222222222,0.6382978723404256,0.6842105263157895,0.71875,525.8476439620811,6.265011520518767,434.63979057491764,6.07451762040742,546.3923610813086,6.303337327707368,439.3493055668141,6.085294781348397,462.9021276818945,6.137515644444666,420.21063825931964,6.0407561052235055,598.7084210446005,6.39477470338208,494.71263159199765,6.2039770517504085,453.74583330750465,6.11753720274352,375.19270831843215,5.927439782823908,505.94531249999994,525.0109374448656,546.9158730204142,6.22642858538337,6.263419095602931,6.30429499355637,501.24791665871936,540.9624999165534,596.9666666686534,6.21710082232031,6.293349960208424,6.391861277107912,520.0375000238419,477.1562500298023,386.753333346049,6.2539009244057455,6.167844005446243,5.957787108281059,580.500000014901,580.4499999582766,636.3516129063019,6.363889801163616,6.363803664712163,6.455751261056203,431.3906249850989,469.57187493145454,460.27500000596046,6.067014002112753,6.151821375177417,6.1318241369562205,46.416789424014546,0.007308141764746479,41.28324057823624,0.09122978693139716,47.30398301105424,0.11593780604395759,22.28922224559372,0.060207547530378824,33.62986377194262,0.1495838189126128,18.00642677008538,97.59596538131079,21.91512761601556,75.40448151250055,-29.97736269735137,223.75199819642276,10.675979954562543,146.82854884196433,21.12887946550775,59.99858019474856,-0.05555555555555558,-0.04166666666666663,0.08392434988179664,-0.03453947368421051,-11.268985043843873,15.202482459664893,-6.020742432818004,-11.340641526348897,-0.5564564037213726,0.0076627352814374605,-0.02470801911256043,-0.08937627138223397,-10.851226351511563,3.8234843161205543,51.892490313366935,-10.452899510945208,-0.03004082461363211,20.83880489926193,-148.3475166839222,86.82996864721576,-26.144444445769068,42.118750045696856,83.49023339941414,144.96258773709587,-0.06330721007996143,0.10368577812690383,0.16582168326270175,0.27723750063855945,-29.728472189770798,60.87812497715157,19.138667307494472,119.5199232735655,-0.0958565965590851,0.4079797437991237,1.400720757289554,False,True,True,B,38,55,52,51,49,14,13,-1,1,1,1,1,1,1,6,True,True,True,True,True
10612196,B,0.0,0.8229166666666666,0.9375,0.7083333333333334,0.0625,0.2916666666666667,0.9947916666666666,0.9930555555555556,1.0,0.9895833333333334,1.0,431.07343748708564,6.066278464190385,69.98854167138536,4.248331538241842,426.1965277526114,6.054900572640742,66.59652778671847,4.198652440852692,445.7041666905084,6.099655428552537,80.16458332538605,4.3840818129149,421.45624999453634,6.043715976074987,75.16875000546375,4.319735586149476,440.69062497963506,6.088343098600644,64.80833333730698,4.171434195974211,426.90937497466797,438.0937499962748,428.21718749031425,6.056571754109968,6.082432928560306,6.059630514281177,427.1958332955837,431.04583331942575,420.3479166428248,6.057242534076845,6.066214426258271,6.041082741325001,426.0500000119208,459.2375000268221,451.8250000327824,6.054556710301945,6.129567505492525,6.113294936794258,402.00624997913826,445.06875000149034,417.29375000298023,5.996467635709951,6.098228764618583,6.033790410257885,451.8124999701977,431.1187499910593,439.14062497764826,6.113267270694554,6.066383574175545,6.084819692025604,32.16358652855003,0.20495817634915114,32.12682816232882,0.1973014123167463,42.76629175856416,0.07522526697023146,29.250922699276266,0.29051429932827305,44.75545938846312,0.06054594233707339,80.0006637398833,7.449203246668654,80.00066375791121,7.4486511574672125,0.0,39.247,80.0006637398833,7.449203246668654,0.0,39.247,1.0,0.8691099476439791,0.9791666666666666,0.7578947368421053,0.020833333333333332,0.24210526315789474,0.9790575916230366,0.9722222222222222,1.0,1.0,0.9583333333333334,541.4780104746993,6.294302457074851,151.16335079183128,5.01836104542157,541.6965277807581,6.294705932786854,143.10763889054456,4.963597066622952,540.8085106433705,6.2930652617413365,175.84468087236928,5.169601110366798,510.67263156991254,6.2357287421841425,124.0073684190449,4.820340986573809,571.9625000158945,6.3490734298179134,178.03645834823445,5.181988351499978,520.6734375022353,538.5468750074505,565.590476191233,6.255123045812593,6.288874540175637,6.337870276023398,553.8083333373072,531.9479166666665,539.3333333383006,6.316818658181083,6.276545583546522,6.290333808959537,421.2687499970198,558.3437500298021,649.6133333206177,6.043270991054696,6.324974812186817,6.4763773140688095,463.3499999940396,530.0624999925493,539.5064515990596,6.138482708019836,6.272994924107863,6.290654743105018,577.996875010431,547.0312500223515,590.8593750149012,6.359568462101414,6.304505930629899,6.381578044955678,39.090251209682734,0.8370450541748656,42.09838261342403,0.10905530908346528,40.46005713874706,0.6253143855909934,37.7634869530499,0.8945105154228772,40.02249067066043,0.9755750806288637,91.94892817523673,17.65870306974167,91.94892817132586,17.65870305198291,0.0,39.247,0.0,39.247,91.94892817523673,17.65870306974167,-0.00694444444444442,-0.01041666666666663,-0.02777777777777779,0.04166666666666663,-10.639463596235338,-15.504536689186857,1.638325474676968,-2.2590037176105326,0.12207614534651484,0.22996835699119966,-0.5162590765075281,-0.08106456520598648,80.00066375791121,80.0006637398833,91.94892817132586,-91.94892817523673,-31.79834884253279,-31.797796753331347,-21.58829694801709,21.58829693025833,-19.507638937896957,-19.234374985098725,0.8880171373875783,-61.289868445981995,-0.044754855911794955,-0.04462712252565737,0.0016406710455179052,-0.11334468763377092,-13.56805553866758,10.360416668156773,-32.73704198182472,-54.02908992918955,0.5106131528566693,0.5333797627297612,0.8266348541549211,True,True,True,B,62,61,36,78,12,-26,16,42,1,1,1,1,1,1,6,True,True,True,True,True
10612243,B,0.0,0.90625,0.8333333333333334,0.9791666666666666,0.16666666666666666,0.020833333333333332,0.796875,0.8194444444444444,0.7291666666666666,0.78125,0.8125,1080.160937499934,6.984865325220096,460.52291666654247,6.132362619205329,1070.5694444444443,6.975945976962082,440.29097222210845,6.087435808854272,1108.9354166664027,7.011155750006637,521.2187499998446,6.256169819277148,1105.618749999907,7.008160411986738,486.3531250000232,6.186934954708651,1054.7031249999611,6.961014608205989,434.69270833306183,6.074639363833039,953.6296874999537,1090.5125000001283,1196.34062499972,6.860275427852452,6.994403048207926,7.087022697473227,966.7708333334111,1068.6062500001865,1176.3312499997357,6.873961480121682,6.974110508280838,7.0701557639654125,914.2062499995812,1156.2312499999537,1256.368749999673,6.8180562024522455,7.052921072478894,7.13598089470288,990.9156249999072,1152.212499999907,1173.7281249999066,6.898629389433728,7.049439286050324,7.067940393501015,916.3437500000001,1028.8125000003495,1218.9531249995337,6.820391567202622,6.936160503487644,7.105747675090996,57.112422721418255,0.17010753755884356,59.00815831304507,0.7841740328025586,60.885423813158155,0.46677987991438136,56.353752762086195,0.19303526532281406,58.22028922887111,0.1423864055805924,63.435745206376936,29.30629073708798,63.032688521372464,28.011528999511274,64.73639207461645,35.3929425130602,65.14115424630248,30.18824818953785,61.47007947826911,28.597120536018018,1.0,0.8691099476439791,0.8315789473684211,0.90625,0.16842105263157894,0.09375,0.774869109947644,0.7692307692307693,0.7916666666666666,0.7684210526315789,0.78125,1119.470157068067,7.020610778307941,659.7492146597718,6.4918597850223945,1139.4853146853568,7.038331961095329,674.8006993007257,6.514417386979406,1059.8416666665582,6.965874804879859,614.9083333335969,6.421473205207154,1169.1589473686722,7.064039920893558,754.1905263158445,6.625645023509411,1070.298958333093,6.975693288742256,566.2916666667832,6.339109257607608,1060.1578124999073,1065.3761904761786,1232.0312500001166,6.966173055741521,6.971083246266386,7.116419509031608,1094.1270833334424,1048.340425531915,1274.089583333349,6.9977121401599565,6.954963645656821,7.149987150248199,958.249999999302,1115.4187499999534,1105.8562500004195,6.865108704259936,7.016985173927087,7.008375200760227,1122.6250000001166,1109.5161290324986,1273.4718750003965,7.023424971991218,7.011679279475185,7.149502209370296,997.690624999698,1022.6156249997438,1190.590624999837,6.905443233262802,6.930118962208164,7.0822047865070665,53.83295515711513,0.1175080193956809,59.589852247810235,0.8010783197638187,56.663563196401256,0.7909658189251412,50.335486050710905,0.03063833220020995,51.10780774604781,0.13898236971032324,51.320220479930356,43.91085366319456,51.194656147124334,51.04924908221504,50.45163950664238,14.982244717285436,47.03876822465619,48.221798767696015,55.13280163295894,32.67068032368206,0.09027777777777779,-0.03125,-0.022435897435897356,-0.012828947368421106,-1.877265500113083,-1.8665364667849147,2.926289051408979,-0.7723216953369061,0.31739415288817724,0.050648859742221664,0.01011250083867754,-0.10834403751011329,-1.703703553243983,3.671074768033364,0.7430166404819545,-8.09403340830275,-7.3814135135489245,1.5911276535198304,36.0670043649296,15.551118444013952,-38.36597222195837,50.915624999945976,79.64364801879856,98.85998903557925,-0.03520977304455464,0.04714580378074906,0.07245715621546989,0.08834663215130245,-80.92777777773614,51.660416666961396,59.89236596712874,187.89885964906136,-1.082443198680107,-0.7694892408913543,-0.8653731542298622,False,False,False,B,56,31,61,70,56,5,14,9,1,1,1,1,1,1,6,True,True,True,True,True
12640809,C,0.0,0.9375,0.8854166666666666,0.9895833333333334,0.11458333333333333,0.010416666666666666,0.8645833333333334,0.8541666666666666,0.8958333333333334,0.8854166666666666,0.84375,544.5255208333425,6.299914811491982,307.10052083334926,5.727175123418472,547.0791666666822,6.304593520773691,313.34097222224216,5.7472919657314545,536.8645833333238,6.285745890144375,288.3791666666705,5.664276165168626,572.8760416666677,6.350669361141696,348.17187500002416,5.852696251527366,516.1750000000175,6.246445855270977,266.02916666667437,5.583605951893509,473.3609374999652,479.7281250000159,680.4875000000466,6.159858178888628,6.173219537183353,6.5228094530764436,462.36666666663956,476.85833333336615,702.0125000000407,6.136358227101076,6.167219451668313,6.553951210135145,506.3437499999419,488.33749999996513,615.9125000000641,6.2272157864611595,6.191006765169794,6.423104907989668,497.7843749999738,507.6406249999999,713.2031250000292,6.210167001333148,6.229773766128661,6.56976626763955,448.93749999995646,451.8156250000319,647.7718750000638,6.106883679834923,6.113274187322641,6.473538589616985,56.910614430786985,0.2096205033507827,54.0340198868152,0.22388547911482454,61.28154026767559,0.8572592623527169,56.9356843732214,0.16996582113078518,58.965175517628396,0.7619238537028454,56.32692400583471,22.49761145479768,55.77061805210343,24.133794185843964,59.99990002101416,7.443630144320607,50.69501375108453,11.736117082475856,60.00000000000002,20.793770141865117,0.0,0.9114583333333334,0.8541666666666666,0.96875,0.14583333333333334,0.03125,0.828125,0.8194444444444444,0.8541666666666666,0.8229166666666666,0.8333333333333334,481.209375000001,6.176302466454384,258.1828125000029,5.553667909581871,487.95277777777585,6.190218634322114,262.20763888887853,5.569136704730079,460.97916666667646,6.133352850363061,246.108333333376,5.505771818397779,524.6583333333303,6.262747257082714,275.56770833335753,5.618833363672976,437.7604166666715,6.0816717668089915,240.79791666664826,5.483958061680663,393.9296875,447.459374999984,602.2390625000189,5.976172435250561,6.103585751471023,6.400654480267416,397.5750000000019,455.7895833333119,610.4937500000134,5.985383595541984,6.122031262959633,6.41426805598814,382.9937499999942,422.46874999999994,577.4750000000349,5.948018670509623,6.046115479564679,6.3586651514156785,417.21250000000873,495.28124999998533,661.481249999997,6.033595684326886,6.20512578303267,6.494481638482086,370.64687499999127,399.63749999998254,542.9968750000407,5.91524978993267,5.99055788621514,6.297103564852994,58.104051264207044,0.14888314207651654,50.04584850218125,0.08404732341507909,61.35498417256841,0.3771588020466767,50.00005308493112,0.19215469418418152,62.829449473212364,0.2084651723128516,55.93927760569901,25.512760706369573,55.70304575762571,27.63353013731586,52.04775676561225,11.258412043827553,51.99537468085926,14.192628544387002,57.25852403279139,29.582722867387304,-0.04166666666666674,0.04166666666666663,-0.03472222222222221,-0.01041666666666674,-7.2475203808603865,-2.0294911444069967,-11.309135670387157,-12.829396388281246,-0.6333737832378923,-0.5919580325720603,-0.2931114786315976,-0.01631047812867009,-4.229281968910733,-9.30498624891549,3.6552889920134604,-5.263149351932135,16.690164041523357,-9.057653059389262,16.375118093488304,-15.390094323000302,10.214583333358405,56.70104166665021,26.973611111099387,86.89791666665883,0.018847630629316825,0.10422350587071882,0.05686578395905251,0.18107549027372283,24.96180555557163,82.14270833334979,16.099305555502525,34.76979166670927,0.1564154906145765,0.1386659565794745,0.8057691979135686,True,True,True,C,70,42,73,52,62,3,-18,-21,1,1,1,1,1,1,6,True,True,True,True,False
12640826,C,0.0,0.921875,0.8958333333333334,0.9479166666666666,0.10416666666666667,0.052083333333333336,0.9635416666666666,0.9722222222222222,0.9375,0.96875,0.9583333333333334,554.5656250022972,6.3181851496565145,177.26406250180057,5.177640499369873,511.06805555770796,6.236502762466429,169.127777778854,5.130654510769105,685.0583333360652,6.529503992791315,201.67291667064032,5.306647160637739,575.1729166687777,6.354670720230112,191.49895833556855,5.254882369104959,533.9583333358169,6.280317808454877,163.02916666803262,5.093929121413213,513.5578125007451,521.5187500016765,628.6203125044703,6.2413626082324365,6.25674522777662,6.4435274377205936,459.9624999997516,487.08541667088866,586.1562500024835,6.131144964420392,6.188439501277655,6.373586392264851,674.3437500037251,624.8187499940398,756.0125000104308,6.513739995741263,6.437461607668731,6.628057910448173,547.6093750037251,563.371874999255,614.5375000033528,6.305562213435249,6.333939934067104,6.420869952373341,479.50624999776477,479.6656250040979,642.7031250055879,6.172756928644729,6.173089246578466,6.4656829146737875,54.548653970382865,0.14533891727699233,53.72584014327054,0.17593896838267692,59.15889576349666,0.10905873676055589,54.05450904830211,0.2400940339674097,53.78475716153139,0.7359889969192208,60.000000000064794,26.248171030494895,68.69196389843634,11.491066884744876,50.850826538987924,11.6677084854543,59.99990002101161,7.443651807917251,60.000115276891215,38.42334036690413,0.0,0.921875,0.8854166666666666,0.9583333333333334,0.11458333333333333,0.041666666666666664,0.9270833333333334,0.9375,0.8958333333333334,0.9479166666666666,0.90625,573.0093749991308,6.350902077835923,158.875,5.068117729509618,563.5333333321744,6.334226485824661,160.55277777794333,5.078622722023617,601.4375000000001,6.399322623116619,153.84166666616997,5.035923934985295,572.9864583301049,6.350862083503723,143.23020833109817,4.964453184312102,573.0322916681567,6.350942070568641,174.51979166890183,5.162038154517027,580.7718749986961,555.0343749970198,583.2218750016764,6.3643580377490565,6.3190300487599895,6.368567688567282,605.3333333296081,501.29166666418314,583.9750000027319,6.405779270486975,6.217188100680625,6.36985817369743,507.08750000596046,716.2624999955299,580.96249999851,6.228683572538492,6.574046719877405,6.364686210876455,490.1781249959022,658.1249999962747,570.6562499981376,6.194768845446941,6.489394882882579,6.346787014359044,671.3656250014901,451.9437499977648,595.7875000052153,6.5093138842502505,6.113557725180472,6.389884059873152,50.879533162979605,0.1716562544188951,52.60670776724182,0.18367752636166518,45.67265095496053,0.17922424450635338,49.49565987488476,0.1429889425483329,52.39598266540576,0.2141311961539108,70.54129657410462,31.986137584607423,66.53218618932735,20.527637871540264,79.89519683088936,9.76047858144235,20.14243163116313,10.019256887670828,68.36225674028385,30.35959879781367,0.03472222222222221,0.01041666666666663,0.04166666666666663,0.04166666666666663,-5.433055620226121,0.26975188677072026,6.934056812281291,-2.9003227905210025,0.06688023162212103,-0.4958949629518111,0.004453281855311797,-0.07114225360557791,17.841137359448417,-0.00021525587960269377,-13.363010641562013,-48.21982510912072,-0.17664160070942359,-30.979688558986876,10.767159290097915,-20.340341910142843,-173.9902777783572,41.21458333296084,-37.904166667825734,-0.045833338051807004,-0.2930012303248857,0.07435291177523418,-0.06509613729195873,-7.998706491729735e-05,-32.54513889178631,28.46979166753593,6.711111111773363,-31.289583337803663,-0.7302909883074034,0.5546098286775265,0.0276486904495298,False,True,True,C,69,77,60,70,79,-9,1,10,1,1,1,1,1,1,6,True,True,True,True,False
12640834,C,2.0,0.9052631578947369,0.8829787234042553,0.9270833333333334,0.11702127659574468,0.07291666666666667,0.0,0.0,0.0,0.0,0.0,474.18578947365364,6.161599205813345,355.09000000004215,5.8723712784712445,480.32746478869296,6.174468089606588,361.9697183098867,5.891560557249163,456.0166666666628,6.122529358554056,334.73750000008545,5.813346642574857,526.5904255319148,6.266423065225661,429.22340425535873,6.061977539221747,422.8729166666065,6.0470717004948416,282.50104166671133,5.64368223789549,439.49841269841863,458.88253968247454,523.3953124999679,6.085634105511017,6.128794272480106,6.2603370341903855,461.2404255319108,465.85744680838764,513.1854166666743,6.1339194374848995,6.1438796791897,6.24063721586593,375.63125000003504,438.39375000010483,554.0249999998484,5.928607944086248,6.08311747914556,6.317209812082638,494.2967741935844,502.56451612897206,581.150000000023,6.203136094282281,6.219724021998313,6.365008899089757,386.4124999999767,416.5656249999301,465.6406249999126,5.9569054517115365,6.03204401222019,6.143414145617591,52.32774729172943,0.1297620765006962,47.37556342142607,0.18760815356975447,63.422444660435886,0.3740559922876876,43.50166008388608,0.1568854970300836,50.69661527293961,0.1166840710282891,49.99999983648589,332529.9224914796,49.99999983648589,332529.9224914796,49.99999983648589,332529.9224914796,49.99999983648589,332529.9224914796,49.99999983648589,332529.9224914796,0.0,0.921875,0.9166666666666666,0.9270833333333334,0.08333333333333333,0.07291666666666667,0.0,0.0,0.0,0.0,0.0,488.8364583333508,6.192027992500904,292.1296874999874,5.677197838943334,484.4118055555607,6.18293538288394,291.98055555555686,5.67668720948787,502.110416666721,6.218820049024865,292.577083333279,5.678728164716599,478.76145833333925,6.171202474063985,289.0750000000214,5.666686170015099,498.9114583333624,6.2124286417978025,295.18437499995343,5.687600161108504,445.87031249995925,456.0031250000176,564.6359375000757,6.100028130587537,6.122499662561118,6.3361811650513955,442.9583333332557,447.8270833333566,562.4500000000698,6.093475709940484,6.104407183205248,6.332302241238959,454.60625000006985,480.5312500000004,571.193750000093,6.119431659674286,6.174892262715967,6.347728469088924,448.35937499997095,435.04374999998265,552.8812500000641,6.105595087182726,6.075446600743991,6.315143240669138,443.38124999994756,476.9625000000525,576.3906250000873,6.0944300094138235,6.167437871445823,6.3567855992465425,56.85910060622608,0.31403310752581237,52.38157977364305,0.14433832803738694,49.99999434858453,0.11726738405463638,50.52416635004165,0.09983200658903219,52.97881171654815,0.2090122354164488,49.99999983648589,332529.9224914796,49.99999983648589,332529.9224914796,49.99999983648589,332529.9224914796,49.99999983648589,332529.9224914796,49.99999983648589,332529.9224914796,0.0,0.0,0.0,0.0,-16.046881239009814,-7.19495518905353,2.3815854250585176,-2.4546453665065044,-0.18644783871793313,0.040201426001794494,0.02707094398275056,-0.10918022882741663,0.0,0.0,0.0,0.0,0.0,0.0,0.0,0.0,24.310798122030178,103.71750886530828,-17.69861111116029,-20.15000000002317,0.051938731052532106,0.2193513647308194,-0.03588466614092489,-0.04122616773381793,27.232218309801226,146.7223625886474,-0.5965277777221445,-6.109374999932015,-0.504727021997974,-0.8223661748194167,0.2320086220167276,False,False,True,C,13,10,14,14,12,1,1,0,1,1,1,1,1,1,6,True,True,True,True,False
12640835,C,1.0,0.9685863874345549,0.9578947368421052,0.9791666666666666,0.042105263157894736,0.020833333333333332,0.9109947643979057,0.916083916083916,0.8958333333333334,0.9368421052631579,0.8854166666666666,740.8361256409688,6.607779447857012,647.0764397800906,6.472464432468381,714.5076922970218,6.571593763298004,651.3440559327186,6.479038006336551,819.2729166448115,6.708417259900312,634.3624999920529,6.452620557589992,815.1799999939766,6.703408947743443,760.5368421002438,6.634024555102204,667.266666645805,6.503189766085544,534.7979166507722,6.281888949653207,620.2359374910593,726.5555555101425,875.4937500134108,6.430099949990922,6.588314950162552,6.774788012937902,606.6270833114783,652.0255318803991,883.5687500238419,6.407914241985262,6.480083720485712,6.783969104265774,661.0625000298023,945.4874999225138,851.2687499821182,6.493848389133354,6.851700667410922,6.746727883631856,749.6343749910592,837.1419354561835,859.4500000178813,6.619585587651671,6.7299936325242316,6.756292649794972,490.8374999910593,619.424999937415,891.5375000089406,6.196113115767732,6.428791628263853,6.792947500365745,53.62385949760189,0.3023648036485256,51.333080221978335,0.27667782039214106,58.85964228476466,0.9132237031454578,58.05154924036155,0.9863225966946266,51.63814545540965,0.23275349411251428,48.00081949886809,28.914243365074473,49.14190333036966,11.717451403175723,53.99606572404975,20.127626740094527,44.34932729833687,36.63861091386472,49.76739457820807,11.894977372564677,0.0,0.9270833333333334,0.8541666666666666,1.0,0.14583333333333334,0.0,0.9166666666666666,0.9236111111111112,0.8958333333333334,0.9375,0.8958333333333334,650.722395842274,6.478083123984989,516.4057291572291,6.246892753328507,657.6152777837381,6.488620076111601,525.5194444325234,6.264387191407002,630.0437500178817,6.445789261447251,489.0645833313465,6.192494553006342,627.670833359162,6.442015878351229,525.9635416517655,6.265231897886376,673.7739583253859,6.512894681257598,506.84791666269285,6.228210991457315,478.1640624999999,555.8609374761581,918.1421875506638,6.169953900589995,6.320518150514293,6.822352267025937,494.87083332737274,566.7270832856494,911.247916738192,6.204296785744217,6.33987785325586,6.814814997161892,428.0437500178815,523.2625000476837,938.8249999880795,6.05922541002567,6.260083250286219,6.8446290933497,478.1875000447034,554.9156249910593,849.9093750417233,6.170002915085556,6.318816075146016,6.74512972620233,478.1406249552964,556.806249961257,986.3750000596044,6.169904883691896,6.322217333743953,6.894036606901627,59.666382501247746,0.7533011168645869,59.45768410499675,0.6204391996727797,59.999999999999964,0.9991622278358729,58.965175517628396,0.7619238537028454,60.27446341907738,0.9156572518841639,67.0633394675306,10.966709553265586,67.41172548222302,11.166744652500672,59.99990002101416,7.443630144320607,59.99990002101276,7.443641933232057,67.51385116489013,11.202089839233487,0.02025058275058267,0.05142543859649129,0.02777777777777779,0.04166666666666663,-7.526562062786326,6.413403784951903,-0.5423158950032132,-1.3092879014489824,-0.6365458827533167,0.7535691025821123,-0.3787230281630932,-0.15373339818131848,-4.854162393680092,-5.418067279871202,7.411825461208856,-7.513951143877364,-8.410175336918805,24.743633541300042,3.723114508180065,-3.7584479060014298,-104.76522434778974,147.9133333481716,27.57152776585633,-46.10312496622396,-0.13682349660230742,0.2002191816578991,0.04283081466434968,-0.07087880290636939,16.981555940665658,225.7389254494716,36.4548611011769,19.115624989072614,0.1276038963913093,-0.3096037320929319,0.7372626586608761,True,False,True,C,18,62,73,90,71,55,72,17,1,1,1,1,1,1,6,True,True,True,True,False
12640856,C,1.0,0.8952879581151832,0.8842105263157894,0.90625,0.11578947368421053,0.09375,0.680628272251309,0.6923076923076923,0.6458333333333334,0.7368421052631579,0.625,598.6193717087752,6.394625956586877,410.67905760810015,6.017812027717165,586.6706293679617,6.3744635539457555,408.8244755451496,6.013285908783043,634.2166665991153,6.452390641480031,416.2041666706402,6.031175925131527,632.6589473322821,6.449931489161177,450.6715789744728,6.11073886796668,564.9343749980131,6.336709573954461,371.10312500596046,5.916479988957963,552.1484375149013,550.5999999803211,692.3593749478463,6.313816918669162,6.311008592672766,6.54010514877289,551.0437500079473,542.5936170233056,665.4562499821186,6.311814207104167,6.296360636468402,6.500472895602245,555.4625000357628,574.1187499165538,773.0687498450293,6.31980110011471,6.352836256310288,6.6503679836300345,592.5781249552965,590.8677419077966,713.2249999642377,6.384482720781622,6.381592205404018,6.569796938605479,511.7187500745058,511.59062498807907,671.4937499314549,6.237775157849326,6.237524744650309,6.509504708297422,49.68715763322946,0.12106670862809571,49.740916439746485,0.16267400416254107,48.62213174005221,0.2490050629677802,47.47848525711524,0.11389104288584156,58.578186873804235,0.7842064657735324,56.55930069236959,45.063813006566065,55.91194955720238,45.62151227091043,58.09679710891424,43.02302644681111,57.70693995315933,44.56247234196348,55.67389504063285,45.14152477616536,0.0,0.9114583333333334,0.84375,0.9791666666666666,0.15625,0.020833333333333332,0.6041666666666666,0.6041666666666666,0.6041666666666666,0.5729166666666666,0.6354166666666666,554.4015625069538,6.317889266246458,268.67916666467977,5.593517978803411,542.3187500006622,6.295853928209046,276.98333332604824,5.623957335879121,590.6500000258286,6.381223625438258,243.76666668057445,5.496211483665849,593.171875,6.385484196799925,304.74791666368634,5.719484932123695,515.6312500139078,6.245391878254578,232.61041666567323,5.449365022683155,471.6609375402331,547.2421874925494,644.3015624880791,6.1562603747776485,6.304891460362375,6.468166881235679,460.6333333651225,543.6708333094915,622.6520833273729,6.132602354210341,6.298343977889492,6.433987909065957,504.7437500655651,557.9562500417231,709.2499999701977,6.224050874878674,6.324280554364334,6.564208073646941,472.89375004172314,609.4093749970198,697.2124999612572,6.1588707333259185,6.412490250412633,6.547090242287868,470.4281250387431,485.07499998807907,591.3906250149012,6.153643184420267,6.184303518132761,6.382476755102843,55.25712143757323,0.17488851081512463,53.22707063325043,0.17820771849235484,59.999999999999964,0.9991622278358729,50.836686857305125,0.17626983519439599,59.70023205423391,0.758198339816825,58.155254398674764,45.74719797957224,56.15048594385346,44.53538212153572,64.25848493578964,45.056642044883965,58.733974962090635,47.14081038722396,57.48867359168192,43.22235245248604,0.04647435897435892,0.11184210526315785,0.0,-0.0625,1.1187846996942739,-11.099701616688996,-6.772929366749537,-8.863545196928783,-0.08633105880523911,-0.6703154228876909,-0.8209545093435181,-0.5819285046224291,-2.1848475517118615,2.033044912526478,-8.107998991936178,1.2453013704087113,2.5984858240993205,-0.5790524342018841,-0.5212599233482464,3.9184579347379156,-47.546037231153605,67.72457233426894,-48.331250025166355,77.54062498609221,-0.07792708753427569,0.11322191520671598,-0.08536969722921217,0.14009231854534665,-7.379691125490581,79.56845396851236,33.21666664547379,72.13749999801311,0.043264039825281,1.4324784048868475,0.9691295341235058,True,True,True,C,15,20,54,56,32,39,41,2,1,1,1,1,1,1,6,True,True,True,True,False
12640861,C,3.0,0.9206349206349206,0.9139784946236559,0.9270833333333334,0.08602150537634409,0.07291666666666667,0.9841269841269841,0.9858156028368794,0.9791666666666666,0.978494623655914,0.9895833333333334,664.0433862460038,6.498347488073755,338.2555555560917,5.823801691324271,658.8489361724533,6.490494276316593,338.87943262474755,5.825644388145668,679.3020833370587,6.521065923080613,336.422916666915,5.8183690490452005,726.3946236593107,6.5880934259096255,403.55591397900736,6.0003150505484095,603.6406250018626,6.402979029138228,274.9958333338921,5.6167559460386665,628.8825396838643,667.8903225838177,694.9281250033528,6.443944497900995,6.504123972307585,6.543808422955496,618.2510638306748,632.4065217421106,723.9416666695228,6.426894627112823,6.449532417967326,6.584710818241258,660.1125000026077,769.9062500037252,607.8875000048429,6.492410275044151,6.6462687541932866,6.409989831958699,704.7322580660542,705.8166666716337,766.6718750037253,6.557817954886348,6.559355524835466,6.642058906709176,555.4031250011176,632.3343750014901,623.1843750029802,6.319694201434324,6.449418328605806,6.434842422039049,51.77793246553132,0.1536431411100151,52.29527115076329,0.1705844334839688,50.00002714514768,0.10348839115972353,48.36758193859947,0.1871584944224629,54.914836536536484,0.15006547850765217,20.097095006830216,9.713166375769209,112.65866325520514,17.43280104067194,19.99996929979131,7.43994809280912,112.65806012357228,17.43274905177353,19.99996929979131,7.43994809280912,1.0,0.8900523560209425,0.8315789473684211,0.9479166666666666,0.16842105263157894,0.052083333333333336,0.9895287958115183,0.986013986013986,1.0,0.9894736842105263,0.9895833333333334,702.2596858625949,6.554303258502401,285.9261780100342,5.655733658655415,705.7860139845968,6.559312095211165,290.3664335664752,5.671143689377659,691.7541666657975,6.539230642018317,272.697916664804,5.608364650162676,739.2252631563889,6.605602696091405,300.4410526319553,5.705251570446194,665.6791666656112,6.500807822737063,271.56249999875826,5.604192315455139,647.4921875,710.2238095213496,749.187499998603,6.473106727863837,6.565580145040458,6.618989285965454,656.81041666617,712.0361702099759,748.6416666656733,6.487395417735612,6.568128710978364,6.618260453373273,619.5375000014901,704.8999999985098,750.8249999973923,6.428973231927224,6.5580559487777155,6.6211726019701835,673.5750000011176,753.906451609827,790.6531249973923,6.512599348226782,6.625268290827713,6.672859344402408,621.4093749988826,667.9062499981374,707.7218749998138,6.43199008374389,6.504147819373295,6.562051184593881,50.052469904300054,0.04674777936005947,59.67087361191806,0.13137826106782874,59.999999999999964,0.9991622278358729,53.78475716153139,0.7359889969192208,61.38143200157144,0.24900547775099957,30.0003,11.912705948176733,30.0003,11.912705915926319,0.0,39.247,39.99993336077985,7.439848718813114,19.99996929979131,7.43994809280912,0.0066489361702127825,-0.011088709677419373,-0.013986013986013957,-0.00010964912280708727,2.295244005615608,-6.5472545979370125,-0.3291263880819031,-7.596674840040052,0.06709604232424526,0.037093015914810734,-0.8677839667680443,0.48698351916822125,92.65869395541384,92.65809082378098,30.0003,19.99996406098854,9.99285294786282,9.992800958964411,-27.334294084073683,-9.937399600534746e-05,-20.45314716460541,122.75399865744805,14.03184731879935,73.5460964907777,-0.030571646764020244,0.18511439677139752,0.02008145319284882,0.10479487335434179,2.4565159578325506,128.56008064511525,17.66851690167124,28.878552633197046,-1.343437167485805,-1.0149306718231508,-1.0369499517195129,False,False,False,C,0,0,0,0,1,0,0,0,1,1,1,1,1,1,6,True,True,True,True,False
12640863,C,0.0,0.9739583333333334,1.0,0.9479166666666666,0.0,0.052083333333333336,0.9114583333333334,0.9236111111111112,0.875,0.8854166666666666,0.9375,740.6614583010477,6.607543649509956,292.72291669497884,5.6792264847737,737.3055555224419,6.603002399922381,288.6472222573227,5.665205258239862,750.7291666368648,6.6210449564109535,304.95000000794727,5.720147828768527,803.7083332985643,6.689236433833034,347.09583338101703,5.849600918707581,677.614583303531,6.5185786651008355,238.3500000089406,5.4737401816883455,637.7609374523164,721.5828125178815,862.6406249329451,6.4579635069372925,6.581447149891966,6.7599981790159,630.6520832876364,722.5666666924953,858.6979165871941,6.446754336925251,6.582809687968514,6.755417191434892,659.0874999463562,718.6312499940399,874.4687499701984,6.490856302541789,6.577348361062065,6.773616559080531,689.2687499672177,788.8500000089409,933.0062499195344,6.535631252968383,6.670576188714797,6.838411899559671,586.2531249374151,654.315625026822,792.2749999463559,6.373751650129933,6.48358984211451,6.674908553701254,44.09724439293406,0.5075261201989224,44.27695300189173,0.49759164314678783,42.53311084530285,0.7681899527720082,49.99366283015113,0.30807903853239804,42.53311084530285,0.7681899527720082,48.00081949886809,28.914243365074473,43.935702645194326,28.13397691329969,50.85082663410525,11.667709137643376,46.30954067767219,31.070504144336727,50.0,11.906957308193334,0.0,0.953125,0.9270833333333334,0.9791666666666666,0.07291666666666667,0.020833333333333332,0.9010416666666666,0.8958333333333334,0.9166666666666666,0.8854166666666666,0.9166666666666666,688.0177083636323,6.533814576502732,235.3677083129684,5.461149007476611,697.6229167050785,6.547678722836557,239.3034722043409,5.47773250464751,659.2020833392936,6.491030138995749,223.56041663885117,5.409681698055384,721.304166689515,6.581060916131671,248.94791666666663,5.5172437045722225,654.7312500377496,6.484224846151127,221.78749995927024,5.401719716066054,629.3500000238419,639.5562500432134,795.1468750238416,6.444687540775397,6.460774576561506,6.6785268460481,627.7416666944822,636.9187500377496,828.2083333830037,6.4421287230702236,6.456642096475701,6.7192647331026265,634.1750000119209,647.4687500596044,695.9624999463554,6.45232494160466,6.473070529952814,6.5452957794954525,657.0375000536442,649.8062499910593,857.0687500238413,6.487741094562961,6.476674241519091,6.753518137111626,601.6624999940395,629.3062500953672,733.2250000238419,6.3996966568572295,6.444618022305222,6.5974526125253385,53.611251673978735,0.19952563537624834,51.96900516184271,0.20057393335606521,59.31970507317235,0.7508884996139805,50.007248269870644,0.19548391077722355,56.4212927660731,0.25235147388899004,56.29608719185151,24.337897593120424,51.324498929143765,12.66140510977284,68.69196389079414,11.491066918313178,57.83308191666836,26.32871823917404,51.290331383189944,11.413034178310154,0.04861111111111116,-0.05208333333333337,-0.02083333333333326,-0.03125,1.743842156588876,7.46055198484828,-7.350699911329642,-6.414044496202457,-0.27059830962522036,-0.46011091423961015,-0.5503145662579153,-0.056867563111766495,-6.915123988910928,-3.6904593223278113,-17.367464961650377,6.542750533478419,16.466267775656313,19.163546836143393,1.1703381914596616,14.915684060863887,-13.423611114422897,126.09374999503325,38.420833365784915,66.57291665176535,-0.018042556488572892,0.17065776873219818,0.05664858384080773,0.09683606998054373,-16.302777750624557,108.74583337207642,15.743055565489726,27.160416707396394,-0.7008049750924068,-0.6337018218546637,0.0817890750645315,False,False,True,C,54,69,54,73,53,0,19,19,1,1,1,1,1,1,6,True,True,True,True,False
12640870,C,2.0,0.9210526315789473,0.9574468085106383,0.8854166666666666,0.0425531914893617,0.11458333333333333,0.968421052631579,0.9647887323943662,0.9791666666666666,0.9574468085106383,0.9791666666666666,750.7036842082676,6.621011012264087,180.64947367843828,5.196558544101657,761.2901408420485,6.635014547804099,196.18169013631177,5.279041220331559,719.3854166666665,6.578397259533488,134.69999999056245,4.903050083346255,840.9691489326193,6.734554975510092,255.4361702089614,5.542972555375878,662.3187499990066,6.49574693552204,107.42083332563435,4.6767541420867165,661.3523809455688,742.5507936591193,846.6843749918045,6.494286800594961,6.610091277305579,6.7413279864704005,666.0489361615892,746.3914893713403,869.1354166567326,6.501363145561138,6.615250247232518,6.767498943570121,647.5562499985097,731.2687500044703,779.33124999702,6.473205662385059,6.594781039249095,6.658436180131528,710.3193548340952,874.0032258072209,935.5343749932947,6.56571466444865,6.773084066503668,6.841117890088014,613.9156249910592,615.2062500156462,757.8343749903144,6.419857500123007,6.421957577463051,6.6304648591158895,45.816136391644235,0.1786092772048396,47.03995394019942,0.22063353969057958,40.334113298655694,0.14266629260762775,50.00000223870287,0.1482080080422462,40.729563858164674,0.9035501517916311,3002.7146916294387,638.0881183772456,4556.795997499508,988.481973016098,110.20448402679936,11.882756279705013,139.44228676873902,104.38725345022203,-12.588666880820044,17.31617215523964,0.0,0.9322916666666666,0.9270833333333334,0.9375,0.07291666666666667,0.0625,0.9947916666666666,0.9930555555555556,1.0,1.0,0.9895833333333334,724.663020827497,6.585706747943577,143.01614582849047,4.962957531777833,718.3923611053162,6.577015883726162,146.77986110829647,4.988933920858781,743.4749999940392,6.611335140579054,131.72499998907244,4.880716416012392,728.3374999960264,6.59076453966356,109.51458333184321,4.696057721501462,720.9885416589676,6.580623244868745,176.5177083251377,5.173421201794626,628.9468749910592,640.8843749947846,904.1578124966472,6.444046793659864,6.462849058426415,6.807003916502221,629.3687499910592,634.3895833293597,891.4187499955298,6.444717332922719,6.452663250465404,6.792814294614246,627.6812499910591,660.3687499910591,942.3749999999995,6.442032473905632,6.492798391106638,6.848403284531866,642.668749991804,646.3343749940398,896.0093750022356,6.465629428185618,6.471316978219514,6.7979508760923295,615.2249999903142,635.4343749955294,912.306249991059,6.42198805454118,6.454308820144706,6.815975734134779,50.70291619621535,0.1396477285454376,50.9540129502638,0.12622799544812974,49.99999928748698,0.19480059400838656,54.21942350512467,0.14124568800190757,47.21399995437746,0.1541645024154379,59.99990002101213,7.4436456778371305,59.999900021011875,7.443648604744832,0.0,39.247,0.0,39.247,59.99990002101213,7.4436456778371305,-0.014377934272300386,-0.021719858156028282,-0.00694444444444442,0.01041666666666663,6.705840641543723,9.270438380538195,0.9540136627768234,7.005423550747203,0.07796724708295183,-0.7553421437493849,-0.06857259856025683,-0.012918814413530322,4446.591513472709,152.03095364955908,59.999900021011875,-59.99990002101213,976.5992167363929,87.07108129498239,-31.80335139525517,31.803354322162868,41.90472417538194,178.65039893361268,-25.082638888722954,7.348958337058775,0.05661728827061108,0.23880803998805256,-0.03431925685289183,0.010141294794815181,61.481690145749326,148.01533688332705,15.054861119224029,-67.00312499329449,-1.1084852754153292,-0.8050856844441175,-0.5378477995190136,False,False,False,C,1,2,8,0,2,7,-1,-8,1,1,1,1,1,1,6,True,True,True,True,False
12640879,C,0.0,0.8177083333333334,1.0,0.6354166666666666,0.0,0.3645833333333333,0.921875,0.9375,0.875,0.9270833333333334,0.9166666666666666,541.7661458334575,6.294834443079808,364.6895833326659,5.8990465351162555,524.0277777783987,6.261544693943486,357.80763888814386,5.879995520450252,594.981249998634,6.388529892441759,385.33541666623205,5.954114167122865,578.726041666232,6.360829207854561,463.9333333329608,6.139740863741837,504.80625000068295,6.224174692292757,265.44583333237097,5.581410802287052,459.2812499995343,572.53125,593.4859375008382,6.129662767505944,6.350067319091518,6.386013519583397,454.86666666747374,563.0645833332093,554.152083334513,6.120004335714988,6.333394334408293,6.317439167728288,472.5249999957159,600.9312500003725,711.4874999998136,6.158090655577953,6.398480535313618,6.5673578488581,504.54687499906856,679.1593749998137,552.4718749998137,6.223660749251616,6.520855820192682,6.314402527118493,414.01562499999994,465.9031250001863,634.5000000018626,6.025903714659013,6.143977726248607,6.452837287157378,36.1699054271692,0.5638037884586539,43.13061682942674,0.07176379085755802,38.92862453832538,0.8552469904515408,43.27773266634842,0.006312821622103892,37.38177840031711,0.5299394656595808,24.11714171014586,43.066444089658894,23.568472335759207,49.94461181932408,24.318480363994215,36.755666512365394,12.935662536023399,14.222916203665077,34.37679705788478,17.37088794595285,0.0,0.828125,1.0,0.65625,0.0,0.34375,0.9375,0.9375,0.9375,0.9375,0.9375,508.48229166710126,6.2314303902354204,175.6624999997051,5.1685645404251845,490.0340277782331,6.194474833138892,172.12638888849565,5.14822902608523,563.8270833337059,6.3347476146559325,186.27083333333334,5.227201707827427,574.019791666884,6.352663875981031,171.43333333280557,5.144194464109682,442.94479166731867,6.093445138503143,179.89166666660458,5.192354817852486,491.14062499976717,527.3796875013504,506.92656250018626,6.196730492083195,6.267920758769733,6.228366145960151,483.9854166659837,529.4437500014901,456.6729166672255,6.182054775407282,6.271826927106608,6.123967416193017,512.6062500011176,521.1875000009315,657.6874999990688,6.239508006600699,6.256109861848992,6.488729894499615,552.3718749992549,600.0343750016764,569.6531249997206,6.314221506045003,6.396986945244502,6.345027622953216,429.9093750002794,454.7250000010245,444.200000000652,6.063574430662177,6.119692840628157,6.096274911461795,43.072809238986075,0.020414859812278252,43.13061682942674,0.07176379085755802,42.82365415976083,0.8710905571722064,38.126866144679816,0.99926277091131,41.966500389566136,0.12856854872844975,20.09539419592058,30.08081744270925,17.601303386381588,27.70058073527769,39.97805327025659,50.02436027939279,20.4595003793712,33.68319254345166,19.998246032199244,28.278846873364472,0.0625,0.01041666666666674,0.0,0.0,4.201992291101362,5.8959542660313105,0.30696266966591423,-3.8396342448863194,-0.7834831995939828,-0.5236266440374769,-0.7993267663146484,0.8706942221828602,-0.7500080282350083,-21.44113452186138,-22.376749883875,0.46125434717195546,13.188945306958686,-3.147971742287771,-22.323779544115098,5.404345670087189,-70.95347222023531,73.9197916655491,-73.79305555547279,131.0749999995653,-0.12698519849827328,0.13665451556180397,-0.1402727815170408,0.25921873747788826,-27.527777778088193,198.48750000058982,-14.144444444837688,-8.458333333799004,-0.8991268284957272,-0.9044502615547744,-0.1452908747004564,False,False,False,C,3,5,4,5,2,1,2,1,1,1,1,1,1,1,6,True,True,True,True,False
12640880,C,2.0,0.8473684210526315,0.723404255319149,0.96875,0.2765957446808511,0.03125,0.47368421052631576,0.4930555555555556,0.41304347826086957,0.43617021276595747,0.5104166666666666,1319.8463157896933,7.185270581370166,499.9647368420112,6.214537569619116,1315.1145833333333,7.18167907643048,480.7506944445065,6.1753488289702,1334.658695653081,7.196430879461266,560.1130434776778,6.328138626710526,1317.1106382982528,7.1831957060343,497.4063829793892,6.209407363975726,1322.5250000000622,7.187298067145513,502.4697916658285,6.219535522038283,1217.149206348355,1342.4031250011176,1399.62857142895,7.104266687237833,7.202216663631208,7.243962174281276,1172.4520833318431,1323.1104166672255,1449.7812500009313,7.066852632390975,7.187740619942494,7.27916796196547,1360.1800000011922,1400.281250002794,1239.1399999986093,7.2153723229142726,7.24442838828622,7.122172869594922,1220.0580645145908,1378.6156250014901,1350.6741935495406,7.106653730459169,7.228835104350394,7.208359149401773,1214.3312499998137,1306.190625000745,1447.0531249996275,7.101948792719834,7.1748702601351475,7.2772844398480965,62.97214342237272,0.14365807368662725,59.562610764825415,0.26602300685573477,55.629102110149454,0.15929203129102742,59.53519441742477,0.9834900211290606,73.23726830764845,0.12304955421233804,116.11710643110116,242.9406225745162,118.98908782309834,166.72945753237744,21.438890001528353,118.267656042935,102.84181234591888,172.34175027137445,118.75505920340751,366.79809528645933,2.0,0.8157894736842105,0.6421052631578947,0.9894736842105263,0.35789473684210527,0.010526315789473684,0.4473684210526316,0.4859154929577465,0.3333333333333333,0.45263157894736844,0.4421052631578947,1417.0694736844614,7.2563462672005,469.33157894697626,6.151309510003778,1408.8014084508932,7.250494556933692,424.149295774459,6.050085505930449,1441.5291666671012,7.273459750427075,602.99583333234,6.401910286806695,1386.1126315796062,7.234258440214077,464.5989473676995,6.141174554659398,1448.0263157893169,7.277956746668169,474.064210526253,6.161342777765748,1381.0349206356775,1447.7843750005122,1421.901587301067,7.230588439574516,7.277789649564662,7.259750400725686,1396.595744680851,1462.1250000009313,1366.5489361698324,7.2417929434939685,7.287646135971508,7.220043816047683,1335.3250000029798,1404.762499999255,1584.4999999990687,7.196929986901371,7.2476235283326815,7.368024179130388,1352.4967741937407,1508.5000000009313,1296.2906250008382,7.20970762564847,7.318871058599733,7.167262099458298,1408.6812500013039,1387.0687500000931,1551.5645161271095,7.250409262034501,7.234947986498155,7.347019066090019,67.67640625935034,0.20633403479640877,70.30887606287364,0.2339169175099956,60.604073821643425,0.47788783348095926,64.10461131687794,0.6153706223754416,61.13112010328132,0.845308447416862,109.36620167803032,204.05169699219758,88.28444901671799,109.6763853568979,-5.279221476551871,277.76870517492046,86.4200133388888,114.49487325661698,1047.5901251825965,1262.0669788564785,0.08001207729468601,-0.07424645390070916,0.15258215962441318,0.010526315789473717,3.9335086546759612,-13.70207389022368,9.704802241230212,2.973491213596617,0.10673097556470734,0.8604404669167225,-0.24397091597096365,-0.22993782504142035,97.55019782157,-15.91324685748863,93.56367049326985,-961.1701118437077,48.461801489442436,-194.45634501508488,-168.09231981802256,-1147.5721055998615,-19.544112319747683,-5.414361701809412,-32.72775821620803,-61.91368420971071,-0.01475180303078627,-0.004102361111213426,-0.022965193493383218,-0.04369830645409145,-79.36234903317131,-5.063408686439288,-178.846537557881,-9.465263158553512,-0.5782290380375064,-0.642312318910564,-0.7666586253475607,False,False,False,C,0,2,0,6,0,0,6,6,1,1,1,1,1,1,6,True,True,True,True,False
12640939,C,0.0,0.9895833333333334,0.9791666666666666,1.0,0.020833333333333332,0.0,0.890625,0.8819444444444444,0.9166666666666666,0.875,0.90625,797.8203124999951,6.681883399788949,469.2567708333336,6.151150104415975,812.1749999999948,6.6997158341825465,474.0784722222201,6.16137286120409,754.7562499999962,6.626394849440368,454.79166666667385,6.119839438636115,862.0458333333346,6.7593084401705115,590.427083333332,6.380846145088695,733.5947916666555,6.597956821226015,348.08645833333503,5.8524508924040965,611.9437499999931,648.0749999999916,1133.4421875000005,6.416640366523464,6.474006430395559,7.033014465117967,603.7354166666604,649.2291666666642,1183.5604166666596,6.403136050085673,6.475785761720992,7.076282476799077,636.5687499999913,644.6124999999738,983.0875000000228,6.456092424733245,6.468649361064204,6.89069812941057,625.4750000000058,687.7062500000029,1272.9562499999952,6.438511361082653,6.5333617845497285,7.149097230331315,598.4124999999804,608.4437499999802,993.9281250000058,6.394280315479495,6.41090446772739,6.90166489518905,56.58943884644672,0.7940190286362183,56.861098755758064,0.7639282578187889,49.99999999999999,1.0,56.58943884644672,0.7940190286362183,56.58943884644672,0.7940190286362183,49.63455967596461,11.869284725913642,49.54871840272797,11.84568622739713,50.0,11.906957167391454,50.0,11.906957599419993,49.14190330270755,11.717451592040808,0.0,0.9479166666666666,0.9791666666666666,0.9166666666666666,0.020833333333333332,0.08333333333333333,0.890625,0.875,0.9375,0.875,0.90625,666.4442708333312,6.501956521469197,277.2697916666669,5.624991009315346,687.9374999999968,6.5336979907836055,282.03472222222706,5.642030191806042,601.9645833333342,6.400198611905968,262.9749999999864,5.572058970625286,687.1302083333381,6.532523806044167,305.93645833333966,5.723377427884188,645.7583333333242,6.470425336783622,248.60312499999418,5.515857749391788,499.8890624999949,535.7859374999971,963.6578125000015,6.214386198804283,6.283734710965404,6.870736265308795,496.9354166666599,531.2208333333207,1035.65625000001,6.208460071308123,6.2751778167706505,6.942790562740668,508.7500000000001,549.4812500000262,747.6624999999763,6.231956736756805,6.308974651332531,6.616951672943092,522.1906250000029,577.609375,961.5906250000115,6.258032703212266,6.358897818402575,6.868588814357389,477.58749999998696,493.9624999999941,965.7249999999916,6.168747389206545,6.202459603375356,6.872879114594698,45.760005255767624,0.191226075576498,47.148309043377495,0.18714532460899175,40.95653109598081,0.534045770485847,48.59265861688412,0.171367720992535,41.177619986277634,0.669534639807029,49.63455967596461,11.869284725913642,50.0,11.906957599419993,39.999933360780354,7.439849531978076,49.573833607030984,11.858783568613019,49.70329108266851,12.143554967330724,-0.03472222222222221,-0.03125,-0.0625,-0.03125,6.861098755758071,0.0,6.191777947396687,7.415038630606489,-0.23607174218121108,0.0,-0.34690044587685526,-0.498166918814494,-0.451281597272029,0.8580966972924529,10.000066639219646,-0.12945747563752263,-0.061270939994324536,0.189506007379185,4.467108067441917,-0.2847713987177052,57.41874999999868,128.4510416666791,85.97291666666263,41.371875000013915,0.0733209847421783,0.16135161894449634,0.1334993788776373,0.06209846926054485,19.286805555546266,242.34062499999698,19.05972222224068,57.33333333334548,0.0415389134191053,0.5356147932543451,-0.174236638841714,True,True,False,C,66,65,66,63,58,0,-3,-3,1,1,1,1,1,1,6,True,True,True,True,False
12640942,C,0.0,0.9322916666666666,0.9270833333333334,0.9375,0.07291666666666667,0.0625,0.515625,0.5,0.5625,0.4791666666666667,0.5520833333333334,484.48020833354286,6.1830765808236805,170.9614583334575,5.141438141235726,465.49305555591775,6.14309717835862,173.64583333364376,5.157017784278791,541.4416666664183,6.294235335183798,162.90833333289874,5.093187670425406,501.58541666685295,6.217773915265389,204.66562499975169,5.321377549888321,467.37500000023283,6.147131933297776,137.25729166716337,4.921857205879465,465.33593750011636,474.55468750023283,513.5500000002794,6.142759590985504,6.162376864307156,6.241347395612357,451.4875000002794,438.21875000046566,506.77291666700813,6.112547686981607,6.082718214927987,6.2280630071354555,506.8812499996275,583.5624999995343,533.8812500000931,6.22827675524915,6.369151558243347,6.2801734359535,426.64375000004657,531.9781250001397,546.1343750003725,6.055949355865678,6.2766023700754685,6.302865053524575,504.02812500018626,417.1312500003259,480.96562500018626,6.222632070086205,6.033400920478198,6.175795801855888,50.84097468403742,0.2041916856851626,49.367316325217665,0.24965458033109666,55.54850991040211,0.11661192172072354,47.02169688413487,0.20898813195495675,58.698200701381424,0.998047705668349,84.20511251267699,60.553158340821504,82.20824707078863,58.56829873341525,92.23935735713738,67.07890630782134,83.85110887172799,63.339115524351286,84.47377912940883,57.15070750740895,0.0,0.9479166666666666,0.9583333333333334,0.9375,0.041666666666666664,0.0625,0.515625,0.5277777777777778,0.4791666666666667,0.5208333333333334,0.5104166666666666,505.7479166669461,6.226038356745146,131.24531249996895,4.877068186548012,521.5576388890752,6.256819793528143,134.14097222209804,4.898891278461772,458.3187500005588,6.127564902745754,122.5583333335817,4.808587107120294,542.8187500004036,6.2967754704746595,135.97291666634072,4.91245572374536,468.67708333348855,6.149914009629376,126.51770833359721,4.8403822851971885,460.73125000065187,472.4874999996973,584.025000000489,6.132814901203498,6.158011291556761,6.369943790131996,472.2500000006209,476.07708333292976,616.3458333336748,6.157508506382934,6.165579780895652,6.423808223747007,426.175000000745,461.71875,487.06250000093127,6.054850060038737,6.1349559394745725,6.188392451605692,437.75625000102434,517.0999999996275,673.6000000005588,6.08166224862206,6.248236279401455,6.512636462928946,483.7062500002794,427.87499999976717,494.4500000004191,6.181477800978206,6.058831096849805,6.2034460337168476,51.0311136113747,0.26679715439878193,51.91451207547419,0.25623919886618535,43.25647549273596,0.8103634976914554,50.93701458958233,0.23656308937891002,51.20461880166631,0.30411310074207865,84.67551163379777,59.92576177548864,85.22355562838707,59.36161831573576,82.97540816446521,60.96694092965691,87.22343307489778,63.04625863939872,82.5596722460013,57.258935553361056,-0.0625,-0.07291666666666669,0.048611111111111105,0.01041666666666674,-6.181193585184445,-11.676503817246555,8.658036582738234,-0.2676042120839739,0.13304265861037312,-0.7890595737133923,-0.5541242988252701,-0.06755001136316863,-10.03111028634875,-0.6226702576808378,2.2481474639218675,4.663760828896486,-8.510607574406094,6.188408016942333,-1.605322613921146,5.7873230860376665,-75.94861111050056,34.21041666662012,63.238888888516385,74.14166666691506,-0.15113815682517728,0.07064198196761318,0.12925489078238872,0.14686146084528318,10.73750000074503,67.40833333258831,11.582638888516342,9.45520833274351,1.2423067568763044,0.7491683483311093,-0.4880674915576268,True,True,False,C,90,94,96,96,93,6,6,0,1,1,1,1,1,1,6,True,True,True,True,False
12640943,C,0.0,0.9166666666666666,0.90625,0.9270833333333334,0.09375,0.07291666666666667,0.7447916666666666,0.7708333333333334,0.6666666666666666,0.7604166666666666,0.7291666666666666,714.6296875000311,6.571764488946958,349.3401041681257,5.856045958185711,686.9375000008279,6.5322433128303246,346.9208333347407,5.849096607908207,797.7062499976406,6.681740421909131,356.59791666828096,5.876608863203003,743.6968750003725,6.61163352573777,403.0520833364376,5.999065792644269,685.5624999996895,6.5302396691711,295.6281249998138,5.689102330014221,612.3453124994412,579.9937499994412,951.5500000012106,6.417296359501182,6.363017327619373,6.8580922339643084,593.4479166660458,567.8083333342025,899.5562500022351,6.385949453949626,6.341783920461997,6.80190158617938,669.0374999996275,616.5499999951572,1107.5312499981374,6.505840112368374,6.424139422308685,7.009888718223814,619.2687499988824,603.4500000011176,1008.3718750011176,6.428539346472055,6.402663187065759,6.91609230420795,605.421875,556.5374999977648,894.7281250013036,6.4059255290699495,6.321734553886031,6.796519901178851,52.659015095582824,0.14722260572258944,48.1084708296464,0.2626186448772834,74.92932711101005,0.3553427457814383,53.8127179946108,0.12952799275590748,51.52403796137853,0.18560494747808443,47.415726565743064,37.25036101642167,45.10673235590303,28.82404631051933,55.239461264772956,42.70417401893661,48.51518566952468,24.249787417556906,47.4013349937982,50.827661519806846,0.0,0.8489583333333334,0.8854166666666666,0.8125,0.11458333333333333,0.1875,0.7447916666666666,0.7152777777777778,0.8333333333333334,0.6770833333333334,0.8125,573.4963541659527,6.351751579384358,326.395312501428,5.788109261777969,564.6006944438236,6.336118745793524,332.0590277792265,5.805312747628659,600.1833333323399,6.397235164097455,309.4041666680326,5.734648404977934,591.4083333319674,6.382506698174644,364.40000000130385,5.898252165389382,555.584374999938,6.320020487734445,288.39062500155217,5.664315897953002,510.699999999255,590.6453124997206,619.1437499988824,6.235782333652139,6.38121568919055,6.428337475123979,497.9916666653008,566.4083333332092,629.4020833329608,6.210583343280831,6.339315255077085,6.444770294654954,548.8250000011175,663.356249999255,588.3687499966472,6.307779629312023,6.497312176191239,6.377353877182028,493.20937499869626,601.0999999986961,679.9156249985099,6.2009337796227015,6.398761310042947,6.521968709586938,528.1906249998137,580.1906250007451,558.3718749992549,6.269457250746437,6.3633567133367395,6.325025183058019,45.248598411898314,0.07529658646005521,45.55088885253417,0.07247620029123225,46.337485939767106,0.08205164867615156,46.9569985056201,0.07452760524506064,46.84960924321239,0.07498198424448249,50.384637143031604,36.615904277203526,51.29730060323764,39.23690550166095,49.412064553275,15.05502857349896,52.74662362695055,40.15147231374044,47.95061009092054,23.953431714351783,0.10416666666666674,0.03125,-0.11805555555555558,-0.13541666666666663,-26.820856281363653,2.288680033232268,-0.7865970872329342,0.10738926240770752,-0.0927241009041549,-0.05607695472217694,-0.009575448384919305,-0.0004543789994218561,-10.132728908869929,1.113850675726482,1.8852360499626357,4.79601353603001,-13.880127708417284,-26.57787410224994,24.18187692816199,16.19804059938866,-110.76874999681274,58.13437500068301,-35.58263888851627,35.823958332029406,-0.14949710907880664,0.08139385656667031,-0.06111641830393122,0.06248621044019842,-9.677083333540281,107.4239583366238,22.654861111193895,76.00937499975169,1.0111983991957518,1.0467035813920011,0.1238590804221246,True,True,True,C,32,37,58,93,58,26,61,35,1,1,1,1,1,1,6,True,True,True,True,False
12640955,C,1.0,0.93717277486911,0.9473684210526315,0.9270833333333334,0.05263157894736842,0.07291666666666667,0.9685863874345549,0.972027972027972,0.9583333333333334,1.0,0.9375,668.2774869109948,6.504703486849489,245.03141361256544,5.501386421152193,644.3076923076923,6.468176395088836,237.7762237762238,5.471329995137767,739.6875,6.606227799708303,266.6458333333333,5.585921310947901,764.578947368421,6.639325286706443,236.1578947368421,5.464500626809543,572.9791666666666,6.350849357705882,253.8125,5.536595805446517,615.5,646.2698412698413,742.71875,6.4224349456245085,6.471217127509699,6.61031744008164,596.6458333333334,601.6595744680851,733.7291666666666,6.391323693355989,6.399691794441727,6.598139977780672,672.0625,777.3125,769.6875,6.510351342150745,6.65584245741396,6.645984588314857,753.84375,744.5806451612904,794.6875,6.625185118416532,6.612821167495204,6.677948955616439,477.15625,551.03125,690.75,6.1678440053837855,6.311791522608197,6.537777963803526,47.21553818768815,0.20799790642242738,48.93706365787053,0.1899371742727003,41.10060033860789,0.9462142481632497,48.59265861688412,0.171367720992535,44.034381089157215,0.38886374495600995,31.53792097796762,12.459985292217532,31.364477213522605,14.775534730476483,40.01944809071447,9.891814071699777,0.0,39.247,31.53792097796762,12.459985292217532,0.0,0.9114583333333334,0.8645833333333334,0.9583333333333334,0.13541666666666666,0.041666666666666664,0.9635416666666666,0.9583333333333334,0.9791666666666666,0.9583333333333334,0.96875,580.3802083333334,6.363683420382667,189.65625,5.245213223036129,575.7569444444445,6.355685600190268,197.04861111111111,5.283450455207703,594.25,6.387300106240303,167.47916666666666,5.12085896542007,524.2291666666666,6.261928929682276,208.51041666666666,5.33998900002287,636.53125,6.456033513414414,170.80208333333334,5.140505478782032,576.78125,530.21875,634.140625,6.357463078507565,6.273289657243213,6.452270735835604,570.8333333333334,536.7708333333334,619.6666666666666,6.347097281468271,6.285571249854434,6.429181699053334,594.625,510.5625,677.5625,6.387930954752446,6.235513059102088,6.518501799421511,510.1875,474.5625,587.9375,6.234778305211575,6.1623933269734525,6.37662064973217,643.375,585.875,680.34375,6.466727757972919,6.37310645624287,6.52259818514652,58.95075672900762,0.8467682305346967,58.59172576042364,0.7433464140442538,59.31970507317235,0.7508884996139805,57.43435004559303,0.9997104208719523,60.00000872854915,0.13595154174245794,-11061.11484317694,2893.203404595648,-4334.521707721034,1296.7389769451684,110.20448402679936,11.882756279705013,8.323105010467629,16.379966915775547,70.33764133735261,93.09661647954375,0.013694638694638606,0.0625,-0.02083333333333326,-0.01041666666666663,7.836463319262641,4.558277527726908,-0.7279793127487082,-2.565658682956119,-0.7562770738905494,-0.21749602396347495,-0.007542085569726686,0.8637588791294943,-8.654970877191865,-31.53792097796762,-4444.726191747833,-62.01453632688498,4.883720658776706,26.78701470778247,1284.8562206654633,-76.71664956376821,-95.37980769230774,191.5997807017544,-18.493055555555543,-112.30208333333337,-0.13805140461946674,0.28847592900056096,-0.03161450605003502,-0.19410458373213757,-28.869609557109527,-17.65460526315789,29.569444444444457,37.708333333333314,1.3877657208012408,0.7492632709025311,1.281102577039331,True,True,True,C,61,63,61,76,86,0,15,15,1,1,1,1,1,1,6,True,True,True,True,False
12640956,C,0.0,0.8802083333333334,0.7916666666666666,0.96875,0.20833333333333334,0.03125,0.9479166666666666,0.9444444444444444,0.9583333333333334,0.96875,0.9270833333333334,594.3656249996275,6.387494660303973,344.97760416784627,5.843479499468742,582.0194444445273,6.366503856871847,350.3722222244573,5.858996081446269,631.4041666649282,6.447946175191329,328.7937499980132,5.795430654479503,642.6520833342025,6.465603494337555,426.48125000670547,6.055568403495732,546.0791666650524,6.302763959126344,263.47395832898707,5.573954533226407,498.4468749985099,580.7203124994413,703.9296875009313,6.211497014010821,6.3642692511005645,6.5566784754612275,483.2374999982615,556.6666666679084,706.1541666674116,6.180508251221586,6.3219666167449216,6.559833580039209,544.0749999992549,652.8812499940398,697.2562500014902,6.299087104998762,6.481395259743826,6.5471529902558645,539.7781249992549,652.9687499981375,735.2093750052152,6.2911581754931465,6.481529272079436,6.600155322599479,457.1156249977648,508.47187500074506,672.6499999966472,6.124936367640733,6.231409904225927,6.511225134926567,60.4370832202065,0.9903601164825311,60.256021761773816,0.8966872043508818,61.34812350447812,0.8862363126538146,59.670224684705076,0.7548287562628828,61.187351246010174,0.9985625714919066,52.71023662671247,24.782574117716837,50.58792537622312,15.054899955436406,20.10217772062493,10.11338914519421,59.88705141618965,9.566659625071042,49.99999999999609,15.14001538882889,1.0,0.8638743455497382,0.8020833333333334,0.9263157894736842,0.19791666666666666,0.07368421052631578,0.743455497382199,0.7272727272727273,0.7916666666666666,0.7473684210526316,0.7395833333333334,848.3979057622828,6.743349754231897,235.74816754070253,5.462764148591321,865.8160839180845,6.763672511779295,244.14335664377347,5.497755579995232,796.5062500064569,6.680234976157304,210.73750000447043,5.350613283163133,855.9694736875985,6.752234713925945,258.85684210501216,5.556275175700957,840.9052083361894,6.73447894058372,212.88020833643773,5.360729605325652,778.2906250040978,748.1809523805739,1017.1562500055875,6.6571000084143135,6.617644863665066,6.924766022404347,795.3875000029802,764.2531914875863,1035.691666671385,6.67882941729051,6.638899136735514,6.942824759479027,727.0000000074506,700.9687500037251,961.550000008195,6.588926477543768,6.552463306873613,6.868546565765379,785.8031250014899,819.2193548410169,961.7375000063328,6.666706283957238,6.708351880521055,6.868741544413896,770.7781250067055,679.3624999970198,1072.5750000048422,6.647400556540598,6.521154858437789,6.977817578431623,61.07545745683686,0.18555108468286424,59.12628760142114,0.18165745152781487,65.45341541375706,0.27982780362453763,50.05838128305445,0.07897545910288306,54.6152038191083,0.11716736638627967,55.21463702993794,34.2214353478243,53.98516925890572,37.38765620712206,57.83306615180971,26.32849925715319,58.64884188408038,37.71208895125124,52.59724022498313,28.510748480444544,-0.01388888888888895,0.04166666666666663,-0.06439393939393934,0.0077850877192982,-1.0921017427043012,-1.5171265613050977,-6.327127812335917,-4.556822536053851,0.010450891697067144,-0.24373381522902382,-0.09817035209672276,-0.03819190728339661,30.48574765559819,9.887051416193557,-3.8478968929039894,6.051601659097251,4.941510810242196,-5.573355763757849,11.059156949968873,9.201340470806695,-49.38472222040093,96.57291666915012,69.3098339116276,15.064265351409063,-0.0814423183194819,0.16283953521121042,0.08343753562199119,0.017755773342224224,21.57847222644409,163.0072916777184,33.40585663930304,45.97663376857443,1.4171792176209368,0.8566526459608377,1.074089265103036,True,True,True,C,83,71,71,87,75,-12,4,16,1,1,1,1,1,1,6,True,True,True,True,False
12640966,C,3.0,0.8624338624338624,0.7849462365591398,0.9375,0.21505376344086022,0.0625,0.9735449735449735,0.9716312056737588,0.9791666666666666,0.967741935483871,0.9791666666666666,497.14814814815054,6.208888066483312,278.3544973544987,5.6288954716913695,496.04964539007466,6.206676013228353,284.6950354609944,5.651418556341276,500.37499999999864,6.215357817312735,259.7291666666674,5.559639421437087,502.07526881720446,6.218750046335046,330.80645161290215,5.801533466021332,492.37500000000455,6.19924062129108,227.5416666666703,5.427333371804224,440.0952380952389,519.7580645161318,531.4062500000036,6.086991153706791,6.253363442762302,6.275526794641576,419.2127659574491,531.282608695655,537.520833333339,6.038378585685915,6.275294099429059,6.286967518940614,501.43749999999636,486.6250000000023,513.0624999999973,6.217478973513868,6.187493805930624,6.24039767010848,421.5806451612882,556.1333333333389,529.3749999999973,6.044011088111884,6.32100807365469,6.271697065406314,458.03125000000364,485.65625,533.43750000001,6.126937413227582,6.185501069115886,6.279341912988778,59.75489965077658,0.7923648454776206,58.19156210999996,0.08823892980342646,57.577803078284965,0.11551884213118768,57.28218286489162,0.08329901105154319,58.85622010724333,0.10621526407301973,51.105312431324165,60.688840218722056,53.88003344807057,26.64791255823659,110.20448402679936,11.882756279705013,39.97805327025659,50.02436027939279,60.13982070639128,10.147887409437871,0.0,0.7916666666666666,0.59375,0.9895833333333334,0.40625,0.010416666666666666,0.984375,0.9791666666666666,1.0,0.9895833333333334,0.9791666666666666,414.3489583333326,6.026708513314174,158.5937500000016,5.066345901110272,418.81944444444287,6.037439906869028,170.61111111111282,5.139386762544667,400.93750000000176,5.99380555480996,122.54166666666782,4.808451108206059,420.40624999999847,6.0412215056858125,197.43750000000014,5.285422078562305,408.2916666666667,6.011981788287873,119.75000000000303,4.78540623629105,392.7031249999977,444.46875000000165,405.8749999999984,5.973053919280842,6.0968797487705055,6.006045230423006,393.6666666666636,453.50000000000045,409.2916666666645,5.975504527529245,6.116995269555193,6.014428023326919,389.8125,417.37500000000523,395.625,5.965665854286342,6.033985098263831,5.980466792898441,380.71874999999727,481.34375000000057,399.1562499999977,5.942060913554673,6.176581671824732,5.989352944243045,404.6874999999982,407.59375000000273,412.59374999999915,6.003115164327952,6.0102709675705634,6.022463452679473,72.83168416758154,0.22093255278459706,63.40451448106279,0.6764956571638389,58.20464317796212,0.04844127395849224,73.72445590913186,0.22972151150020859,64.06598326491603,0.6111894243786896,89.13986213749428,11.737319756657424,89.13986215102318,11.737319664447178,0.0,39.247,80.0006637398833,7.449203246668654,90.00000000000021,12.056710954656998,-0.007535460992907805,-0.011424731182795633,-0.02083333333333337,0.01041666666666674,0.6137590317149915,-1.5740372423517144,5.199871303100672,9.658472644215834,-0.027279912327761224,-0.02291625302147654,0.6280543832053467,-0.38146791287848103,-56.32445057872879,-20.161767436134696,89.13986215102318,-9.99933626011692,14.765156278531578,39.87647286995492,-27.509680335552822,-4.6075077079883435,-4.325354609923977,9.700268817199913,17.881944444441103,12.11458333333178,-0.008681804084381461,0.019509425043966466,0.04363435205906807,0.029239717397939735,24.96586879432698,103.26478494623186,48.069444444445,77.68749999999712,-0.2966789374470213,0.527649919775103,-1.0582315619742817,False,True,False,C,61,63,62,43,31,1,-18,-19,1,1,1,1,1,1,6,True,True,True,True,False
12640969,C,5.0,0.8663101604278075,0.946236559139785,0.7872340425531915,0.053763440860215055,0.2127659574468085,0.732620320855615,0.7194244604316546,0.7708333333333334,0.7252747252747253,0.7395833333333334,738.6770053547334,6.6048607555199785,672.3438502626623,6.510769891597071,728.7316546868934,6.591305563676339,645.2424460392205,6.4696261315007035,767.4770833303533,6.643108620162608,750.8249999930459,6.621172601964395,789.9461538555857,6.671964783461617,763.4076923079543,6.637792216639658,690.0781250049671,6.536804815826758,586.0229166572293,6.373358895735956,682.6596774266611,719.6655737767454,811.0640625078231,6.52599645929434,6.578786623239818,6.69834704299056,683.8456521863521,709.2222222301696,790.0375000114241,6.527732237460382,6.564168907931044,6.672080412703371,679.2499999925496,749.0375000014902,874.1437499970201,6.520989248295488,6.6187890490215855,6.773244835812023,748.2400000095367,733.5448276010054,880.1593750044701,6.617723782139041,6.597888710372742,6.780102999033811,621.1781250052153,707.0874999985099,741.9687500111761,6.431617876561158,6.561154420612772,6.6093071263925784,44.817347442244774,0.1300284662670701,45.062555890728284,0.14152817741028922,40.89307922771488,0.07932474146881724,36.6658281547195,0.1495167575498083,53.26418971581341,0.19334938136371982,41.07243203285135,43.66620519391407,40.6194993937356,39.95504874598721,43.32797297113266,68.99800135037238,42.1192262104806,32.20035559565948,37.6822967109435,58.92350256914968,0.0,0.8333333333333334,0.8645833333333334,0.8020833333333334,0.13541666666666666,0.19791666666666666,0.8072916666666666,0.8055555555555556,0.8125,0.8125,0.8020833333333334,608.7963541640589,6.411483817968538,407.54583332749706,6.0101534007794495,609.9916666646799,6.413445295868599,418.27291666136847,6.036134130144444,605.2104166621963,6.4055761936996465,375.3645833258827,5.927897775870856,606.217708328118,6.40723917621967,442.92604166393477,6.093402807267751,611.3750000000001,6.415710518859521,372.1656249910593,5.91933898365895,613.7359374929217,599.5640625003725,613.0890624988825,6.419564766411078,6.396202828642315,6.418510214940426,599.9874999945362,635.90833333383,594.0791666656733,6.396908821656689,6.455054422974144,6.387012587696964,654.9812499880788,490.53125,670.1187499985099,6.484606609253122,6.19548898747548,6.507454935483817,602.5749999992547,598.0999999903142,617.9781249947846,6.401212138944216,6.393757964034317,6.426453060382653,624.896874986589,601.0281250104308,608.2000000029802,6.437586636100943,6.398641730462608,6.410503775248165,40.473338405271406,0.8056551562563233,41.43715846701142,0.12278137348584167,50.02899727682991,0.05972255995654979,42.391769432260844,0.07945651150109029,58.521654853851906,0.5533550042648595,51.38403581336504,52.840954666880315,51.05628829002738,39.00614535698336,54.43890236889581,128.91698728962777,52.50010946216449,40.29290508180138,42.10154320644558,83.77998578038127,-0.051408872901678726,-0.014308608058608119,-0.00694444444444442,0.01041666666666663,4.1694766630134055,-16.59836156109391,-8.59183880981849,-16.129885421591062,0.062203435941471985,-0.04383262381391151,0.06305881352929188,-0.4738984927637692,-2.708473577397058,4.436929499537101,-3.3826140788684285,10.398566255718912,-29.042952604385164,-26.723146973490202,-89.91084193264442,-43.48708069857989,-38.74542864345983,99.86802885061866,4.781250002483603,-5.157291671882149,-0.05180305648626948,0.13515996763485916,0.007869102168952757,-0.00847134263985172,-105.58255395382548,177.38477565072503,42.90833333548579,70.76041667287546,-1.2531972555857736,-0.9536868594892276,-0.4068811934592251,False,False,False,C,0,0,0,0,9,0,0,0,1,1,1,1,1,1,6,True,True,True,True,False
12640992,C,0.0,0.9166666666666666,0.9270833333333334,0.90625,0.07291666666666667,0.09375,0.9739583333333334,0.9722222222222222,0.9791666666666666,0.9583333333333334,0.9895833333333334,664.479166666671,6.499003525768171,270.7135416666642,5.6010612199965655,669.0972222222275,6.50592937426652,273.7708333333299,5.6122913817357345,650.6250000000014,6.477933439369235,261.54166666666697,5.566593607969588,640.8229166666684,6.462753157703117,303.92708333333167,5.716787815179676,688.1354166666733,6.533985645115937,237.49999999999667,5.470167623474682,575.1093750000049,677.3593750000026,740.9687500000052,6.354560240099629,6.518201966633706,6.607958451667257,571.4791666666723,684.208333333337,751.604166666673,6.348228028793809,6.528262452143897,6.622209811252886,586.0000000000027,656.8124999999995,709.0625000000018,6.3733197895770175,6.487398589625815,6.563943674974164,558.8125000000034,659.562499999998,704.0937500000041,6.325813996495543,6.4915767364313055,6.556911514905665,591.4062500000064,695.1562500000073,777.8437500000064,6.382503175505934,6.544136640440426,6.656525668532677,49.670419857815794,0.14287666851364966,47.08999936232277,0.15694062202967296,57.610990433846965,0.17253809625939753,44.886933540540966,0.11523850488720327,58.15146757856145,0.7499437849963231,50.509018608496326,11.799615762876432,51.29033137464966,11.413034140540585,39.99993336077985,7.439848718813114,50.0,11.906957091369891,59.99990002101213,7.4436456778371305,0.0,0.9583333333333334,0.9583333333333334,0.9583333333333334,0.041666666666666664,0.041666666666666664,0.96875,0.9652777777777778,0.9791666666666666,0.9895833333333334,0.9479166666666666,581.3072916666686,6.365279518352474,283.2968749999994,5.6464953760661345,570.118055555558,6.345843454392994,295.03472222222194,5.68709305186164,614.8749999999999,6.421418995115504,248.08333333333158,5.513764711227769,607.5729166666662,6.409472195446829,261.50000000000085,5.5664342835049805,555.041666666671,6.319043186003525,305.0937499999979,5.720619106425938,537.3437499999991,561.5000000000041,645.0781250000025,6.286638020066638,6.3306117741785055,6.469371433491861,549.2500000000013,559.3541666666697,601.7500000000033,6.308553711264722,6.326782844387694,6.3998420766631865,501.6249999999927,567.937500000007,775.0625,6.217852828587066,6.342011377455578,6.6529436712629915,586.0624999999983,579.4999999999989,657.1562500000013,6.373426439179841,6.362165662779804,6.487921813648979,488.6249999999999,543.5000000000091,633.0000000000036,6.191595324113119,6.298029706561281,6.450470422144182,41.933127916933074,0.9813682561988182,41.54130074210546,0.9994439035815686,49.99999999999999,1.0,47.94966134774611,0.99999966093436,41.384372944884916,0.7307740390106994,70.43261436442764,53.781307540129504,76.6235758247109,60.73945754438657,59.99990002101213,7.4436456778371305,80.0006637398833,7.449203246668654,65.13811638326581,55.429242686328415,-0.00694444444444442,-0.03125,-0.01388888888888884,0.04166666666666674,-10.520991071524193,-13.264534038020486,-8.45869925789453,6.565288402861192,-0.015597474229724573,-0.6347052801091198,-0.000556096418431351,0.2692256219236606,11.290398013869812,-9.999900021012131,16.623675803698767,14.862547356617483,3.9731854217274707,4.463311413532761,53.295811866549435,-47.98003943965976,18.47222222222615,-47.31250000000489,-44.75694444444184,52.531249999995225,0.02799593489728469,-0.07123248741281962,-0.07557554072251005,0.09042900944330334,12.229166666662934,66.42708333333499,46.951388888890364,-43.593749999997044,0.4586325443790038,-0.6087400178873379,-0.2672121451509055,True,False,False,C,64,58,66,57,66,2,-7,-9,1,1,1,1,1,1,6,True,True,True,True,False
12641008,C,1.0,0.8952879581151832,0.8315789473684211,0.9583333333333334,0.16842105263157894,0.041666666666666664,0.9162303664921466,0.916083916083916,0.9166666666666666,0.9263157894736842,0.90625,621.0471204188477,6.431406957346087,327.2094240837701,5.790600406525828,610.4335664335667,6.414169469338984,331.8251748251775,5.804608248371699,652.6666666666638,6.481066534422341,313.4583333333273,5.747666443212257,650.2631578947389,6.477377139256273,424.9578947368418,6.05199009280911,592.1354166666637,6.383735353095366,230.47916666666788,5.440160475127025,538.9843749999964,625.1904761904765,699.0312500000018,6.28968658162053,6.438056365210688,6.549695447958388,536.4374999999973,591.5744680851058,702.8958333333376,6.284950059478434,6.382787572510317,6.555208706341467,546.6249999999936,723.9375000000032,687.4374999999945,6.303763009733073,6.584705062692569,6.5329709163173275,581.9687500000036,656.9354838709666,712.0937500000036,6.366416752131785,6.487585815597365,6.568209574092385,495.9999999999891,594.4375000000018,685.96875,6.206575926724906,6.387615580242607,6.530832072752413,58.66827834437264,0.1890796364983215,59.52832892254776,0.5591616921903546,59.741508445724094,0.7776059549769017,65.58782211493654,0.17916663017938628,52.40800137037824,0.21772425281542496,60.06317155473768,21.598962572837532,60.10296020294264,23.261296352169758,59.90760502779923,9.148075728809442,48.1062112662274,63.32333265566288,67.63212034444834,11.23934962893516,0.0,0.9375,0.90625,0.96875,0.09375,0.03125,0.8385416666666666,0.8402777777777778,0.8333333333333334,0.8645833333333334,0.8125,617.4374999999969,6.4255778488046875,278.78645833333536,5.630446106448983,613.4097222222177,6.419033101281017,268.9861111111135,5.594659746711685,629.5208333333345,6.444958947985755,308.1875000000012,5.730708363984348,606.4166666666657,6.407567318559084,283.5625000000008,5.647432557424185,628.4583333333281,6.443269730420298,274.01041666667,5.613166122697083,538.1874999999987,583.3750000000005,730.7499999999916,6.288207012456382,6.3688302042699805,6.594071403991344,531.0624999999969,576.1875000000006,732.9791666666559,6.2748797167637544,6.356433128558814,6.5971172794727195,559.5625000000043,604.9375000000001,724.062499999999,6.327155228394383,6.405125146909308,6.584877714626694,490.8437499999976,622.2812499999982,706.1250000000016,6.196125849043301,6.433392160958945,6.559792275645428,585.53125,544.4687500000027,755.3749999999816,6.372519554798786,6.299810548623184,6.627214314681698,54.569894683089544,0.2096568986910406,53.283809079472995,0.2120371980775509,59.31970507317235,0.7508884996139805,50.00005308493112,0.19215469418418152,54.98118525903405,0.23700712036372823,62.30902440478254,23.64125517500069,59.99999992071023,22.466464334736262,69.35878094200673,11.79884748951629,60.00000000000006,21.505888721669248,63.86984040875211,24.873107490880574,-0.0005827505827505908,0.020065789473684204,0.00694444444444442,0.05208333333333337,-0.21317952317633626,13.179820744558306,-6.035895993699356,-4.981132174102932,-0.21844426278654705,-0.03855762263603868,-0.5388513015364296,-0.04485242617954671,0.19535517514341194,-19.52590907822094,-9.358781021296501,-3.8698404087520544,14.113220623360316,52.08398302672772,10.667616845219973,-3.367218769211327,-42.23310023309705,58.12774122807525,-16.11111111111677,-22.041666666662422,-0.06689706508335735,0.0936417861609069,-0.025925846704738298,-0.035702411861214145,18.36684149185021,194.47872807017393,-39.20138888888772,9.552083333330813,0.0820161855070864,-0.2206952712726884,-0.8787770253136853,True,False,False,C,0,0,0,0,0,0,0,0,1,1,1,1,1,1,6,True,True,True,True,False
12641009,C,0.0,0.8958333333333334,0.9791666666666666,0.8125,0.020833333333333332,0.1875,0.984375,0.9861111111111112,0.9791666666666666,0.96875,1.0,519.3098958331781,6.252500806769571,137.20937499978274,4.921508043859542,514.8763888883922,6.24392685027801,132.41111111061446,4.8859115607567905,532.6104166675359,6.277790231332652,151.60416666728756,5.021272957443291,534.697916667598,6.281701945683018,203.8572916652387,5.317420198383886,503.92187499875826,6.22242124613299,70.56145833432676,4.256484079488453,457.7171875000932,468.8234374998137,631.3890624996275,6.1262514988446295,6.150226231679949,6.447922253356855,460.4895833339542,463.9249999995033,620.2145833317189,6.1322902351006565,6.139722901229332,6.430065520307538,449.39999999851,483.518750000745,664.9125000033528,6.107913359747913,6.1810900938741025,6.499655453056259,448.00937500130385,497.2374999988824,658.8468750026075,6.104814158538228,6.20906777915543,6.49049114787097,467.4249999988824,440.409375000745,603.9312499966472,6.147238908048947,6.087704692089582,6.403460366947452,40.2779775536408,0.1980443601960134,41.05292917845186,0.16072359792262708,42.69771181157714,0.0879829014017115,40.45856911658713,0.548041000882324,38.859152932947694,0.12804865395919784,49.14190331465906,11.717451510441004,50.0,11.90695733468313,39.99993336077985,7.439848718813114,49.141903346927215,11.717451290127801,0.0,39.247,0.0,0.8645833333333334,0.9791666666666666,0.75,0.020833333333333332,0.25,0.9739583333333334,0.9722222222222222,0.9791666666666666,0.9791666666666666,0.96875,538.1640625009313,6.288163462560813,96.15781250114861,4.565990721995997,534.5909722230086,6.281501916586939,91.47361111268401,4.516050527545227,548.8833333346992,6.307885911339525,110.21041666654246,4.702391417356339,547.6125000010555,6.305567920036627,81.71979166722545,4.403296220597486,528.7156250008071,6.270450716428323,110.59583333507179,4.70588241509713,456.60781249962747,490.03125000232825,667.8531250008381,6.12382484411057,6.194469164586057,6.5040682766078515,459.17083333370584,496.6625000021109,647.939583333209,6.129422326728762,6.2079107209787106,6.473797456408667,448.9187499973923,470.1375000029802,727.5937500037251,6.106841913677886,6.153025205116592,6.589742856727642,473.9968749983237,497.66562500316644,671.1750000016763,6.161200728842803,6.209928415774114,6.509029907739529,439.2187500009313,482.39687500149006,664.53125,6.0849975805430265,6.178767167368548,6.4990819048880075,38.266921167066855,0.2682738687498646,39.19228056788847,0.5512970385136141,41.18076061181552,0.08652115930496423,38.90099572202124,0.12960175272425817,39.06400890083089,0.8664148227005335,47.94962282652914,14.386915733491628,39.90774555554066,9.148085089273257,59.99990002101213,7.4436456778371305,50.0,11.906956677824875,39.88710210641143,9.566642678577939,0.006944444444444531,-0.03125,-0.00694444444444442,0.01041666666666663,-1.6447826331252813,1.599416183639434,-1.988480043927055,-0.16301317880964916,0.07274069652091558,0.41999234692312615,0.4647758792086499,-0.7368130699762754,10.000066639220151,49.141903346927215,-20.092154465471474,10.112897893588567,4.467108615870015,-27.5295487098722,1.7044394114361268,2.340313999246936,-17.73402777914373,30.776041668839696,-14.292361111690525,18.89687500024843,-0.03386338105464226,0.059280699550027904,-0.026383994752586126,0.03511720360830406,-19.1930555566731,133.29583333091193,-18.736805553858446,-28.876041667846337,1.465531159221476,1.0699906969039668,1.299159737055523,True,True,True,C,56,55,68,66,62,12,10,-2,1,1,1,1,1,1,6,True,True,True,True,False
12641010,C,3.0,0.8465608465608465,0.9680851063829787,0.7263157894736842,0.031914893617021274,0.2736842105263158,0.8783068783068783,0.8936170212765957,0.8333333333333334,0.8602150537634409,0.8958333333333334,846.6931216931217,6.741338316950562,595.5714285714286,6.3895213288254835,831.1276595744681,6.72278340468678,618.950354609929,6.4280250668994245,892.4166666666666,6.793933138612875,526.8958333333334,6.267002869295062,902.247311827957,6.804888664109157,575.6021505376344,6.355416711173076,792.875,6.675665579954061,614.9166666666666,6.421486757270366,813.9677419354839,787.968253968254,936.203125,6.701920736145401,6.669457802204025,6.841832466822373,800.3913043478261,723.6382978723404,965.8333333333334,6.685100738517413,6.584291678975649,6.872991286545797,853.0,976.9375,847.3125,6.748759547491679,6.88442267865569,6.742069575839608,839.4,940.5483870967741,924.0625,6.73268735089949,6.846463095686434,6.828779710046796,790.125,640.15625,948.34375,6.672191160792463,6.4617122871812445,6.854717042014773,42.98698236301079,0.08467732501382824,33.89048281759212,0.24309935327787663,49.931639873276666,0.027889433333722013,33.90063890704396,0.14379319622688863,38.28152249915631,0.9995171917028587,47.11722092973644,69.19146057256931,40.323016151533736,32.038383863966004,82.23984307850986,146.95036542261536,39.151700520200855,140.31470642431728,47.05228229810934,30.46587986319528,0.0,0.890625,0.96875,0.8125,0.03125,0.1875,0.9114583333333334,0.9305555555555556,0.8541666666666666,0.9270833333333334,0.8958333333333334,767.4895833333334,6.643124907165123,465.9583333333333,6.144096216680243,767.8402777777778,6.643581739875053,384.44444444444446,5.951799290715551,766.4375,6.641753155522244,710.5,6.565968947537155,731.1875,6.59466992480782,485.3854166666667,6.184943248891166,803.7916666666666,6.689340114539943,446.53125,6.101509386669243,635.546875,751.03125,915.890625,6.4544858487275665,6.6214472620835,6.819896952522949,654.125,727.1041666666666,922.2916666666666,6.483298464692372,6.589069750167258,6.826861514818296,579.8125,822.8125,896.6875,6.362704775413491,6.712728349690629,6.798707417858608,609.0625,713.5,871.0,6.41192088970188,6.570182436916891,6.769641976852503,662.03125,788.5625,960.78125,6.495312760260933,6.67021166768796,6.867746755587843,40.0271880429658,0.1770444930894372,41.05292917845186,0.16072359792262708,39.3352047748163,0.9879572380648158,44.005002122454194,0.16822841844811337,37.82666577241794,0.2877911673216321,48.659344079319546,42.51085292744166,47.431894885578004,32.67517595037696,55.43289484878615,122.86948506177198,47.85006411275935,33.15753488106035,47.78776166810646,45.763814832961174,0.06028368794326233,-0.0356182795698925,0.07638888888888895,0.03125,-16.041157055684543,-4.3808835921123475,1.7177244036355646,6.178336350036254,0.21520991994415462,-0.8557239954759701,-0.8272336401421887,-0.11956274887351875,-41.91682692697613,-7.900581777908485,-8.000999963208145,0.062302444652885924,-114.91198155864936,109.848826561122,-90.19430911139503,-12.606279951900824,-61.28900709219852,109.37231182795699,1.4027777777778283,-72.60416666666663,-0.07114973392609514,0.12922308415509587,0.0018285843528085266,-0.09467018973212316,92.05452127659566,-39.3145161290322,-326.05555555555554,38.854166666666686,-0.2248290717748902,0.9221711254446108,-0.8091356858603856,False,True,False,C,7,26,30,47,66,23,40,17,1,1,1,1,1,1,6,True,True,True,True,False
12641036,C,7.0,0.9135135135135135,0.8571428571428571,0.9680851063829787,0.14285714285714285,0.031914893617021274,0.8108108108108109,0.8115942028985508,0.8085106382978723,0.8111111111111111,0.8105263157894737,790.4967567574333,6.6726615538674645,486.3389189189753,6.1869057448859985,788.9666666673038,6.6707240723834635,494.374637681181,6.203293605639083,794.9893617029203,6.678328733059038,462.74468085122237,6.137175456738644,805.4888888895512,6.69144940846795,560.4233333332671,6.328692450521946,776.2936842112165,6.654530907620735,416.1536842106988,6.0310546252364166,703.8688524597493,737.9229508199898,925.2793650803349,6.556592049684395,6.603839416467192,6.830095708217747,702.4217391312122,719.8711111115085,939.8255319156228,6.554533991630144,6.579072183640352,6.84569425369235,708.3066666672627,788.6937500000931,882.5500000016763,6.562877144923757,6.6703780959400545,6.782815444428187,708.8551724144611,786.1379310344828,910.6000000012573,6.563651235446747,6.6671322618102495,6.814103722902062,699.3500000007916,694.2281250006054,940.4322580651891,6.550151332226445,6.542800616868897,6.8463396185714185,54.67797548079713,0.16223097595318936,58.22613745840756,0.6342435181533934,56.4212927660731,0.25235147388899004,56.471726941974765,0.1546123271187358,49.5997842274977,0.1906354229176609,63.26297569667114,31.4923075986073,64.0042509293765,28.32885069177365,61.45049351981706,44.00994058570761,66.68528871497573,33.230458419522726,60.128896176705474,29.97807622189256,0.0,0.9427083333333334,0.9479166666666666,0.9375,0.052083333333333336,0.0625,0.8645833333333334,0.8472222222222222,0.9166666666666666,0.8229166666666666,0.90625,736.1729166666433,6.601465032257689,416.65989583342645,6.032270291496428,749.2118055557107,6.6190217279947845,429.8402777778295,6.063413692655769,697.0562499994412,6.546866110516322,377.1187500002173,5.93256012458808,763.7145833333489,6.63819413734296,421.5000000000776,6.043819777442094,708.631249999938,6.563335292503174,411.8197916667753,6.020585854795688,704.2312500004191,677.4515624996275,826.8359374998836,6.557106782334492,6.51833805573251,6.717606292634513,724.0041666673496,690.0062500000931,833.6249999996895,6.584797147434556,6.5367006555214315,6.725783660952098,644.9124999996275,639.7874999982306,806.4687500004657,6.469114648677963,6.461136089966372,6.692665149139991,665.7187500004657,720.5187499995809,904.90625,6.500867284051176,6.579971438695113,6.80783134717377,742.7437500003725,634.384374999674,748.7656249997672,6.610351099632622,6.452655040445563,6.618426017325135,47.98979800027623,0.21760180825048037,48.99344673929242,0.18790828379948388,41.89847094214841,0.9992755018341744,46.82173045604804,0.11648242469156073,49.99740215036168,0.9999698830443189,55.54538298046163,23.69717131594394,54.929326297192915,25.517550261545313,59.999900021016394,7.443607382736198,54.9409527941896,26.341804862608207,54.00004202958302,15.098941375580925,0.00308356460067849,0.0005847953216374657,-0.06944444444444442,-0.08333333333333337,1.8048446923344557,6.871942714477065,7.094975797144016,-3.1756716943136425,0.3818920442644034,-0.0360230957989251,-0.8113672180346905,-0.8834874583527581,2.553757409559438,6.556392538270252,-5.070573723823479,0.9409107646065777,-15.681089893933962,3.2523821976301655,18.073942878809113,11.242863487027282,-6.022695035616493,29.195204678334676,52.15555555626952,55.083333333410906,-0.007604660675574415,0.036918500847214375,0.07215561747846255,0.07485884483978555,31.629956829958644,144.2696491225683,52.72152777761221,9.68020833330229,0.7198948412131325,-0.4921143770688311,0.3282668598935183,True,False,True,C,60,78,64,57,76,4,-3,-7,1,1,1,1,1,1,6,True,True,True,True,False
12641063,C,2.0,0.9105263157894737,0.9680851063829787,0.8541666666666666,0.031914893617021274,0.14583333333333334,0.8578947368421053,0.8591549295774648,0.8541666666666666,0.851063829787234,0.8645833333333334,854.2857894753155,6.750265785903943,522.641052634465,6.2588949046022275,868.5232394375431,6.766794343455054,532.2471831004384,6.277108011322643,812.1666666703918,6.6997055736200375,494.22291667262715,6.2029866637311715,932.0936170245737,6.837433257092343,564.0702127668452,6.335178734471089,778.0989583333334,6.656853711890891,482.0750000048429,6.178099703615715,730.1873015912753,781.7873015857879,1047.8109375024214,6.593301078754348,6.661582710691497,6.954458445459838,744.9787234080599,760.8468085070874,1094.9270833358166,6.613355658787926,6.634432034715921,6.998443049472454,686.7375000044703,843.3000000044701,906.462500002235,6.531952123141687,6.737322766585897,6.809549661443185,842.4000000049989,818.7193548352487,1128.8156250081952,6.7362549608257,6.707741357040115,7.028924242583302,621.4812500029803,746.0093750003723,966.8062499966474,6.432105741554372,6.614738167149424,6.873998113430534,42.197327819064505,0.16267990588585257,40.77535987916788,0.17227944245179744,41.99051078311795,0.6817275447796248,43.02333536664461,0.08630037622129882,46.53303814867554,0.16311890713109983,49.57769362899865,33.0598366429258,47.879756773839716,27.479631380037457,53.29732289399174,23.22697477906176,45.5286597201598,31.21285334171737,52.926181734959684,30.281244604544028,0.0,0.9114583333333334,0.8541666666666666,0.96875,0.14583333333333334,0.03125,0.8229166666666666,0.8194444444444444,0.8333333333333334,0.7916666666666666,0.8541666666666666,701.9255208335817,6.553827302718608,387.83541666623205,5.960581065781938,683.2826388912895,6.526908593723997,390.2236111106144,5.966719936636694,757.8541666604578,6.63049097486408,380.670833333085,5.941935047196572,802.9999999981374,6.688354713944442,403.3197916659216,5.999729774977032,600.851041669026,6.398347053014833,372.35104166654247,5.919837069699518,701.1296875011175,659.90625,744.7406249996275,6.552692873491468,6.492097779476515,6.613036003396843,653.9875000019866,655.8395833360652,740.0208333358169,6.48308823812773,6.485916221442434,6.606678338958432,842.5562499985097,672.1062499918045,758.8999999910594,6.736440425574661,6.510416438131916,6.631870016398086,832.1718750018624,728.3906249981374,848.4374999944121,6.7240390000174735,6.590837477092615,6.743396422555769,570.0875000003725,591.4218750018626,641.0437500048428,6.345789857819914,6.382529595239329,6.463097707329222,54.91845866817762,0.15501330729701168,52.06098823319785,0.1586772098869515,60.885423813158155,0.46677987991438136,49.98233566936973,0.2649605936692456,61.59875961399809,0.12400653577962617,58.70087068184442,31.198210800460135,58.24877541147807,32.89704360186655,60.05208757463048,26.395478800438507,57.58723204563394,28.914997431274596,60.00000187464543,33.4154807998179,0.004988262910798125,-0.01351950354609932,-0.01388888888888895,-0.0625,-1.215150903950068,-3.509702782030928,-8.824435579960308,-11.616423944628359,-0.5094481023278274,-0.07681853090980101,-0.30810267002742986,0.14095405788961946,-5.417566120152024,-7.397522014799883,-1.8033121631524054,-2.412769829011488,4.252656600975698,0.9316087371733417,6.501564801428042,-4.500483368543303,56.356572767151306,153.99465869124037,-74.57152776916837,202.14895832911134,0.06708876983501622,0.1805795452014518,-0.10358238114008333,0.29000766092960895,38.024266427811256,81.99521276200232,9.5527777775294,30.968749999379156,-0.3802668827403987,0.249825900431525,0.0574037638531461,False,True,True,C,15,11,9,33,29,-6,18,24,1,1,1,1,1,1,6,True,True,True,True,False
12641073,C,0.0,0.9427083333333334,0.9375,0.9479166666666666,0.0625,0.052083333333333336,0.9947916666666666,0.9930555555555556,1.0,0.9895833333333334,1.0,673.701562528809,6.512787227288266,491.4989583094914,6.197459820173971,655.7298611270057,6.485748907069903,487.3555555476083,6.188993950220878,727.6166667342186,6.589774352833266,503.92916659514094,6.222435715724392,740.4124999841055,6.607207463301435,559.9520833293595,6.327851214584974,606.9906250735124,6.408513346250792,423.04583328962326,6.0474805261070745,554.6625000536443,661.8812500685453,804.560937464237,6.318359820762313,6.4950861592852815,6.690296709324267,539.5187500913938,626.5520833532016,801.1187499364214,6.290677538665892,6.440231904724594,6.686009188185497,600.0937499403954,767.8687502145768,814.8875000476838,6.397085892911061,6.643618820384815,6.703050066961605,595.8499999642373,801.2874999940395,824.0999999940393,6.389988957476795,6.686219809004343,6.714291881762105,513.4750001430511,522.4750001430511,785.0218749344347,6.241201342970307,6.25857713607811,6.66571158355267,50.6987796676673,0.15886142451797275,50.000000854599804,0.13625245407899772,57.465559314984816,0.7677868664188401,47.21399995437746,0.1541645024154379,50.00005308493112,0.19215469418418152,110.2074389038946,11.886116930447225,110.20865963215462,11.890502233541753,0.0,39.247,110.20497549345149,11.883683381633523,0.0,39.247,3.0,0.8994708994708994,0.8210526315789474,0.9787234042553191,0.17894736842105263,0.02127659574468085,0.9841269841269841,0.9788732394366197,1.0,0.9791666666666666,0.989247311827957,553.8232804505284,6.3168456475032295,425.74074068019,6.053830571050728,568.6514084977165,6.343267607542389,442.4316900817442,6.09228607983467,509.0234042228536,6.2324939962849,375.3127658925157,5.92775972073038,553.1760416825614,6.315676290252906,441.4739582935969,6.09011903369189,554.4913978884297,6.3180512933940385,409.4999999179635,6.014936903092791,527.8906251192094,541.9809523688424,592.6258064239257,6.268889112852425,6.29523085759119,6.384563181987314,551.4416668017706,548.3638297750596,606.5148936332541,6.312536061207695,6.306938989595867,6.407729284773862,457.2375000715256,523.2312499880791,549.1066665013631,6.125202949710923,6.260023526929796,6.308292714989426,453.5500000715256,590.262499958277,615.7156250178816,6.117105517218655,6.380567353137872,6.4227852092431705,602.2312501668932,492.1419355023292,567.9966665903727,6.400641508037144,6.198767161681347,6.342115550025009,59.463880497998424,0.20288805366122092,58.451976568997765,0.1687299717429419,60.31177315315962,0.9227287804333459,56.829061733824574,0.14366036697748302,60.161033993768676,0.8292123880565918,110.22435929148655,11.920175486799316,110.20448402679936,11.882756279705013,0.0,39.247,110.20448402679936,11.882756279705013,110.20497549345149,11.883683381633523,-0.00694444444444442,-0.01041666666666663,-0.021126760563380254,-0.01008064516129037,-7.465558460385012,-2.786053130553654,-1.859796584161856,-3.331972259944102,-0.6315344123398423,-0.03799019176874363,-0.753998808690404,-0.6855520210791088,110.20865963215462,110.20497549345149,110.20448402679936,-0.0004914666521216304,-27.356497766458247,-27.363316618366476,-27.364243720294986,-0.0009271019285090887,-71.88680560721286,133.42187491059303,59.62800427486286,-1.3153562058682837,-0.10402544576336314,0.19869411705064355,0.11077361125748908,-0.0023750031411324812,-16.573611047532665,136.90625003973628,67.1189241892285,31.9739583756334,0.0028789684554104,0.1343883849015241,1.4814695505305353,True,True,True,C,43,57,56,59,70,13,16,3,1,1,1,1,1,1,6,True,True,True,True,False
12641083,C,0.0,0.9375,0.96875,0.90625,0.03125,0.09375,0.7083333333333334,0.7222222222222222,0.6666666666666666,0.7291666666666666,0.6875,896.4776041665269,6.798473311323807,546.2744791664494,6.30312155852508,894.0881944441547,6.795804421811304,540.3701388886095,6.292254347136294,903.6458333336437,6.806437506341613,563.9874999999689,6.335032088131831,906.7177083331626,6.80983116499307,682.7145833328055,6.526076885456971,886.2374999998914,6.786984973374392,409.83437500009313,6.015753114668746,676.7078124994878,713.0015625001397,1299.7234374999534,6.517239588168564,6.569483611856691,7.169906780432531,676.0416666657353,718.6645833333023,1287.5583333334264,6.516254711222968,6.577394744469705,7.160502938954978,678.706250000745,696.0125000006519,1336.2187499995343,6.520188412449904,6.545367619944196,7.1975990757230655,696.3312499991152,750.2343750006985,1273.587499999674,6.545825481020575,6.620385657713332,7.149593000343206,657.0843749998603,675.7687499995809,1325.8593750002328,6.487812434896192,6.515850931718833,7.189816113085869,46.40294541207272,0.21864621998262485,42.60079679691191,0.6701898825555709,44.415584777521815,0.0931911076091792,41.16616689453876,0.9179010323676902,49.956807581873804,0.18681111957743107,49.14088801796279,28.073814525524657,48.776020928533995,25.17160820783579,51.37977822380758,34.34498567886568,48.089210746729094,29.087504461466732,49.95359170057279,25.859440599918475,0.0,0.9375,0.96875,0.90625,0.03125,0.09375,0.7447916666666666,0.7430555555555556,0.75,0.7395833333333334,0.75,847.3885416667908,6.742159316348373,392.64427083303843,5.972904038686899,847.1312500001449,6.741855641325055,400.28402777766394,5.992174364572109,848.1604166667288,6.74306978849896,369.724999999162,5.912759486050566,874.8979166666201,6.774107212884809,366.24687499995343,5.90330762787154,819.8791666669616,6.709156971676865,419.0416666661234,6.037970358095238,644.2624999999534,709.4140625004657,1188.4890624999534,6.4681062517500765,6.564439365233638,7.080438083981255,642.9916666668529,697.4562500004346,1200.945833333147,6.4661317640709814,6.547439787714573,7.090864719758265,648.0749999992549,745.2875000005588,1151.1187500003725,6.474006430394423,6.613770049977993,7.048489574555946,639.0406249994412,744.8250000004191,1240.828125,6.459968028255642,6.613149291458095,7.123534278433294,649.4843750004657,674.0031250005122,1136.1499999999069,6.4761787788551,6.513234747400835,7.0354006328177245,45.83901940379185,0.16248195932942533,49.99994705759198,0.19227911541502596,49.99999928748698,0.19480059400838656,49.27775195756029,0.0897419543229403,52.97881171654815,0.2090122354164488,49.99999999999985,14.147654825997883,49.59053660363959,14.26553731917851,50.85082663410525,11.667709137643376,49.898164424807845,11.907565360513589,50.16275291075995,14.402873489778358,0.05555555555555558,0.04166666666666663,-0.00694444444444442,-0.01041666666666663,-1.814787980609907,-8.790640687335042,-5.222989499742425e-05,-3.70105975898786,0.5769987749463916,0.731089912790259,-0.0025214785933606043,-0.11927028109350851,-2.6037572952735815,-1.8643809538436926,-1.2602900304656615,-0.26458848595210327,-9.173377471029895,3.2280638615482573,2.5978281815351334,-2.495308129264769,-9.557638889488999,20.480208333271207,-1.029166666583933,55.01874999965844,-0.010633084530309311,0.022846191618677736,-0.0012141471739042231,0.0649502412079439,-23.6173611113594,272.8802083327124,30.559027778501957,-52.79479166616994,0.4169871474084492,-0.8336271611393736,-0.1745974564252903,True,False,False,C,8,27,11,4,10,3,-4,-7,1,1,1,1,1,1,6,True,True,True,True,False
12641097,C,0.0,0.625,0.6354166666666666,0.6145833333333334,0.3645833333333333,0.3854166666666667,0.7916666666666666,0.7916666666666666,0.7916666666666666,1.0,0.5833333333333334,373.15625,5.921997232733658,446.2395833333333,6.100855990151003,371.7013888888889,5.918090813881883,454.125,6.118372490541366,377.5208333333333,5.933625754804266,422.5833333333333,6.0463866660070185,322.1041666666667,5.774874992194704,474.1875,6.161602813098294,424.2083333333333,6.05022468675925,418.2916666666667,6.036178956343581,369.71875,389.65625,360.09375,5.912742581453936,5.965264940196859,5.886364414214288,360.9583333333333,387.7291666666667,366.4166666666667,5.888762531542195,5.9603070718360724,5.90377111939281,396.0,395.4375,341.125,5.981414211254481,5.9799927469071035,5.832248979028503,294.53125,379.5625,292.21875,5.685385109516485,5.939019273657794,5.67750266563572,444.90625,399.75,427.96875,6.097863585814019,5.9908393517140635,6.059050178897452,42.858787408078655,0.03074572820336019,48.680013951419106,0.2817752618678031,54.67439071615522,0.1416760027587573,50.00000630630093,0.9008618472143899,25.996344119079037,0.9581807241081848,36962.23479753793,14428.259990163648,23752.18636228321,8253.008610556943,-23994.317895488482,8006.6060385905175,0.0,39.247,36994.378803129024,14434.515865447815,0.0,0.71875,0.71875,0.71875,0.28125,0.28125,0.6770833333333334,0.7847222222222222,0.3541666666666667,0.6875,0.6666666666666666,645.1145833333334,6.469427949596944,496.36812499999996,6.207317838939985,631.8402777777778,6.448636637171343,509.1713888888888,6.232784676748163,684.9375,6.529327593223611,457.9583333333333,6.126778204720955,570.78125,6.347006036429656,504.62166666666667,6.2238089735861,719.4479166666666,6.578484135474699,488.1145833333333,6.190550180204061,588.859375,665.953125,680.53125,6.37818740302352,6.501219285180515,6.522873743153224,565.375,678.2708333333334,651.875,6.337489227798007,6.51954666737152,6.479852825755037,659.3125,629.0,766.5,6.491197625442028,6.444131256700441,6.641834698311869,479.03125,618.6875,614.625,6.171765835366381,6.4276002986800265,6.421012325732104,698.6875,713.21875,746.4375,6.549203575030544,6.569788175604151,6.615311889428646,49.71631517006491,0.8967737279346176,50.55789899716314,0.9990472728075754,48.99863985403351,1.5902920848354096e-05,47.174277533182995,0.9702843747990881,54.246564129247176,0.9673498642659926,50.53668237452555,190.45602606315012,49.50801010120627,153.1489080229545,54.27306878635755,278.71301373068746,49.45236623301335,114.42442670857969,187.94045797149275,408627.9320451291,0.0,0.41666666666666663,0.4305555555555555,0.02083333333333337,-5.994376764736117,24.003662187221895,1.5592591431296299,-7.072286596064181,0.1400992591090458,-0.05731887689379489,0.999031369886727,0.002934510533095569,47746.504257771696,-36994.378803129024,-4.765058685151281,-138.4880917384794,246.40257196642506,-14395.268865447815,-125.56410570773298,-408513.5076184205,-5.8194444444444,-102.10416666666663,-53.09722222222217,-148.66666666666663,-0.015534940922383278,-0.2753496945645466,-0.08069095605226817,-0.23147809904504246,31.541666666666686,55.895833333333314,51.21305555555551,16.507083333333355,-1.0232976655327617,0.8095193824006168,0.2124501009330284,False,True,True,C,68,68,79,74,88,11,6,-5,1,1,1,1,1,1,6,True,True,True,True,False
12641108,C,0.0,0.8541666666666666,0.71875,0.9895833333333334,0.28125,0.010416666666666666,0.7864583333333334,0.7777777777777778,0.8125,0.8125,0.7604166666666666,671.0416666666666,6.5088312314173535,609.875,6.413254018136001,687.9722222222222,6.533748462441261,629.9305555555555,6.445609584032989,620.25,6.43012262257191,549.7083333333334,6.309387834535831,716.1770833333334,6.573927459472579,675.0416666666666,6.514774417362473,625.90625,6.439200599501506,544.7083333333334,6.300250483213914,598.53125,710.078125,704.515625,6.394478737502935,6.565374999193199,6.557510509943036,605.0416666666666,745.8333333333334,713.0416666666666,6.405297326182792,6.6145021614809005,6.569539857229506,579.0,602.8125,678.9375,6.361302477572996,6.401606203100048,6.52052907619397,659.9375,799.65625,688.9375,6.4921451335667335,6.684181947825801,6.5351505557235345,537.125,620.5,720.09375,6.28623084209516,6.430525604644662,6.5793814118670655,66.45755044715939,0.20475443687659078,56.98200679250719,0.14356792351348607,57.238009175159405,0.9475214165437187,70.41932393092125,0.2044088472750667,50.722314236353,0.11664438901328023,68.69981671551196,39.97839183708981,67.98916799782565,36.714015272882854,80.09698315482198,63.28890508285976,72.66099931896987,40.38470595458737,66.0113223096963,21.64983043676958,0.0,0.828125,0.6770833333333334,0.9791666666666666,0.3229166666666667,0.020833333333333332,0.8020833333333334,0.7986111111111112,0.8125,0.8229166666666666,0.78125,620.4322916666666,6.43041647970069,436.3541666666667,6.078454222473244,618.6180555555555,6.427488047596685,436.0416666666667,6.077737804532155,625.875,6.4391506706501085,437.2916666666667,6.080600401906787,605.5208333333334,6.40608896922756,428.3125,6.059853069346042,635.34375,6.4541661910044965,444.3958333333333,6.096715681783927,529.578125,652.203125,679.515625,6.2720806990114255,6.480356054818747,6.521380228175975,548.8541666666666,611.0416666666666,695.9583333333334,6.307832771735495,6.415165151063606,6.545289792642002,471.75,775.6875,630.1875,6.156449184248659,6.65374973288974,6.446017394153434,488.34375,747.125,581.09375,6.191019563613574,6.616232507144418,6.364912103559444,570.8125,557.28125,777.9375,6.347060784451898,6.323070049652786,6.656646186761196,62.510695760371775,0.9880847687220551,63.67027218038142,0.9588394004925658,61.460820681998314,0.8172581732992547,58.341555853792755,0.12594772413519373,61.78789196607835,0.9387892724896596,62.61535684594379,26.439399232961833,60.891842125723414,26.103463160178432,69.00624388356484,14.688470404710278,65.68504534170945,30.523322568837756,59.999999300107106,23.910543952632946,-0.03472222222222221,0.05208333333333337,-0.01388888888888884,0.04166666666666663,-0.25600238265221265,19.69700969456825,2.2094514983831033,-3.446336112285593,-0.8039534930302326,0.08776445826178647,0.14158122719331112,-0.8128415483544659,-12.107815156996338,6.649677009273574,-8.11440175784142,5.685046041602348,-26.57488980997691,18.734875517817787,11.414992755468154,6.61277861620481,67.72222222222217,90.27083333333337,-7.256944444444457,-29.82291666666663,0.10362583986935103,0.1347268599710736,-0.01166262305342336,-0.04807722177693652,80.22222222222217,130.33333333333326,-1.25,-16.083333333333314,-0.4832800959578496,-0.4686464795574985,-0.1452807398618365,False,False,False,C,16,14,12,14,13,-4,-2,2,1,1,1,1,1,1,6,True,True,True,True,False
12641111,C,7.0,0.9297297297297298,0.8791208791208791,0.9787234042553191,0.12087912087912088,0.02127659574468085,0.4810810810810811,0.5,0.425531914893617,0.4044943820224719,0.5520833333333334,809.048648648655,6.6958590495504415,603.618918918919,6.402943069873205,809.8521739130526,6.696851729669178,618.5130434782578,6.42731828049984,806.6893617021257,6.692938664428337,559.8872340425622,6.327735395670842,775.2370786516943,6.653168890510724,664.4752808988798,6.498997677911161,840.3947916666706,6.733871771505985,547.1999999999971,6.304814366308335,747.163934426241,788.0491803278765,889.3015873015873,6.61628461811888,6.669560499493957,6.790436421292776,738.0913043478453,803.6600000000093,886.0148936170203,6.604067535576471,6.689176294165518,6.786733760415285,774.9866666666544,744.1437500000029,898.9562500000027,6.652845824904261,6.612234228535582,6.801234368103898,719.696551724136,811.3413793103498,793.4193548387324,6.578829667233886,6.6986889018109,6.676351902588243,772.0562500000234,766.9406250000102,982.187499999978,6.64905741006475,6.642409386376022,6.889782226991865,56.68308824470916,0.22985629566736882,59.18484240191806,0.7889837476239339,58.36756366663253,0.6729896195018519,58.99171539901066,0.9727873095349563,56.53845110217931,0.1556900988579501,62.3792021572337,67.6138594343712,62.93998276915217,66.81778178117476,60.7291751950752,69.94154324513433,76.17940217366214,87.89651354146866,55.13410520600312,51.09455183475624,0.0,0.8854166666666666,0.7916666666666666,0.9791666666666666,0.20833333333333334,0.020833333333333332,0.4270833333333333,0.4444444444444444,0.375,0.375,0.4791666666666667,891.3078125000138,6.792689836384932,516.3838541666544,6.246850392346307,900.8055555555524,6.803289424723815,518.8034722222154,6.2515251452152185,862.8145833333983,6.760199816705722,509.12499999997107,6.232693565968519,944.6656250000063,6.850831028900193,515.785416666678,6.245690819815052,837.9500000000213,6.730958432830908,516.9822916666308,6.248008621826321,817.1312500000204,860.4218749999784,996.3703125000426,6.705799730672215,6.7574228212916525,6.904118988183055,850.0375000000299,857.8062499999361,994.5729166666907,6.7452804661583015,6.754378258136834,6.902313415532538,718.4124999999913,868.2687500001052,1001.7625000000984,6.577043916613886,6.766501286553816,6.909516227601715,828.9406250000027,953.599999999977,1051.4562500000388,6.720148530133618,6.860244296311061,6.957931387049417,805.3218750000378,767.2437499999797,941.2843750000463,6.691242042222509,6.642804547490752,6.847245299031622,58.53142525211952,0.13216819138029628,58.95819335987343,0.7492752573465917,56.4042881614262,0.9114513527373511,65.24993307020426,0.09545939269656573,55.52856437758178,0.17777324954154516,54.04573481876211,61.03458495079145,53.78252571201035,58.92214905239947,55.48284702389165,69.03820731080216,53.3585107986303,68.65531936971674,54.62132595307461,52.86825216055432,0.07446808510638298,-0.14758895131086147,0.06944444444444442,-0.10416666666666669,0.8172787352855337,2.4532642968313496,2.553905198447225,9.721368692622484,0.11599412812208199,0.8170972106770062,-0.1621760953907594,-0.08231385684497944,2.2108075740769664,21.04529696765902,-1.7003213118813036,-1.2628151544443114,-3.1237614639595677,36.801961706712426,-10.116058258402695,15.787067209162416,3.1628122109269725,-65.15771301497625,37.99097222215403,106.71562499998504,0.003913065240841007,-0.08070288099526124,0.04308960801809292,0.11987259606928458,58.6258094356956,117.27528089888267,9.678472222244352,-1.1968749999527972,0.4917074837952215,-0.8127452323889727,-0.4242746447592056,True,False,False,C,25,38,40,42,19,15,17,2,1,1,1,1,1,1,6,True,True,True,True,False
12641115,C,1.0,0.9162303664921466,0.8947368421052632,0.9375,0.10526315789473684,0.0625,0.9790575916230366,0.993006993006993,0.9375,1.0,0.9583333333333334,520.0591622996704,6.253942578756954,381.8329842864531,5.9449832990908975,523.0538461491778,6.259684415073465,376.0783216719861,5.9297974240170905,511.1374999980131,6.236638634239057,398.9770833253861,5.988903979965674,519.8557894631437,6.253551445157472,395.5768420997418,5.98034505935902,520.2604166691501,6.254329487503187,368.2322916587195,5.908713966362232,486.14843748137355,504.18253968253964,569.5984375067055,6.186514004183595,6.222938384409134,6.344931616952686,496.23124998311204,508.3446808520783,564.2791666686535,6.207042047878243,6.2311597231119435,6.335549105400528,455.89999997615814,491.95624999701977,585.5562500208615,6.122273487167099,6.198389789768159,6.372562250192367,512.353124961257,521.4709677388589,525.7937500104308,6.239014084497659,6.256653602208241,6.264909025596056,459.9437500014901,487.43437500298023,613.4031250029802,6.131104199400557,6.189155665997936,6.419022346226972,55.02148930807863,0.15283059353207723,53.73097798491203,0.14503794584809393,59.61758697533631,0.7522815441236294,52.97881171654815,0.2090122354164488,58.41662584193047,0.1312478640052353,33.88003425559342,26.64793095985053,39.999933360780474,7.439853798668325,16.71534246163057,57.49892033394183,0.0,39.247,33.88003425559342,26.64793095985053,0.0,0.921875,0.8958333333333334,0.9479166666666666,0.10416666666666667,0.052083333333333336,0.9583333333333334,0.9652777777777778,0.9375,0.9895833333333334,0.9270833333333334,555.8046875049671,6.320416951070909,278.07083332538605,5.627875877370097,560.0902777827448,6.328097981062537,270.86597221096355,5.601624131053644,542.9479166716336,6.297013397601737,299.68541666865343,5.70273331337444,551.2156250079473,6.312126066554471,271.8427083268761,5.605223620818651,560.3937500019869,6.328639661656168,284.29895832389593,5.6500263546470615,477.6296875067055,528.2046875022352,661.5796875059605,6.168835719917713,6.26948387430725,6.49463044116132,486.4000000158946,532.5270833323399,661.3437500000001,6.187031330684635,6.277633757008227,6.494273750060727,451.3187499791385,515.2375000119209,662.2875000238414,6.112173852566725,6.244627959431496,6.4956997517265975,491.90937500447035,563.250000014901,598.4875000044703,6.198294502380545,6.333723579338809,6.39440563924019,463.35000000894064,493.1593749895692,724.6718750074506,6.138482708051996,6.200832397641226,6.58571896621001,55.88556154800596,0.2992206718393575,52.510564825887776,0.18894403932530085,49.6278940116681,0.07013714187988956,55.19071916888469,0.18595511820540261,48.11433868358702,0.13386210401939602,56.97270884811517,33.39485458062422,53.76065846351804,41.75844550186947,60.112898389083306,9.56668823301116,110.20497549345149,11.883683381633523,56.69040464727328,32.40188889994819,0.05550699300699302,0.04166666666666663,0.02777777777777779,0.0625,-5.886608990424278,-5.437814125382317,2.8826708142196793,7.076380485297669,-0.6072435982755354,0.0777643714112135,0.11880689744541129,0.05209301418600659,23.284590899149904,-33.88003425559342,-6.352239925565264,53.5145708461782,-50.05906653527351,12.59906904014947,32.19175726885831,-20.518205518314666,11.91634615116476,-0.4046272060064666,17.1423611111112,-9.178124994039536,0.023045780834408447,-0.0007780423457157681,0.031084583460799564,-0.016513595101696588,-22.898761653400015,27.344550441022307,-28.819444457689883,-12.456249997019825,-0.0952057800077623,0.1881104221539502,-0.1781714529487033,False,True,False,C,2,0,0,1,0,-2,-1,1,1,1,1,1,1,1,6,True,True,True,True,False
12641120,C,1.0,0.8795811518324608,0.9583333333333334,0.8,0.041666666666666664,0.2,0.9424083769633508,0.9375,0.9574468085106383,0.9166666666666666,0.968421052631579,618.8534031413661,6.427868416108612,185.93350785341187,5.225389125141252,612.7409722222363,6.417942289084243,193.5854166666783,5.265718844870319,637.580851063806,6.4576810941890725,162.4893617021276,5.090612533178326,593.866666666659,6.386654827275035,226.1322916667365,5.421120189372396,644.1031578947545,6.467858896342805,145.31157894731547,4.978880257334511,647.1698412697999,570.5703125000291,639.262500000026,6.472608765878858,6.346636408859497,6.460315168145193,616.7395833333334,583.9354166666743,637.5479166667013,6.424446865657323,6.369790388813404,6.457629437606702,744.546666666493,530.4750000000931,644.40625,6.612775532048814,6.273772831590339,6.4683293502005395,586.0437499999243,548.8843750000815,646.6718749999707,6.373394445493133,6.307887809127872,6.471839017480495,710.267741935478,592.2562499999766,631.8531250000813,6.565642000268104,6.383939395959112,6.4486569699866845,41.73833996408236,0.2204954617220587,40.24306834118117,0.9610485271603213,44.57544235381903,0.10212644957187444,44.21831143946869,0.13313697581279993,40.33300004507705,0.9189537432993776,57.78654110594953,34.69916239094271,56.75429769661243,41.52037687371426,59.99990002101213,7.4436456778371305,60.000115276891215,38.42334036690413,50.85082662216693,11.66770905578609,2.0,0.8631578947368421,0.9791666666666666,0.7446808510638298,0.020833333333333332,0.2553191489361702,0.9526315789473684,0.9440559440559441,0.9787234042553191,0.9468085106382979,0.9583333333333334,527.2557894736675,6.267685799808162,84.43894736838382,4.4360287568719095,526.3314685313995,6.265931182575682,88.62517482516444,4.484415957489719,530.0680851065257,6.273005460760714,71.7021276594556,4.272520421634691,564.5351063829866,6.336002571882711,93.69999999993861,4.5400981892437215,490.7531249999592,6.195941200940594,75.37083333331975,4.322420374359464,500.3281249999271,496.9000000000119,583.5906250000118,6.215264133184176,6.208388798608299,6.369199752434632,481.7666666665657,498.08085106378604,598.5583333332713,6.177459902786477,6.210762415380776,6.394523986135373,556.0125000000114,493.20000000018626,538.6875000002331,6.320790776012275,6.200914771290567,6.289135625408051,549.6499999999359,535.243333333389,606.8812500000352,6.309281712024756,6.282721472153344,6.40833313765379,451.00624999991845,460.9531249999708,560.2999999999885,6.111481197499601,6.133296356698726,6.328472354571218,49.930158223792716,0.06195653004263485,39.461996251191195,0.9614151878782349,38.863117903264325,0.9059758476979087,39.81637313032875,0.99290964271816,33.9724832573541,0.19642087564891797,46.00006913487182,16.603085815626553,46.00047149252953,17.892541539054918,39.99993336077985,7.439848718813114,40.004182421915644,8.720226412651495,75.51198022588896,79.2414072962206,-0.019946808510638347,-0.05175438596491233,-0.034667460199375055,-0.01152482269503552,-4.332374012637857,3.8853113943916426,0.5988783479268704,5.84388987297465,0.8589220775884469,-0.7858167674865777,0.055439340180326147,0.796488767069242,-3.245602324399698,9.149288654724288,6.000538131749678,-35.50779780397332,34.07673119587713,26.755631311118037,10.452692820241804,-70.5211808835691,-24.839878841569657,-50.23649122809559,-3.7366165751261633,73.78198138302736,-0.039738805104829744,-0.08120406906776978,-0.00707427818503259,0.14006137094211635,31.09605496455069,80.82071271942104,16.923047165708837,18.32916666661886,1.49983857419967,1.369776132341704,1.5438622521834022,True,True,True,C,100,100,82,100,23,-18,0,18,1,1,1,1,1,1,6,True,True,True,True,False
12641138,C,0.0,0.8958333333333334,0.9895833333333334,0.8020833333333334,0.010416666666666666,0.19791666666666666,0.671875,0.6736111111111112,0.6666666666666666,0.6145833333333334,0.7291666666666666,930.4552083333183,6.835673937721436,246.7859374999971,5.508521311072343,918.5604166666518,6.822807680027754,255.4708333333418,5.543108247876444,966.1395833333175,6.87330831997821,220.73124999996313,5.396945898164146,922.6937499999816,6.82729738096233,274.7750000000136,5.615952580955014,938.2166666666549,6.843980910250165,218.7968749999806,5.388143787996016,779.2421875000073,920.3171874999678,1091.8062499999796,6.658321892931494,6.824718379645608,6.995588713822919,777.3916666666724,942.8729166666353,1035.4166666666472,6.655944298868351,6.848931508617208,6.9425592011768105,784.7937500000116,852.6499999999644,1260.9749999999767,6.66542094440702,6.748349146758882,7.139640510233083,813.8374999999796,856.4656249999823,1097.7781249999825,6.701760714623874,6.7528141826913854,7.001043529701175,744.6468750000349,984.168749999953,1085.8343749999765,6.612910112720687,6.8917973762512466,6.990103979655044,43.0919875097222,0.19276644013354782,39.89685331412591,0.13108239561484886,49.27775195756029,0.0897419543229403,45.760005255767624,0.191226075576498,31.851939074976084,0.13525375238945386,52.602401166019554,48.9731417490832,52.39606870585263,54.63966836054761,52.96098034085197,36.335442206024524,60.98637415363377,58.476096444645904,46.68831497601883,43.47905315488046,1.0,0.9267015706806283,0.96875,0.8842105263157894,0.03125,0.11578947368421053,0.7486910994764397,0.7622377622377622,0.7083333333333334,0.7894736842105263,0.7083333333333334,676.8429319371751,6.517439239993501,139.52198952879925,4.938222219869774,664.1097902098012,6.4984474825096825,142.51608391609565,4.959454862926049,714.7770833333102,6.571970722521346,130.602083333312,4.87215516873127,727.1589473684465,6.589145088256051,145.15578947370187,4.977807575818521,627.0510416666463,6.441027943486518,133.94687499998938,4.897443266117802,512.4390624999795,554.8761904762156,961.3078125000028,6.239181801504044,6.318745008637306,6.868294662054249,500.1479166666395,560.4000000000456,929.6208333333485,6.214903888005418,6.328650814462933,6.834776796919401,549.3124999999997,538.6499999999651,1056.3687499999658,6.308667496324864,6.289066009340137,6.962592598387521,535.668749999997,590.4935483871508,1051.0437500000262,6.283515966296433,6.380958709899748,6.957538997032479,489.20937499996217,520.3718749999971,871.5718749999794,6.192790567570443,6.2545437002124515,6.770298334307498,40.80376862549957,0.7437929201090561,40.85258329451208,0.737377382076396,40.95653109598081,0.534045770485847,39.957406677510335,0.9990404834730879,45.876212052854825,0.24293614294474286,49.29055418632387,32.629375900899355,48.030808207429196,30.926855128766512,51.4949430177446,30.218323737784264,49.4880207082307,11.833881915908337,54.35976849820191,42.968219343562595,0.006944444444444531,-0.11458333333333326,0.053904428904428814,0.08114035087719296,-9.380898643434378,13.90806618079154,-0.10394780146872762,-5.9188053753444905,0.04134044129190856,0.05597232318704415,0.20333161159054902,0.7561043405283451,-0.5649116349993406,14.298059177614938,-3.4641348103154073,-4.871747789971209,18.304226154523086,14.997043289765443,0.7085313909822482,-31.13433742765426,-47.57916666666574,-15.522916666673268,-50.66729312350901,100.10790570180029,-0.05050063995045573,-0.01668352928783534,-0.07352324001166366,0.14811714476953242,34.739583333378675,55.97812500003303,11.914000582783643,11.208914473712497,0.7155918256642106,-0.657339528118255,-0.0783443334374587,True,False,False,C,18,29,24,27,56,6,9,3,1,1,1,1,1,1,6,True,True,True,True,False
12641167,C,1.0,0.7958115183246073,0.8842105263157894,0.7083333333333334,0.11578947368421053,0.2916666666666667,0.5078534031413613,0.5174825174825175,0.4791666666666667,0.6631578947368421,0.3541666666666667,833.0905759153566,6.72514237084793,547.3963350794078,6.30517310144242,822.4146853131014,6.712244751196508,543.3986013981846,6.297843123190968,864.8958333345751,6.762609075789676,559.3062500047188,6.3266971764561815,751.4610526310772,6.622019381677122,507.1915789497526,6.228888799968136,913.8697916654249,6.817688101421122,587.1822916660458,6.375335319601095,811.4218750018625,829.5317460307999,858.2624999964612,6.698788109987281,6.720861380183043,6.754909996748444,827.081250000745,771.6638297831759,867.4416666651769,6.717902936873432,6.6485490015385675,6.76554826652284,764.4437500052153,999.5187500081956,830.7249999903145,6.639148445167347,6.907273913152389,6.722298813481036,679.3281250018624,760.600000000769,814.7406249959026,6.521104258257686,6.634107595495171,6.702869811049325,943.5156250018626,896.3093749973923,901.7843749970198,6.849612925351778,6.798285637973227,6.804375439375379,49.72479343441458,0.03430158109110559,40.84733966905614,0.7102503164580662,43.259548482228794,0.076048012788347,41.664445154763364,0.08571042773598031,50.27592243018331,0.05666582391979269,52.62770268015148,111.81720406724162,57.79894086066039,114.2821010169541,40.861327804918815,99.0926787878143,74.24729866560892,120.5407447326714,42.77812260528612,111.5885429927083,0.0,0.84375,0.96875,0.71875,0.03125,0.28125,0.46875,0.5069444444444444,0.3541666666666667,0.53125,0.40625,913.6984374976406,6.817500579920636,439.0302083327745,6.084568222399724,862.3909722202354,6.759708731895205,422.4680555537343,6.046113835781946,1067.6208333298564,6.97318793151181,488.7166666698952,6.191782907786854,931.493749997889,6.836789480408709,463.9947916660458,6.1398733273055965,895.9031249973924,6.797832287707052,414.0656249995033,6.026024475754774,807.8734374996275,844.546874997206,1088.6749999960884,6.69440540949439,6.738800240920829,6.992716639452804,765.0374999990066,738.9562499995033,1083.1791666621966,6.639924852231659,6.605238717571228,6.987655668832539,936.38125000149,1161.3187499903142,1105.1624999977648,6.842022711923641,7.057311491811817,7.007747661961272,829.5562499985099,905.6374999992549,1059.2874999959022,6.720890919264478,6.808639115601367,6.9653517912835134,786.1906250007451,783.4562499951571,1118.062499996275,6.667199288470905,6.663715221047676,7.019352555548102,34.612155639339015,0.1295288192992588,39.241533324022825,0.20319594212811287,23.203101741807725,0.1535810140639065,36.68302317534136,0.1504425715152124,32.51493617787188,0.12376859058232542,51.90215590540915,57.47358731045112,52.07812347011118,51.829449099657424,51.07823745838127,69.78254640772171,51.927202749980665,46.957961349366144,51.474023417169064,66.41883150210222,0.038315850815850816,0.30899122807017537,0.15277777777777773,0.125,-2.4122088131726542,-8.611477275419944,16.0384315822151,4.16808699746948,0.6342023036697193,0.02904460381618762,0.049614928064206365,0.026673980932886976,16.937613055741572,31.469176060322802,0.9998860117299131,0.45317933281160094,15.189422229139808,8.952201739963101,-17.953097308064287,-19.460870152736078,-42.4811480214737,-162.40873903434772,-205.22986110962097,35.59062500049663,-0.05036432459316842,-0.1956687197439999,-0.21347919961660544,0.038957192701657206,-15.907648606534167,-79.99071271629316,-66.24861111616087,49.92916666654247,0.0689318926582869,0.7333014146470873,-0.0106029672431799,True,True,True,C,14,15,17,18,21,3,4,1,1,1,1,1,1,1,6,True,True,True,True,False
12641173,C,0.0,0.9166666666666666,1.0,0.8333333333333334,0.0,0.16666666666666666,0.9947916666666666,0.9930555555555556,1.0,1.0,0.9895833333333334,402.44791666670545,5.997565688899944,181.26145833337793,5.199940510127637,397.29930555561765,5.984689914909682,185.21388888893281,5.221511313400887,417.893749999969,6.035227213610921,169.40416666671325,5.132287378531243,402.2406250000834,5.9970504791996095,256.1687500000116,5.5458364070036055,402.6552083333275,5.998080633295925,106.35416666674428,4.666774719691605,338.5656250000612,385.99218750001455,482.78593750004063,5.8247179435769185,5.955817129622739,6.179573361831574,330.1208333334071,374.06875000007375,487.70833333337197,5.7994587490561065,5.924439604050666,6.189717549577145,363.9000000000234,421.7624999998369,468.01875000004645,5.896879104618178,6.044442359397863,6.148508359217765,343.18125000008155,405.8281250000582,457.7125000001106,5.838258733254483,6.005929732530862,6.126241257752285,333.95000000004075,366.1562499999709,507.8593749999708,5.810991281171767,5.903060154868349,6.230204588390314,49.27775195756029,0.0897419543229403,40.25917002592897,0.6445821781949835,42.823360601162236,0.1342144374898685,49.99276507747058,0.22130184639353317,42.82365415976083,0.8710905571722064,39.99993336077985,7.439848718813114,39.999933360780474,7.439853798668325,0.0,39.247,0.0,39.247,39.99993336077985,7.439848718813114,0.0,0.9427083333333334,0.9583333333333334,0.9270833333333334,0.041666666666666664,0.07291666666666667,0.9947916666666666,1.0,0.9791666666666666,1.0,0.9895833333333334,344.3020833333333,5.841519421250752,93.76302083328483,4.540770544094723,332.461805555562,5.806524982988199,87.90416666662267,4.476247205918331,379.82291666664725,5.939705135332617,111.33958333327126,4.7125848404569215,349.60729166665504,5.856810500733938,113.32187499998446,4.730232220889537,338.99687500001164,5.82599088904891,74.2041666665852,4.306820303132916,313.1156250000349,322.06875000000593,397.72187499995925,5.746572531271266,5.774765032071326,5.985752954472578,314.24791666671325,305.37500000000006,377.7624999999728,5.750182217907294,5.721540529577905,5.934265691273724,309.71875,372.1500000000233,457.5999999999185,5.735664627606982,5.919296998805982,6.12599544006541,305.5156250000873,334.6000000000059,408.70624999987194,5.722000922966889,5.812935788552741,6.0129966828434975,320.71562499998254,309.5375000000059,386.7375000000465,5.770554827058816,5.735079247951403,5.957746168310417,46.78543785389412,0.18557428694744948,49.992759213777795,0.16661525396882854,54.196173199000185,0.08331929200152938,48.579778086500134,0.13223983275009216,41.52965514938212,0.9416204121648031,80.0006637398833,7.449203246668654,0.0,39.247,80.0006637398833,7.449203246668654,0.0,39.247,80.0006637398833,7.449203246668654,-0.00694444444444442,0.01041666666666663,0.02083333333333337,0.01041666666666663,-2.564190575233269,7.169110917709752,-4.20341398522239,7.050122937118012,0.510367740705115,-0.6497887107786733,0.08329596196729916,-0.8093805794147109,39.999933360780474,-39.99993336077985,-80.0006637398833,-80.0006637398833,-31.807146201331676,31.807151281186886,31.797796753331347,31.797796753331347,-20.594444444351325,-0.4145833332440816,-47.36111111108522,10.610416666643403,-0.05053729870123913,-0.00103015409631535,-0.13318015234441827,0.030819611685028114,15.809722222219563,149.8145833332673,-23.435416666648592,39.117708333399264,-0.5225217411924623,-0.1632458048931344,-0.7931139975329261,False,True,False,C,37,63,56,75,68,19,38,19,1,1,1,1,1,1,6,True,True,True,True,False
12641192,C,8.0,0.9619565217391305,0.9340659340659341,0.989247311827957,0.06593406593406594,0.010752688172043012,0.9836065573770492,0.9781021897810219,1.0,0.9885057471264368,0.9791666666666666,552.5423913060323,6.314530156794352,353.80326086852864,5.868740998383405,525.4649635083484,6.264283515417497,345.39781021810796,5.844696825849135,631.4702127588555,6.448050771650111,378.3042553176272,5.935698780102357,652.6159090900964,6.480988761873262,460.68522726920526,6.132715005591427,460.8083333373069,6.132982193717523,255.8281250012418,5.544505832284674,524.0557377064814,567.0333333313465,566.3238095291077,6.261598048333048,6.340418090943923,6.339166016256962,512.3586956521739,480.7363636412403,580.1659574559394,6.239024957195338,6.175319019305791,6.363314196156793,559.9266666730243,804.3499999791384,525.6624999940395,6.327805822784585,6.690034497810381,6.264659371809563,632.7862068907966,719.1821428537369,611.0419354900238,6.450132619267083,6.578114653669151,6.415165591006269,425.5187500081957,433.9031249992548,523.0031250044703,6.053309012866755,6.072821294896957,6.259587439199023,58.55143404245138,0.9756109182858191,50.007251366295534,0.1676340956850343,58.85964228476466,0.9132237031454578,52.09705042512609,0.9999991939811176,59.31970507317235,0.7508884996139805,59.99990002101323,7.44363914524,59.999900021012195,7.443646895808524,0.0,39.247,59.99990002101298,7.443639799493762,59.99990002101213,7.4436456778371305,0.0,0.921875,0.84375,1.0,0.15625,0.0,0.96875,0.9652777777777778,0.9791666666666666,0.9895833333333334,0.9479166666666666,510.3734374977649,6.235142688156268,238.87447917088866,5.475938222216412,515.58611110929,6.245304333365695,232.7979166689846,5.450170766800851,494.7354166631899,6.204023107874803,257.10416667660076,5.549481320583931,473.35208332166076,6.159839473794032,235.53958333904544,5.461878981451345,547.394791673869,6.305170281899036,242.20937500273192,5.489802538060752,416.95468749851,457.128124995157,657.0374999996277,6.032977552821425,6.124963712640123,6.487741094480749,408.78333333383006,464.2937499955295,673.6812499985102,6.013185268327051,6.140517433801373,6.512757076198151,441.4687499925496,435.6312499940394,607.1062500029803,6.090107236095061,6.076796128600481,6.408703816932648,396.2156249918045,433.4249999895691,590.4156249836087,5.981958570619095,6.071718770847885,6.380826738016707,437.6937500052155,480.831250000745,723.6593750156467,6.081519464920159,6.175516376950675,6.584320805179198,59.78932888712677,0.5941263161632493,59.999999999999964,0.9991622278358729,59.31970507317235,0.7508884996139805,59.31970507317235,0.7508884996139805,60.27446341907738,0.9156572518841639,59.99990002101161,7.443651807917251,59.99990002101541,7.44361759105466,59.99990002101213,7.4436456778371305,59.99990002101213,7.4436456778371305,59.99990002101521,7.4436188928975415,-0.021897810218978075,0.009339080459770166,-0.01388888888888884,0.04166666666666674,-8.852390918469126,-7.222654648046259,0.6802949268276137,-0.9547583459050273,-0.7455896074604235,0.24911069436713706,0.24827372822189242,-0.1647687522701834,59.999900021012195,8.455458555545192e-13,3.275602011854062e-12,-3.076650045841234e-12,-31.803353104191476,-5.878343368515004e-06,-2.8086782470460037e-05,2.6784939588964107e-05,-106.00524925050706,191.80757575278943,20.85069444610008,-74.04270835220825,-0.18376725623261425,0.34800656815573916,0.041281225490892304,-0.14533080810500376,-32.90644509951926,204.85710226796346,-24.306250007616143,-6.669791663686482,-1.2567041760366109,-0.9371530353513552,-1.3281544669963763,False,False,False,C,1,2,1,2,2,0,1,1,1,1,1,1,1,1,6,True,True,True,True,False
12641202,C,0.0,0.9166666666666666,0.9479166666666666,0.8854166666666666,0.052083333333333336,0.11458333333333333,0.9895833333333334,0.9861111111111112,1.0,0.9791666666666666,1.0,752.1822916666682,6.622978703704701,438.5625,6.0835023330125075,767.6458333333344,6.64332847226934,449.10416666666725,6.107254857865544,705.7916666666697,6.559320104238441,406.9374999999982,6.008659610997077,866.9375000000028,6.764966886523512,586.1354166666666,6.3735508493425375,637.4270833333334,6.457439891405827,290.9895833333333,5.673287470425413,641.6093749999955,803.5781250000091,811.359375,6.463979668353275,6.68907441131593,6.698711081734837,642.7916666666619,808.0625000000067,852.0833333333345,6.465820669663986,6.6946394070147806,6.747684331123003,638.062499999996,790.1250000000164,689.1874999999964,6.4584362409292275,6.672191160792483,6.535513367518892,728.0000000000017,961.0625000000073,911.7499999999999,6.590301048196689,6.8680394432759195,6.81536582968879,555.2187499999891,646.0937500000109,710.96875,6.31936218023616,6.470944617092182,6.5666284766572875,45.5509422398588,0.13860033043238756,45.98504667040295,0.11811368286195079,41.10048735327189,0.9463113764330578,48.579778086500134,0.13223983275009216,42.962706185750065,0.17153490614033046,70.0007,11.91221104237769,70.0007,11.91221110510396,0.0,39.247,70.0007,11.912211139334351,0.0,39.247,0.0,0.9166666666666666,0.9791666666666666,0.8541666666666666,0.020833333333333332,0.14583333333333334,0.9947916666666666,0.9930555555555556,1.0,1.0,0.9895833333333334,577.7552083333328,6.3591502639703394,188.39062500000378,5.238517599757659,574.3541666666669,6.353246221142737,192.77083333333576,5.261502091341152,587.9583333333306,6.37665608370981,175.25000000000787,5.166213525914745,596.2812499999999,6.390712451730615,174.93750000000003,5.164428767275672,559.2291666666657,6.326559347403966,201.8437500000076,5.307493883232784,542.0624999999985,577.4375000000043,613.7656249999956,6.2953813084446715,6.358600211430971,6.4196131370331395,525.8541666666665,621.6250000000038,575.5833333333304,6.265023924613768,6.432337017034909,6.355384019300968,590.6874999999945,444.87500000000637,728.3124999999909,6.381287112755266,6.097793343830371,6.59073021433347,516.1249999999997,624.7187500000025,647.9999999999974,6.246348984206254,6.43730154845602,6.473890696352271,567.9999999999973,530.1562500000064,579.5312499999936,6.342121418721146,6.273171774418616,6.3622195871239535,41.526357959245765,0.1706741398338572,42.34508469723562,0.15388075276641172,49.27775195756029,0.0897419543229403,48.36185455152654,0.23275349399696754,49.337490588878,0.05292799520681385,59.99990002101213,7.4436456778371305,59.999900021011875,7.443648604744832,0.0,39.247,0.0,39.247,59.99990002101213,7.4436456778371305,-0.01388888888888884,-0.02083333333333337,-0.00694444444444442,0.01041666666666663,4.884559317131064,5.617071900750069,-6.932667260324671,-0.9756360373514568,-0.8281976935711071,-0.0392950733902383,0.06413879844347142,0.1798254987901537,70.0007,70.0007,59.999900021011875,-59.99990002101213,-27.33478889489604,-27.334788860665647,-31.80335139525517,31.803354322162868,61.854166666664696,229.51041666666947,-13.604166666663787,37.05208333333417,0.08400836803089984,0.30752699511768444,-0.023409862567072892,0.06415310432664967,42.16666666666907,295.1458333333333,17.520833333327886,-26.90625000000756,-1.1225944416502758,-0.7974398533776231,-0.9755801857453694,False,False,False,C,0,0,0,0,0,0,0,0,1,1,1,1,1,1,6,True,True,True,True,False
12641205,C,0.0,0.8958333333333334,0.8333333333333334,0.9583333333333334,0.16666666666666666,0.041666666666666664,0.53125,0.5486111111111112,0.4791666666666667,0.53125,0.53125,749.9625000022352,6.620023205283295,396.6911458282419,5.983158007705386,746.3027777812547,6.615131386200969,402.4493055487671,5.997569139979221,760.9416666651765,6.634556701395634,379.4166666666666,5.9386349855467815,693.6489583291112,6.5419660088015545,394.22812498733384,5.976929739173376,806.2760416753591,6.69242616734074,399.15416666915,5.989347724892767,742.7187499906865,713.9250000081959,793.2437500078231,6.6103174400691005,6.570777914816959,6.676130551463244,692.210416657229,730.0458333467446,816.6520833397905,6.5398899797115755,6.593107317578015,6.705213157576272,894.2437499910593,665.5624999925494,723.0187500119209,6.795978389007696,6.5006325477644085,6.5834351554489405,721.5343749858437,644.7687500007448,714.643750000745,6.58138002085702,6.468891725378927,6.57178416677815,763.9031249955295,783.0812500156467,871.8437500149014,6.638440981382682,6.663236458187967,6.770610222090565,52.46372054945042,0.18916155333088758,54.91759633908102,0.25541442071348797,45.83028364389794,0.16242279168250984,58.12790120318391,0.6784041049102159,51.578486955551114,0.18202626327143911,94.20929972158079,101.94469732456113,107.91966826974628,122.77314141524434,79.22386691613917,68.47846700436888,82.90891621270528,55.18014422724541,5580.99188018342,2019.3454133003347,1.0,0.8795811518324608,0.8541666666666666,0.9052631578947369,0.14583333333333334,0.09473684210526316,0.518324607329843,0.5174825174825175,0.5208333333333334,0.5473684210526316,0.4895833333333333,828.9848167540514,6.720201839833736,310.00523559647706,5.736589186357468,816.6972027967026,6.705268405351267,310.4363636295279,5.737978932315761,865.5916666686531,6.763413280814651,308.7208333313465,5.732437416536897,857.8294736874728,6.75440533111884,307.38631578495625,5.728105314124548,800.4406249970198,6.685162357289883,312.59687499329453,5.744914421114934,750.2031249925492,899.3640625122933,837.5206349160936,6.620344003185031,6.801687916358281,6.730445902101477,707.9395833214124,849.1083333467445,894.6680851033393,6.5623587557607514,6.744186779286147,6.796452794858129,876.99375000596,1050.1312500089402,669.6499999910592,6.77649986578574,6.956670435348234,6.506755187819779,699.6906249895687,1009.0812500193713,864.9387096781882,6.550638273047781,6.916795542403367,6.7626586485581175,800.7156249955297,789.6468750052154,810.9593749903142,6.685505859057703,6.671585851865335,6.6982179603703775,55.55136694353651,0.32229393671155093,56.00379707965445,0.24840933035337875,47.489245395069865,0.9999966828049451,53.16446334858677,0.1530306301998981,57.91473448800363,0.9554494025271817,134.8747406312328,212.5406815102543,93.60571406005771,106.28493749716414,-8786.379137342836,2909.556506591735,90.43030428754321,78.69207901801386,77.71438787934142,251.28941944935534,0.06944444444444448,0.0,-0.003350815850815869,0.0577850877192983,9.08731269518308,6.549414247632797,8.514551684584582,-4.75027113941686,0.09299162903097813,0.49637784163877674,-0.7515873524515664,-0.8024187723272835,28.69580135360711,-5498.082963970714,8879.984851402893,12.715916408201792,54.29467441087546,-1964.1652690730893,-2803.2715690945706,-172.59734043134148,-14.638888883921823,-112.6270833462479,-48.89446387195051,57.388848690453074,-0.01942531519466506,-0.15046015853918515,-0.05814487546338487,0.06924297382895706,23.032638882100514,-4.926041681816173,1.7155302981813634,-5.210559208338282,-0.56441513373621,-0.2450737341936788,-0.2620541909016436,False,False,False,C,16,22,23,8,32,7,-8,-15,1,1,1,1,1,1,6,True,True,True,True,False
12641208,C,0.0,0.8958333333333334,0.90625,0.8854166666666666,0.09375,0.11458333333333333,0.3541666666666667,0.3611111111111111,0.3333333333333333,0.4166666666666667,0.2916666666666667,693.8697916666646,6.542284322827104,307.42187500000074,5.728220989925934,676.2638888888871,6.516583368047957,291.9097222222235,5.676444583993401,746.6874999999969,6.615646757577438,353.9583333333324,5.869179203758084,722.947916666667,6.583337181758478,361.84374999999994,5.891212488812546,664.7916666666621,6.499473708364391,253.0000000000015,5.533389488727527,715.4062499999955,632.9687500000022,733.2343749999961,6.57285056315801,6.450421052837068,6.597465398390824,680.9166666666624,609.2708333333362,738.6041666666628,6.523439929596701,6.4122628869692395,6.604762143705912,818.8749999999945,704.0625,717.1249999999964,6.707931447052034,6.556867130626563,6.57525016292203,693.8750000000026,718.8125000000034,756.1562499999949,6.542291829010329,6.577600544852805,6.628248034718359,736.9374999999882,547.1250000000009,710.3124999999973,6.602503085336876,6.304677295511061,6.565705014046858,52.09989544011525,0.1380345615253688,53.55070838684625,0.1747407867202886,40.14067787349931,0.7223020547944234,48.15735876012057,0.11093686400057301,58.327799004649115,0.6847905750314917,196.53528615111372,308.54036699242414,95.24649170632824,126.96138064075575,-17440.599971523283,5678.241117200819,106.49933843247501,132.65053089032165,8326.327599376385,3589.4873572424426,3.0,0.8095238095238095,0.8191489361702128,0.8,0.18085106382978725,0.2,0.6031746031746031,0.6197183098591549,0.5531914893617021,0.5913978494623656,0.6145833333333334,591.5449735449731,6.382737713571141,285.8306878306887,5.655399634926315,600.0422535211261,6.397000075271806,295.58450704225464,5.688954775800139,565.8723404255321,6.338368505812287,256.3617021276597,5.546589346213218,673.5913978494622,6.512623692433068,313.60215053763557,5.748125146034486,512.0624999999992,6.238446687902032,258.92708333333394,5.556546490530567,569.1718750000002,558.3709677419346,646.9206349206344,6.344182453540238,6.3250235582303755,6.472223620702643,591.5208333333334,540.6595744680834,668.1276595744678,6.382696903987258,6.292789828414586,6.5044792624254075,502.12500000000045,613.8666666666682,584.6249999999986,6.218849092679447,6.419777749299511,6.370970616046048,636.9374999999994,618.4333333333328,764.806451612904,6.456671534588912,6.427189398364722,6.63962279738794,501.4062500000009,502.06249999999864,532.7187499999982,6.217416650744233,6.218724613934029,6.277993611351195,59.524896093922635,0.7717236759617111,49.519063792579125,0.10511784329465357,62.433583717219925,0.8255029905602871,59.8336869673321,0.9643765386364471,42.3496062543388,0.061654756384673604,56.71797969857927,74.37239588463733,59.21926780256934,64.52693539753004,42.246708826210394,104.58111600828452,76.33933282246124,112.19031002503506,50.68041277485071,55.4065184351971,0.02777777777777779,0.125,0.06652682049745273,-0.02318548387096775,13.410030513346946,-10.170440244528542,-12.9145199246408,17.484080712993297,-0.5475612680741349,-0.5738537110309186,-0.7203851472656335,0.9027217822517735,17535.846463229613,-8219.82826094391,16.972558976358947,25.658920047610536,-5551.279736560063,-3456.836826352121,-40.054180610754486,56.78379158983796,-70.42361111110984,58.15625000000489,34.169913095593984,161.52889784946296,-0.0990633895294808,0.08386347339408662,0.05863156945951875,0.2741770045310359,-62.048611111108926,108.84374999999844,39.22280491459492,54.67506720430163,0.178879326797221,0.3933468518823941,-0.4265086016094702,True,True,False,C,50,52,55,53,48,5,3,-2,1,1,1,1,1,1,6,True,True,True,True,False
12641255,C,2.0,0.9473684210526315,0.9263157894736842,0.968421052631579,0.07368421052631578,0.031578947368421054,0.968421052631579,0.9647887323943662,0.9791666666666666,1.0,0.9375,483.0863157895,6.180195345324981,261.81157894733985,5.5676250807152545,477.5584507042436,6.168686562281129,265.0429577464696,5.579891917552334,499.4395833333838,6.213486636485529,252.2520833332479,5.530428918201586,503.22127659575244,6.221029987075322,283.70425531913105,5.647932341064781,463.37083333337796,6.138527669433442,240.37499999996103,5.482200203908782,457.1781250000639,511.3666666666163,481.12539682546173,6.125073085194357,6.237086880182519,6.176127936390189,450.0270833334069,509.2531914892506,473.9808510639208,6.109307766138659,6.23294532212557,6.161166922279708,478.6312500000349,517.5750000001281,502.1124999999884,6.170930467952023,6.249154442175023,6.218824198169906,501.0906250000988,563.0709677419112,445.5709677418814,6.216786972950313,6.333405673023251,6.099356533308021,413.2656250000291,461.2781249999243,515.5687500001804,6.02409054602877,6.1340011691053915,6.245270660229359,54.688932133913205,0.450465947848241,54.56688140720442,0.4257973808964424,54.97981146913596,0.5256672818563045,57.465559314984816,0.7677868664188401,54.848102439258334,0.6324085832569561,50.49197698567151,84.69825287467515,39.743170627776486,70.6398828672656,80.0006637398833,7.449203246668654,0.0,39.247,50.000000000619885,84.71909213130556,28.0,,,,,,,,,,,,,,,,,,,,,,,,,,,,,,,,,,,,,,,,,,,,,,,,,,,,,,,,,,,,,,,,,,,,,,,,,,,,,,,,,-0.014377934272300386,0.0625,,,-0.41293006193154014,2.6174568757264822,,,-0.09986990095986209,0.13537828316188394,,,-40.25749311210681,-50.000000000619885,,,63.190679620596946,-45.47209213130556,,,-21.881132629140154,39.85044326237448,,,-0.044800074204399465,0.08250231764187976,,,12.790874413221701,43.32925531917002,,,-0.8701462762472927,0.0963832416343888,1.5682978596977415,False,True,True,C,1,1,1,3,4,0,2,2,1,1,1,1,1,1,6,True,True,False,False,False
12641299,C,1.0,0.9424083769633508,0.9157894736842105,0.96875,0.08421052631578947,0.03125,0.7015706806282722,0.6923076923076923,0.7291666666666666,0.631578947368421,0.7708333333333334,819.207329844305,6.708337201809063,520.8455497357232,6.255453548159959,813.4881118902796,6.701331313018546,521.5083916070577,6.256725365600065,836.2458333323399,6.728922628867801,518.8708333273727,6.251654976135946,843.281052630826,6.737300298203941,637.8452631498636,6.45809571968074,795.384375003477,6.678825488380838,405.0645833363135,6.004046519421277,738.5718750078232,746.6142857169348,971.3015624936672,6.604718422906314,6.615548700662458,6.878636989069266,741.0270833397907,740.8957446813583,957.0291666661702,6.608037174344479,6.607859919960792,6.863833868173665,731.2062500119209,763.4125000089404,1014.1187499761579,6.59469556771271,6.637798514304584,6.9217752877243734,765.6687500029802,768.8709677419356,992.9781249947846,6.640749634961536,6.64492316315378,6.900708634592843,711.4750000126662,725.0531250052153,949.6249999925496,6.567340279895955,6.586244928039392,6.85606716981554,52.93829191538017,0.23107406510407402,56.924065559984875,0.9999466497212315,55.46634007956817,0.07113540683724795,57.2690855976139,0.9575324981740918,56.4212927660731,0.25235147388899004,59.32699259858935,48.630208361716484,59.14648542738774,48.056037999984696,60.02519496905306,50.49117822575328,59.908994727437424,58.35138980377498,58.76670171608278,36.22891613768948,0.0,0.8854166666666666,0.8020833333333334,0.96875,0.19791666666666666,0.03125,0.703125,0.7222222222222222,0.6458333333333334,0.6979166666666666,0.7083333333333334,692.6067708370584,6.540462407890878,381.4010416616996,5.943851424315446,682.8631944490803,6.526294538554844,379.0791666640176,5.937745066287922,721.8375000009931,6.581800044310239,388.36666665474576,5.961949910527091,691.5562500022351,6.538944492702114,406.6427083276212,6.007934933375226,693.6572916718819,6.541978022504759,356.159374995778,5.875378313244496,603.4125000033528,703.1718750037251,771.2359375040976,6.402601042458935,6.555601349842625,6.647994341671322,604.9291666721305,689.0874999985098,754.5729166766006,6.405111371295681,6.5353682585940955,6.62615191591951,598.86249999702,745.4250000193713,821.2249999865883,6.395032022511264,6.6139545255481655,6.710797127918836,620.7812499962747,689.6375000067054,764.2500000037251,6.430978765442972,6.536166097231051,6.638894960775818,586.0437500104308,716.7062500007447,778.2218750044701,6.373394445511061,6.574666063487516,6.657011669901553,56.66715011409912,0.17928795888874838,55.69681665548618,0.25476842802614147,67.86608181394291,0.11862017883900933,58.50952739779259,0.2344696053538527,53.256059383461995,0.14543422980622228,61.31861660413163,40.502258116849966,60.19509347449852,40.7605346188923,63.730451870351175,39.3990282384758,64.5470620649776,35.39247343960747,57.62161405501092,42.24137823443511,-0.03685897435897434,-0.13925438596491235,0.07638888888888884,-0.01041666666666674,1.4577254804167055,0.8477928315408008,-12.169265158456732,5.253468014330593,0.9288112428839835,0.7051810242851018,0.13614824918713214,0.08903537554763041,-0.878709541665323,1.1422930113546457,-3.535358395852654,6.925448009966672,-2.435140225768585,22.122473666085497,1.3615063804165004,-6.848904794827639,-22.7577214420603,47.89667762734905,-38.974305551912835,-2.101041669646861,-0.027591315849255338,0.05847480982310316,-0.055505505755395035,-0.003033529802645596,2.6375582796849812,232.78067981355014,-9.287499990728179,50.4833333318432,0.7500735913883338,0.0703157837003041,0.2163276878559548,True,True,True,C,8,4,5,4,3,-3,-4,-1,1,1,1,1,1,1,6,True,True,True,True,False
12641325,C,0.0,0.8489583333333334,0.8958333333333334,0.8020833333333334,0.10416666666666667,0.19791666666666666,0.9947916666666666,0.9930555555555556,1.0,0.9895833333333334,1.0,725.1208333333585,6.586338307634031,419.38541666659876,6.038790345966741,716.7368055555658,6.574708695881886,422.4680555554287,6.046113835785957,750.2729166667365,6.620437029227833,410.1375000001087,6.016492469329719,743.4749999999573,6.6113351405870135,495.2416666666395,6.205045858918445,706.7666666667598,6.560700578420527,343.52916666655796,5.839272018295166,697.3703125001629,728.571874999936,749.4203124999766,6.547316564508634,6.5910862824019265,6.6192999910095685,697.4750000001706,713.0395833333023,739.6958333332246,6.547466670759508,6.569536935469803,6.606239065663566,697.0562500001397,775.1687499998369,778.5937500002331,6.546866110517324,6.653080747586285,6.657489407916078,719.9125000002095,795.5281249997789,714.9843749998836,6.579129676847516,6.679006202275151,6.572260689308208,674.8281250001162,661.6156250000929,783.8562500000698,6.514458028819444,6.4946847604198625,6.664225648947152,40.14201861912971,0.281609956369012,39.85257445589771,0.17638052077893307,64.38906365209542,0.2592912594130035,38.506576185862365,0.08903684598790257,40.30585072646726,0.8257750619584463,80.0006637398833,7.449203246668654,80.00066375791121,7.4486511574672125,0.0,39.247,80.0006637398833,7.449203246668654,0.0,39.247,0.0,0.8541666666666666,0.8229166666666666,0.8854166666666666,0.17708333333333334,0.11458333333333333,1.0,1.0,1.0,1.0,1.0,573.6046875000078,6.351940461323163,281.9979166666647,5.641899683203961,552.5812500000206,6.314600481403386,282.68263888897167,5.644324851030855,636.674999999969,6.456259321292093,279.94374999974383,5.634588690129519,545.1791666666783,6.301114486815451,299.90625,5.703469925817902,602.0302083333373,6.400307624005559,264.0895833333295,5.576288376394705,546.5578124999009,576.6984375001339,597.5578124999885,6.303640088846632,6.357319491236968,6.3928510364471345,529.4270833332168,565.9458333334575,562.3708333333877,6.271795447028491,6.338498372799287,6.332161478080122,597.9499999999533,608.9562500001631,703.1187499997905,6.393507138414739,6.411746426049155,6.555525796464091,501.6749999998136,560.587500000198,573.2750000000233,6.21795249967221,6.3289853409440955,6.351365531777092,591.4406249999884,592.8093750000698,621.8406249999537,6.382561297991131,6.384872888634271,6.432683830003078,52.06480951306688,0.09010686061355416,48.60866469204933,0.07662543162273538,60.04887714146856,0.996516394508969,58.465882051142785,0.7910773934535289,60.098480234066244,0.8003539203920292,0.0,39.247,0.0,39.247,0.0,39.247,0.0,39.247,0.0,39.247,-0.00694444444444442,-0.01041666666666663,0.0,0.0,-24.536489196197707,-1.7992745406048982,-11.440212449419228,-1.6325981829234593,-0.08291073863407045,-0.7367382159705438,-0.9198909628862336,-0.00927652693850034,80.00066375791121,80.0006637398833,0.0,0.0,-31.79834884253279,-31.797796753331347,0.0,0.0,-33.536111111170726,36.708333333197515,-84.09374999994839,-56.85104166665906,-0.045728333345947725,0.05063456216648632,-0.14165883988870664,-0.0991931371901078,12.330555555320018,151.71250000008155,2.7388888892278374,35.81666666667053,-0.4634907513315394,-0.6783200754236265,0.2934798263802389,False,False,True,C,1,61,22,45,55,21,44,23,1,1,1,1,1,1,6,True,True,True,True,False
12641384,C,8.0,0.6902173913043478,0.7444444444444445,0.6382978723404256,0.25555555555555554,0.3617021276595745,0.19021739130434784,0.20437956204379562,0.14893617021276595,0.2765957446808511,0.1,809.7190217272095,6.696687300730825,647.963586943305,6.473834501784663,835.2627737087055,6.727746374395837,645.8102189606994,6.470505681922579,735.2617021215722,6.600226493147737,654.2404255309003,6.483474907036303,694.0436170126529,6.5425348072533085,501.8414893429331,6.218284311548577,930.5355555401908,6.835760286572254,800.5799999925827,6.685336464973119,886.5573770335465,758.4031745933352,785.4816666563352,6.7873458465259,6.631215136840985,6.666297117711442,900.7978260672612,780.2127659473014,825.5522727153518,6.80328084404688,6.6595666593423095,6.716052583845225,842.8866666634879,694.3374999910593,675.2874999940391,6.736832508469839,6.542958153522133,6.515138526108929,687.0129032058105,674.9838709600508,719.3187500014899,6.532353074004938,6.514688795713044,6.578304583545236,1092.7533333222066,839.2156249880794,861.0964285475869,6.9964557841365815,6.732467675817337,6.758206494146877,49.950087906427314,0.09555265004227614,47.79504465352589,0.03227013940649154,30.26383436524223,0.8850026361103699,44.59459610147169,0.22285313792867328,73.02295199031514,0.7908016391589645,94.01178926647209,212.21108329879172,92.61111533556758,190.5746605896335,246.70353466136962,726.8870115512643,87.31207552916037,127.31910969909156,79.20703167474096,561.5974776891555,29.0,,,,,,,,,,,,,,,,,,,,,,,,,,,,,,,,,,,,,,,,,,,,,,,,,,,,,,,,,,,,,,,,,,,,,,,,,,,,,,,,,0.05544339183102967,0.17659574468085107,,,17.531210288283663,-28.42835588884345,,,-0.8527324967038783,-0.5679485012302912,,,-154.09241932580204,8.105043854419407,,,-536.3123509616308,-434.278367990064,,,100.00107158713331,-236.49193852753785,,,0.12751988124809976,-0.29322547931894594,,,-8.43020657020088,-298.7385106496496,,,-0.0603163457163171,0.2181531169463619,0.2041266870536444,False,True,True,C,71,86,67,71,73,-4,0,4,1,1,1,1,1,1,6,True,True,False,False,False
12641400,C,1.0,0.8429319371727748,0.8842105263157894,0.8020833333333334,0.11578947368421053,0.19791666666666666,0.7643979057591623,0.7692307692307693,0.75,0.7789473684210526,0.75,638.3424083740299,6.458874829619517,269.0282722527444,5.594816475390401,626.0083916049737,6.439363776130017,261.89790209940264,5.567954741170024,675.0874999985098,6.514842312098757,290.270833334575,5.6708143952099785,678.0463157885953,6.5192155979797715,307.36210526039724,5.728026548490533,599.0520833283663,6.395348544800195,231.0937500055879,5.442823472369354,576.1671874951571,638.2492063461788,700.6093749990687,6.35639787464773,6.458728812636572,6.551950492059909,551.9916666609546,611.7808510585033,713.9562500007451,6.313532949534435,6.416374131878331,6.570821685953464,648.6937499977647,716.0000000037252,660.5687499940395,6.474960725515227,6.573680166965849,6.49310120634886,593.2656249962747,704.216129035719,737.4749999977648,6.385642232931572,6.5570853105139255,6.603232189331298,559.0687499940395,574.3437499906867,663.7437500003725,6.326272453059737,6.3532280846495315,6.4978961563165205,57.14486829775328,0.24222654976758728,48.65411773710262,0.08999943464748705,51.76238000267609,0.21470983624113144,47.442804479567336,0.07200041871308321,51.91357553811656,0.10118380949690714,55.41416489592425,51.880107950229565,52.429382344893845,50.34487022585769,62.89730964638262,45.607293987250735,53.81321355471767,45.587610152317566,59.17811662473108,61.72219262600572,0.0,0.8489583333333334,0.8854166666666666,0.8125,0.11458333333333333,0.1875,0.7291666666666666,0.7222222222222222,0.75,0.7291666666666666,0.7291666666666666,607.5067708340163,6.409363320558382,219.37552083283663,5.3907849683840885,600.0819444470108,6.3970662199691075,222.89444444494114,5.406698316101589,629.7812499950329,6.4453725368598755,208.81874999652302,5.341466650810732,608.3458333356926,6.41074352508646,179.3145833387971,5.189141712154659,606.6677083323399,6.407981208432587,259.43645832687616,5.558511810683544,543.0000000009313,579.4874999979511,700.0328125031664,6.29710931993565,6.362144092224387,6.551127208949329,548.7729166708887,588.9187499992549,662.5541666708885,6.307684725104431,6.3782882284643145,6.4961023155307895,525.6812499910593,551.1937499940395,812.4687500000001,6.2646950404422475,6.312086380727397,6.700077451925767,555.7593750003725,557.3812500014901,711.8968750052153,6.320335421798511,6.323249476163965,6.567933062446049,530.2406250014901,601.5937499944121,688.1687500011176,6.273330912951841,6.3995823836096095,6.534034084022478,40.2138196593475,0.7784826774478635,40.464960848180354,0.0948215505396795,60.712453734179846,0.5747479063237151,40.297463084032586,0.840754334949638,40.12990486924026,0.8075844176785607,48.3610295256112,39.79487918616084,46.76547437454979,39.685786231308235,52.68707595622963,33.403382819151425,49.33722817919778,30.058681495107813,48.953308364268686,55.92634098367685,0.019230769230769273,0.02894736842105261,-0.02777777777777779,0.0,-3.1082622655734724,-4.470771058549225,-20.247492885999492,0.16755821479232935,-0.12471040159364438,-0.029183390783823926,-0.4799263557840356,0.03316991727107732,-10.467927301488771,-5.364903070013412,-5.9216015816798375,0.38391981492909366,4.737576238606955,-16.134582473688155,6.28240341215681,-25.86765948856904,-49.0791083935361,78.994232460229,-29.699305548022153,1.6781250033527613,-0.07547853596873999,0.12386705317957603,-0.04830631689076803,0.0027623166538726096,-28.37293123517236,76.26835525480934,14.075694448418119,-80.12187498807907,1.0304003207070225,1.1890008322204877,0.6722297039279288,True,True,True,C,71,90,84,69,94,13,-2,-15,1,1,1,1,1,1,6,True,True,True,True,False
12641486,C,0.0,0.9635416666666666,0.9791666666666666,0.9479166666666666,0.020833333333333332,0.052083333333333336,0.484375,0.4791666666666667,0.5,0.5,0.46875,1437.6604166577263,7.270772360642016,556.2911458114781,6.3212918007429675,1345.3965277473135,7.204444064755199,547.3145833412805,6.305023743768346,1714.452083388964,7.446848823649471,583.2208332220713,6.368565902316491,1579.0312499900665,7.364566805060479,617.636458267768,6.42590002913755,1296.289583325386,7.167261295876253,494.9458333551882,6.204448329015781,1411.843750000001,1409.1187499910588,1492.0187499821186,7.252651753289842,7.25071978797195,7.307885347696886,1320.8145833015453,1285.4895832935965,1429.8854166467984,7.186003933809005,7.158894923439815,7.265349591824494,1684.9312500953681,1780.006250083446,1678.4187499880786,7.429480040823728,7.484372154562801,7.425607408926201,1533.9312500059618,1617.7031250894063,1585.4593748748307,7.33558916345609,7.388762598144011,7.368629470739269,1289.75624999404,1200.5343748927114,1398.5781250894065,7.162208526008765,7.090522049064539,7.243211374570737,47.67356360244719,0.2198504542549874,42.197765711931545,0.7323321935525984,56.4212927660731,0.25235147388899004,51.63814545540965,0.23275349411251428,49.99276507747058,0.22130184639353317,231.91366309976559,361.9286706046362,99.83479089487531,120.30105810484405,7.644313764448546,113.3288376071529,92.3556859998262,113.32883693990728,17322.841060764284,6490.851113136485,3.0,0.9470899470899471,0.9139784946236559,0.9791666666666666,0.08602150537634409,0.020833333333333332,0.4708994708994709,0.4859154929577465,0.425531914893617,0.4787234042553192,0.4631578947368421,1288.769841244612,7.161443430940775,513.7873015984026,6.241809369692291,1182.3387323836205,7.075249732531754,501.7366197411443,6.2180753201383,1610.3276595054792,7.38419295249289,550.195744656502,6.310274114284815,1201.4287234062847,7.091266730409175,445.2617021215723,6.098662203961566,1375.1915788951671,7.22634833050071,581.5915789754768,6.365768447048938,1162.7428571610228,1322.6095237580557,1380.9571428147572,7.05853702502881,7.187361975999496,7.230532119484412,1125.3625000913937,1141.7085105814833,1281.157446739521,7.025860485039524,7.040281112960781,7.155519203586417,1282.3599997838355,1854.0062499642372,1674.1187500357628,7.156457409124402,7.525104117190365,7.423042186428168,1003.4387097512524,1283.6612902918177,1313.5687499642368,6.911188089890085,7.1574716568428975,7.18050294880209,1317.0687499642372,1360.3406249284735,1450.5193547894874,7.183163902327836,7.215490406876582,7.2796769470018985,58.95744146453218,0.98563457619601,57.645821998588865,0.9922936656628931,61.28616884443972,0.9944784449490219,59.185993342949935,0.9307958534559777,58.59571651792823,0.9683944369094843,112.06254677548941,214.1349971287501,89.66105082279024,112.60149867056053,-2.159717533020088,171.63555532061477,91.93250178996101,115.81642387005154,102.86947723446433,481.14257689845846,-0.020833333333333315,0.03125,0.06038357806412947,0.015565509518477072,-14.223527054141556,1.6453803779390697,-3.640346845850857,0.5902768250217036,0.47998071966360834,0.011451647718981106,-0.002184779286128813,-0.03759858345350664,92.19047713042677,-17230.485374764456,91.82076835581033,-10.936975444503318,6.97222049769114,-6377.522276196578,-59.03405665005424,-365.3261530284069,-369.05555564165047,282.74166666468045,-427.98892712185875,-173.76285548888245,-0.24240475889427238,0.1973055091842255,-0.3089432199611366,-0.13508160009153514,-35.906249880790824,122.69062491257984,-48.459124915357734,-136.32987685390447,0.230432238034218,0.2235480159229879,0.0131149195433744,True,True,True,C,18,11,79,78,94,61,60,-1,1,1,1,1,1,1,6,True,True,True,True,False
12641498,C,8.0,0.9130434782608695,0.967032967032967,0.8602150537634409,0.03296703296703297,0.13978494623655913,0.9619565217391305,0.9485294117647058,1.0,0.9565217391304348,0.967391304347826,704.0815217391297,6.55689414737888,335.0543478260869,5.814292750983505,696.2867647058798,6.54576159373378,338.9852941176476,5.825956726255573,726.166666666671,6.587779556889393,323.91666666666487,5.780486281064217,735.7934782608673,6.600949479164238,385.39130434782464,5.954259193057911,672.3695652173919,6.510808137597203,284.71739130434906,5.651497078840312,592.9672131147522,709.1166666666628,806.8730158730191,6.3851391076121065,6.564020064005903,6.6931663025714165,579.622222222219,657.4318181818143,844.361702127659,6.36237655032959,6.488341060092058,6.738580959814916,630.5000000000018,851.2499999999964,696.7500000000147,6.446513155404977,6.746705857463718,6.546426666362079,659.0333333333275,729.6333333333314,813.5312500000009,6.490774114912717,6.592542124850997,6.701384340180658,529.032258064518,688.5999999999942,800.0000000000057,6.271049409327147,6.534660550904415,6.684611727667934,43.365335292927014,0.13855235664746046,44.872386425134174,0.12883160489231693,49.27775195756029,0.0897419543229403,45.76928681116889,0.14191255466686753,40.93515678913044,0.13683862191740143,56.70530336101364,33.0990649231044,56.71313860686071,33.34739779043142,0.0,39.247,68.76267738521506,11.519762046137467,49.07319315673349,11.65031663017448,5.0,0.8823529411764706,0.9361702127659575,0.8279569892473119,0.06382978723404255,0.17204301075268819,0.9037433155080213,0.900709219858156,0.9130434782608695,0.9340659340659341,0.875,801.5401069518706,6.686535010662746,312.27807486631076,5.743894056465286,790.6950354609924,6.672912350393951,318.5744680851076,5.7638562564276645,834.7826086956493,6.72717134208672,292.97826086956394,5.68009841128006,860.0769230769183,6.757021830685826,291.16483516483703,5.673889550668143,746.0520833333358,6.6147954145674,332.29166666666606,5.806013097305098,714.3968253968247,701.9999999999975,994.344262295082,6.571438585818968,6.553933404025807,6.9020834870317085,713.5625000000003,703.8297872340416,959.9347826086947,6.570270029436546,6.556536547427568,6.866865347371601,717.0666666666632,696.6249999999923,1099.8666666666695,6.57516881628654,6.546247245889689,7.002944239318469,805.774193548382,820.7096774193533,960.2068965517159,6.691803546367493,6.710169426231008,6.867148778482748,625.8750000000036,586.9999999999964,1025.2812500000073,6.439150670650115,6.3750248198280905,6.9327222441783,48.36364355283618,0.13597688844193317,40.6991659955141,0.8007376633643696,58.097818061674474,0.8504337809160049,40.46824089506981,0.8169794615224476,53.15311645612688,0.15172421087295607,52.929058748198955,35.6186343878175,52.2691611478319,39.29439596288537,51.22115137210393,12.799386544146321,56.50772332480964,66.68954564262515,50.815857782445455,14.93838412262775,-0.05147058823529416,-0.010869565217391242,-0.012334258402713516,0.05906593406593408,-4.405365532426117,4.834130022038451,-17.398652066160373,-12.68487556105707,0.03908965056937663,0.0050739327494661035,-0.04969611755163528,0.6652552506494915,56.71313860686071,19.689484228481568,1.0480097757279694,5.691865542364184,-5.899602209568577,-0.1305545840370126,26.495009418739045,51.751161519997396,-29.87990196079113,63.42391304347541,-44.08757323465693,114.02483974358256,-0.04201796315561257,0.09014134156703513,-0.05425899169276871,0.1422264161184259,15.068627450982717,100.67391304347558,25.596207215543643,-41.12683150182903,-0.1410710319228227,0.2168217021369742,1.4192014033508624,False,True,True,C,0,51,17,0,51,17,0,-17,1,1,1,0,1,1,5,True,True,True,True,False
12641604,C,0.0,0.953125,0.9166666666666666,0.9895833333333334,0.08333333333333333,0.010416666666666666,0.765625,0.8125,0.625,0.75,0.78125,600.4479166667055,6.397675904480731,516.9093749997361,6.24786756900741,575.8305555557729,6.355813443035781,496.5131944442789,6.207610058045069,674.2999999995033,6.513675115739799,578.0979166661078,6.359743260321529,645.7468750001863,6.470407592630421,612.3812499996275,6.417355046070571,555.1489583332246,6.319236471128568,421.4374999998449,6.043671486494433,562.7937499997206,592.65625,645.8937500003958,6.332913219989731,6.384614551323272,6.470635016571724,539.7541666665735,564.3041666670082,623.4333333337369,6.2911137889882305,6.335593408727753,6.435241836121492,631.9124999991618,677.7124999989757,713.2750000003725,6.448750935193444,6.518723156710014,6.56986704030356,619.0093750003725,648.3437499993016,669.8875000008848,6.428120417966308,6.474421034092336,6.507109787840034,506.5781249990687,536.9687500006985,621.8999999999069,6.227678556609765,6.285939899148319,6.432779308109694,54.330585805176696,0.23598925787207076,55.79255628007222,0.41416963952054653,50.04584850218125,0.08404732341507909,58.512381484319704,0.8009798284704353,50.007248269870644,0.19548391077722355,65.36247218615544,36.036698412857795,64.8000386729994,31.533200760763986,67.20569427664579,44.37459886769615,74.83729029152785,56.70526854433172,63.24331143615687,28.218868853451266,0.0,0.890625,0.8125,0.96875,0.1875,0.03125,0.7760416666666666,0.7986111111111112,0.7083333333333334,0.8229166666666666,0.7291666666666666,725.1416666666433,6.58636703806495,458.81770833348855,6.128652981575513,695.6618055555866,6.544863630683077,458.87986111108006,6.128788435301786,813.5812499998137,6.7014457987458504,458.63125000071403,6.128246510275616,727.3510416670857,6.589409224358524,471.54270833334886,6.156009677681596,722.932291666201,6.583315568625693,446.09270833362825,6.100526796637772,600.6656249995576,723.3515625002328,851.4078125001397,6.398038415313693,6.5838953591620655,6.746891229415072,557.6062499995654,709.6229166667908,819.7562500004036,6.323653068134511,6.564733725663845,6.709007039971879,729.8437499995343,764.5375000005588,946.3624999993481,6.592830470135844,6.6392710758346105,6.852625688040742,598.578125,753.896875000326,829.5781250009312,6.394557051149127,6.6252555880974136,6.720917288439576,602.7531249991154,692.8062500001397,873.2374999993481,6.40150770161709,6.540750378570322,6.772207569240772,56.81442743884978,0.11727101339892687,52.20745830109734,0.18290972953122675,70.96908313528581,0.20906931617788221,55.54850991040211,0.11661192172072354,58.07652426471552,0.11833676159498968,62.51849458760463,36.650853988871646,62.824302876541196,38.96250019510824,61.80529399042318,31.053151371677124,57.06509056220066,35.483123468073984,65.99760359204878,34.74568528395215,0.1875,-0.03125,0.09027777777777779,0.09375,5.746707777890968,8.50513321444906,-18.761624834188474,-2.528014354313413,0.33012231610546744,0.6054959176932118,-0.026159586646655464,-0.0017248398742661375,-2.4056556036463803,11.593978855370977,1.0190088861180158,-8.932513029848117,-12.841398106932164,28.486399690880457,7.909348823431117,0.7374381841218351,-98.46944444373037,90.59791666696162,-117.91944444422711,4.4187500008847564,-0.1578616727040183,0.15117112150185275,-0.1565821680627737,0.006093655732830605,-81.58472222182894,190.9437499997826,0.2486111103660278,25.449999999720603,0.6246835791695382,-0.5389193694194436,-0.0412726355007972,True,False,True,C,23,14,46,59,65,23,36,13,1,1,1,1,1,1,6,True,True,True,True,False
12641693,C,0.0,0.84375,0.8854166666666666,0.8020833333333334,0.11458333333333333,0.19791666666666666,0.875,0.8958333333333334,0.8125,0.8125,0.9375,670.5567708325883,6.508108368537315,352.5182291660457,5.865102334861432,655.2173611091243,6.484967029607108,343.3027777762876,5.83861279182703,716.5750000029803,6.574482917300219,380.16458333532,5.940604272993935,707.6375000067056,6.561931956933828,418.37708332886285,6.0363831390921145,633.476041658471,6.451222180038099,286.6593750032286,5.658294664220693,613.0734374988824,696.2953125052154,702.301562493667,6.418484728922055,6.545773869921267,6.554362887986175,601.164583330353,658.5770833392938,705.9104166577259,6.3988687461807405,6.490081573313931,6.559488340855414,648.8000000044707,809.4500000029805,691.47500000149,6.475124502808094,6.696355004691197,6.538826997163472,660.7125000059607,750.4968750067055,711.7031250074508,6.4933187981938785,6.620735487183043,6.567660865201095,565.4343749918042,642.0937500037254,692.8999999798833,6.337594241062262,6.464734321072091,6.540885688604303,46.567247493643244,0.12153324031120627,44.41224127599026,0.08883142081666662,50.22249802275479,0.22271053768480198,52.92291820092755,0.1404853586823605,39.27725700225467,0.11329135390786599,66.09600391939081,40.10549720739635,65.4606457660102,31.405924903862775,-7133.5860525779035,6460.556311706941,65.72572605450036,39.48042259070294,111.48902571003353,331.6825357675212,0.0,0.8802083333333334,0.8333333333333334,0.9270833333333334,0.16666666666666666,0.07291666666666667,0.9635416666666666,0.9583333333333334,0.9791666666666666,0.9791666666666666,0.9479166666666666,615.4057291677842,6.422281772509515,280.3994791644315,5.636215297685213,623.6048611104488,6.43551693239129,282.454861106972,5.643518754127587,590.8083333397906,6.381491655736811,274.2333333368103,5.613979325519454,614.7250000027319,6.421175013336044,326.38333333407843,5.788072559697018,616.0864583328366,6.42338730812118,234.41562499478462,5.4570957150152735,555.6015625037253,640.0343750007452,650.5812499988824,6.320051423157957,6.461521885850001,6.4778661940710585,560.650000008444,650.8499999990066,659.3145833238958,6.329096824921951,6.478279200910944,6.491200785279895,540.4562499895692,607.5875000059607,624.381250023842,6.292413690213087,6.40949619777458,6.4367611594009135,566.5062500014901,666.9875000044703,610.6812500022351,6.339488113066496,6.502771305117033,6.414575137288846,544.6968750059605,613.0812499970198,690.4812499955298,6.300229447281122,6.418497472009394,6.537388818238129,51.43217354049983,0.10938174014592267,49.651842294930674,0.11774209329382052,50.04584850218125,0.08404732341507909,51.64257754346664,0.12288415634886002,51.09303506781058,0.107758742450979,46.003878702259996,20.127786689925802,113.29029220221399,142.28565350587292,39.99993336077985,7.439848718813114,90.00000000000021,12.056710954656998,48.46320690333501,12.455415279430904,0.08333333333333337,-0.125,-0.02083333333333326,0.03125,-5.81025674676453,13.645661198672876,-0.3940062072505768,0.549542475656061,-0.13387911686813536,0.027194004774494518,0.033694769878741426,0.015125413897881024,7199.046698343914,-45.763299655533174,73.29035884143414,41.5367930966652,-6429.150386803079,-292.2021131768182,134.8458047870598,-0.39870432477390594,-61.357638893856006,74.16145834823465,32.79652777065826,-1.3614583301047105,-0.08951588769311059,0.11070977689572903,0.05402527665447909,-0.00221229478513596,-36.861805559032405,131.71770832563425,8.221527770161686,91.96770833929381,-1.0156505416740622,-0.7264618994238687,-1.3187381739786763,False,False,False,C,0,5,5,5,6,5,5,0,1,1,1,1,1,1,6,True,True,True,True,False
12641694,C,1.0,0.9162303664921466,0.8631578947368421,0.96875,0.1368421052631579,0.03125,0.9476439790575916,0.9440559440559441,0.9583333333333334,0.968421052631579,0.9270833333333334,440.70680628248846,6.0883798159821145,265.8471204184425,5.582921408289062,436.58461538384427,6.078982206169855,268.2195804192053,5.59180597496573,452.98750000136596,6.115864531286348,258.77916666616994,5.555975059642147,464.5442105255629,6.1410567324664775,297.88526315657714,5.696708389400525,417.1177083336127,6.033368456148265,234.14270833383003,5.455930794140303,401.6281250005122,447.0412698409387,473.54999999911536,5.995526598297161,6.1026509166178435,6.160257503670242,405.452083333085,426.9936170207059,477.1083333318433,6.005002699700426,6.056769064687636,6.167743579005118,390.15625000279397,505.93125000037253,462.8750000009314,5.9665472999213085,6.226400790491879,6.137457039235789,410.296875,514.2161290313928,470.671874998603,6.016880983040876,6.242643661573206,6.154161195184906,392.95937500102445,381.96562500018626,476.4281249996275,5.973706235027394,5.945330617647003,6.166316872261706,55.99094590849032,0.16953935484704874,56.04333924449971,0.8435041317718928,56.04220816484081,0.13467038986280594,56.38033590172147,0.15747036818467786,55.52856437758178,0.17777324954154516,62.56642013443781,28.25014135390095,60.188373826323215,26.584670406772375,70.0007,11.91221104895698,69.2167987061929,11.755045102585834,60.125020241864725,28.672242359215566,0.0,0.9010416666666666,0.8541666666666666,0.9479166666666666,0.14583333333333334,0.052083333333333336,0.9427083333333334,0.9444444444444444,0.9375,0.9166666666666666,0.96875,421.9015625005122,6.044772022608887,213.50833333283663,5.363675863910869,426.40902777833657,6.055399044715541,209.00763888801967,5.34237080100033,408.3791666670392,6.012196072910602,227.01041666728756,5.42499590483071,450.82499999987584,6.11107923759306,228.77291666592168,5.432729881283841,392.9781250011486,5.973753948745413,198.2437499997516,5.2894973341655565,354.6921875008847,380.4140625002329,530.5984375004191,5.871250335884018,5.941260297654175,6.274005496920599,353.70833333488554,386.66874999987584,538.8500000002483,5.8684726563944105,5.957568383348499,6.289437239043301,357.6437499988823,361.65000000130385,505.8437500009313,5.879537379213338,5.890676893298895,6.226227827136075,363.365625000093,382.3687499994413,606.7406250000932,5.895409558752874,5.946385457125169,6.4081013933132045,346.0187500016763,378.45937500102445,454.45625000074494,5.846492964345749,5.93610873554777,6.119101649359955,54.641514215318516,0.14905849329732584,52.99004701069408,0.15172801295021698,60.10520130573148,0.46200476738011065,51.771546160279634,0.0970004156665677,59.12506966424302,0.9864307034447379,46.34847982272864,35.13244261430753,49.99999999999423,15.874782135568152,9823.776060028984,4294.017302070748,48.63274612211397,14.790560617203118,8401.435469226393,2282.5309541575175,-0.014277389277389307,0.04133771929824559,0.00694444444444442,-0.05208333333333337,0.0011310796589043548,0.8517715241396928,-7.115154295037399,-7.3535235039633875,0.7088337419090869,-0.02030288135686731,-0.31027675442989366,-0.8894302877781702,-9.81232617367678,9.09177846432818,-9773.77606002899,-8352.80272310428,14.672459357815395,-16.917197256629734,-4278.14251993518,-2267.7403935403145,-16.402884617521693,47.42650219195019,18.02986111129735,57.84687499872723,-0.03688232511649314,0.10768827631821232,0.043202971804938706,0.13732528884764683,9.44041375303533,63.74255482274711,-18.002777779267888,30.529166666170084,-0.0509714262926652,-0.5034021378606777,-1.0850661024550228,False,False,False,C,63,63,76,82,86,13,19,6,1,1,1,1,1,1,6,True,True,True,True,False
12641701,C,1.0,0.8900523560209425,0.9473684210526315,0.8333333333333334,0.05263157894736842,0.16666666666666666,0.743455497382199,0.7482517482517482,0.7291666666666666,0.7684210526315789,0.71875,677.0549738194931,6.517752471712304,325.360732982296,5.784934514431125,674.2531468501458,6.5136056291949265,326.6720279730283,5.7889566950241615,685.4020833323399,6.530005649022028,321.4541666557391,5.772854972568517,643.1968420969813,6.466450808177613,325.1336842047541,5.784236433768899,710.5604166698953,6.5660539779401175,325.5854166684052,5.785624844023374,592.4828125033529,645.1714285631027,793.0124999973923,6.384321864155374,6.469516062200323,6.675838984432925,595.4708333313465,622.8148936083976,803.4020833348236,6.3893524091430525,6.434249353624451,6.688855315069471,583.5187500193717,710.8437499925496,761.8437499850986,6.369076584919626,6.566452644741655,6.635741482147512,565.3656250089407,616.8903225698781,746.5124999769031,6.3374726457616815,6.424691248898315,6.615412361617222,619.599999997765,672.5687499940393,839.5125000178816,6.4290741085391065,6.511104336725223,6.732821366243409,41.0306360623769,0.13127867628150647,39.99999940478345,0.15697972945857658,49.6278940116681,0.07013714187988956,43.463095312921276,0.15573591217482813,37.88647915579617,0.16435941646864216,48.16492026164206,29.68628252237069,46.01991400571073,27.05090769134315,50.87994586784732,13.205527267125497,49.413075288146885,43.94097160921798,48.64735061630842,24.237622512322822,0.0,0.8645833333333334,0.9479166666666666,0.78125,0.052083333333333336,0.21875,0.7552083333333334,0.7638888888888888,0.7291666666666666,0.78125,0.7291666666666666,661.9942708313465,6.495256901566246,294.6734374997516,5.685867751645879,659.693749996523,6.491775712175341,288.12430555621785,5.663392003530977,668.8958333358167,6.505628342976268,314.3208333303531,5.7504142264631355,628.2604166641831,6.44295475673063,313.16354167088866,5.746725551437024,695.7281249985099,6.544958959018459,276.1833333286146,5.621064896390608,615.4359374959022,633.6171874962747,736.9296875018626,6.422330858153821,6.451444966862525,6.602492483977144,610.1104166582226,661.1520833348235,707.818749996523,6.413639951701977,6.493983894075268,6.562188058089632,631.4125000089409,551.0124999806284,824.2625000178812,6.447959373217983,6.311757494885843,6.714489047160331,614.0031249970198,547.1062499955298,723.6718749999999,6.420000017705884,6.304643024867679,6.5843380783284555,616.8687499947846,720.1281249970198,750.1875000037251,6.424656278415706,6.579429147563381,6.620323175290529,42.37244544904915,0.12615983296546773,39.51677400543053,0.14294298058934257,49.94572549805547,0.17880487608804635,39.45478704635284,0.8541321131122146,49.978249262844635,0.059828995931484774,51.7250309430757,45.416750807917104,49.188343945604515,43.32058334903343,57.36772879854267,36.76433141671998,53.360690576638106,51.57839408625078,51.10515483619364,44.1422156209392,0.019085081585081598,0.049671052631578894,0.03472222222222221,0.05208333333333337,-9.627894606884645,5.576616157125109,-10.42895149262494,-10.523462216491794,0.08684258757868701,-0.008623504293814033,-0.03586189549870378,0.7943031171807298,-4.860031862136587,0.7657246718384627,-8.179384852938156,2.255535740444465,13.845380424217652,19.70334909689516,6.556251932313444,7.436178465311585,-11.14893648219413,-67.36357457291399,-9.202083339293722,-67.46770833432674,-0.01640001982710171,-0.0996031697625046,-0.013852630800926136,-0.10200420228782914,5.217861317289248,-0.45173246365106934,-26.196527774135234,36.98020834227407,0.9470023181888454,0.6925498619631343,0.1589872216280923,True,True,True,C,24,19,23,14,6,-1,-10,-9,1,1,1,1,1,1,6,True,True,True,True,False
12641779,C,0.0,0.9166666666666666,0.8958333333333334,0.9375,0.10416666666666667,0.0625,0.5416666666666666,0.5347222222222222,0.5625,0.5729166666666666,0.5104166666666666,520.2687500006674,6.2543455049907974,367.9531249992239,5.9079555523362,506.77986111129735,6.228076710307982,340.7131944437408,5.8310410513715105,560.7354166687775,6.329249166229816,449.67291666567326,6.108520466625426,558.3135416676911,6.324920707203411,445.9239583324331,6.100148440471314,482.2239583336438,6.178408649982809,289.98229166601476,5.669819857895447,430.4406250009779,515.2750000003725,615.0906250006518,6.064809393336011,6.244700738730084,6.421769614675072,409.93541666679084,501.2937500004967,609.1104166666046,6.015999626965824,6.217192256608446,6.411999559430904,491.956250003539,557.21875,633.0312500027937,6.198389789781411,6.32295789173432,6.450519789018493,443.6687500011176,623.1656250008382,608.1062500011175,6.095078225436001,6.434812334179068,6.410349619989901,417.21250000083813,407.38437499990687,622.0750000001863,6.0335956843288745,6.009757150086929,6.433060664248577,49.298734180605784,0.306556743574971,51.16017438296592,0.2380920216651196,46.92735149976787,0.9630552791931816,44.92092911880256,0.6621600024740107,56.84402616612485,0.8174827694383971,84.90879270532024,58.49859857781378,86.45846454262576,58.34160049873763,79.52553395834414,56.55965282063979,86.36939608263047,56.60797481321218,83.34832756514562,59.237566631164356,0.0,0.9166666666666666,0.90625,0.9270833333333334,0.09375,0.07291666666666667,0.8541666666666666,0.8472222222222222,0.875,0.75,0.9583333333333334,575.4385416655956,6.355132431261429,356.93541666679084,5.877554859718966,575.9986111101591,6.356105249425899,366.10972222251195,5.902933075967277,573.7583333319053,6.352208285595038,329.4124999996274,5.79731076480626,617.2020833321536,6.42519649594046,463.96145833376795,6.139801484840411,533.6749999990376,6.27978703944536,249.9093749998137,5.521098352142493,536.3093749985565,535.6499999989754,654.3562499992549,6.284711186720962,6.283480962706655,6.48365192791802,553.470833331657,525.1729166656733,649.3520833331471,6.31620905578584,6.263727573440327,6.475975070887207,484.824999999255,567.0812499988824,669.3687499975786,6.183788001080768,6.340502591519559,6.506335104086644,592.8406249987893,616.1656249989755,642.5999999986961,6.384925602333468,6.423515799145572,6.465522446679729,479.7781249983236,455.1343749989755,666.1124999998137,6.17332375744946,6.120592705017806,6.501458575193834,50.48717477671842,0.22534873980616843,51.15261732541523,0.20829419509915498,43.20257362580811,0.775873496911105,59.08976560079609,0.8399336879718489,41.38772250342204,0.9989636519786196,92.33409420633755,95.52639741704299,71.57241600494707,62.282855028185104,94.41303069777703,18.789452497173542,91.18217483543252,82.46326049108141,48.632746122114185,14.790560617202384,-0.02777777777777779,0.0625,-0.02777777777777779,-0.20833333333333337,4.232822883198047,-11.923097047322287,7.9500436996071215,17.70204309737405,-0.724963257528062,-0.1553227669643864,-0.5675793018119499,-0.15902996400677072,6.932930584281621,3.0210685174848493,-22.84061469282996,42.549428713318335,1.7819476780978363,-2.629591817952175,43.49340253101156,67.67269987387903,-53.955555557480125,76.08958333404729,2.2402777782538124,83.52708333311602,-0.10117245592183366,0.146512057220602,0.003896963830860578,0.1454094564951003,-108.95972222193245,155.9416666664183,36.697222222884534,214.05208333395424,0.4377649029604336,-0.0121289760455935,0.3213673152813461,True,True,True,C,11,60,18,77,65,7,66,59,1,1,1,1,1,1,6,True,True,True,True,False
12641993,C,0.0,0.9375,0.9479166666666666,0.9270833333333334,0.052083333333333336,0.07291666666666667,0.890625,0.9097222222222222,0.8333333333333334,0.9791666666666666,0.8020833333333334,943.9562500000466,6.8500798197325885,434.88697916696157,6.075086179323153,929.0333333334679,6.834144619045773,440.12500000010346,6.087058777475452,988.7249999997827,6.896416234311923,419.17291666753584,6.038283523733477,882.1479166669305,6.782359747917294,509.33958333334886,6.233114951925508,1005.7645833331626,6.913503310683176,360.43437500057433,5.887309901320566,731.4843750004657,873.4749999996275,1226.9093750000466,6.595075860013954,6.772479508671839,7.112253582977534,706.7062500005899,875.3583333332402,1205.0354166665736,6.560615091580993,6.774633326335043,7.094264236917378,805.8187500000931,867.8249999987893,1292.5312500004657,6.691858841287839,6.765990081429115,7.164357784040372,735.9687500009313,883.3874999997206,1027.0875000001397,6.601187658589592,6.783763949186518,6.93448240590993,727.0,863.5624999995343,1426.7312499999534,6.588926477533519,6.761066274816349,7.263141267574692,48.600905399493946,0.14979136406730675,41.38648096224385,0.925594842438541,49.99999434858453,0.11726738405463638,47.21399995437746,0.1541645024154379,50.00000223870287,0.1482080080422462,46.735902396573266,28.907979012470108,43.56807405824947,27.256113301750823,50.49734422469647,13.846655658237701,50.0,11.906956677824875,46.28117250437177,29.05329435106901,0.0,0.9114583333333334,0.9583333333333334,0.8645833333333334,0.041666666666666664,0.13541666666666666,0.8541666666666666,0.8541666666666666,0.8541666666666666,0.84375,0.8645833333333334,855.0130208334498,6.75111669786577,281.6661458334808,5.640722489575452,846.2986111112145,6.740872265544162,280.74861111109044,5.6374596465398525,881.1562500001552,6.781234965488861,284.41875000065187,5.650447624028247,902.5385416667754,6.805211394743135,291.2343750000776,5.674128355372398,807.4875000001242,6.69392757510099,272.097916666884,5.606161989261852,640.4968750003027,753.2687500003958,1171.2734374996508,6.462244242324578,6.624422069835218,7.065846844024482,645.1979166671323,720.0729166669771,1173.6249999995343,6.469557117273634,6.579352480030901,7.067852528578315,626.3937499998137,852.8562500006519,1164.21875,6.439979166976455,6.748591010430379,7.059805540188101,651.453125,769.7062500002794,1286.4562500000466,6.479205444628762,6.646008948554439,7.159646624147859,629.5406250006054,736.8312500005122,1056.090624999255,6.44499038674856,6.602358897180274,6.962329279712039,43.10350814053165,0.12551097759047813,45.26679780094876,0.13871174507374906,37.17054924415056,0.20846516989740826,48.879511205391424,0.08651209806424076,49.27775195756029,0.0897419543229403,46.784213232975205,24.283603415609996,46.39909048609745,17.857518088552006,63.309596210477075,32.40191669791648,49.87019514169907,34.23126635263233,46.00047469940465,17.892533358471944,0.07638888888888884,0.17708333333333326,0.0,-0.02083333333333337,-8.613513386340678,-2.7860022843254058,8.096248556798201,-0.3982407521688671,0.8083274583839046,0.005956494373191679,-0.0697534248236592,-0.003229856258699537,-6.929270166446997,3.718827495628233,-16.910505724379625,3.8697204422944225,13.409457643513122,-17.146337673244133,-14.544398609364471,16.338732994160388,-59.691666666314745,-123.61666666623205,-34.85763888894064,95.05104166665114,-0.06227161526614999,-0.13114356276588168,-0.040362699944698655,0.11128381964214462,20.95208333256761,148.90520833277452,-3.6701388895614286,19.136458333193616,-0.8155172927517591,-0.7389157216179172,-0.9350868292158367,False,False,False,C,0,0,0,0,0,0,0,0,1,1,1,1,1,1,6,True,True,True,True,False
12642121,C,0.0,0.9583333333333334,0.9895833333333334,0.9270833333333334,0.010416666666666666,0.07291666666666667,0.8125,0.8125,0.8125,0.8229166666666666,0.8020833333333334,930.8250000000212,6.8360712896837175,529.4432291666637,6.2718259433664425,937.6930555555801,6.843422662570685,546.8812499999981,6.3042316856179985,910.2208333333447,6.813687244063011,477.12916666666086,6.167787243889009,989.5520833333525,6.897252399668867,585.065625000001,6.37172402042739,872.0979166666899,6.770901707360335,473.82083333332656,6.160829261491067,831.0500000000247,870.8671875000144,1090.5578125000243,6.7226899615171485,6.7694894824474225,6.994444598908647,851.1666666667053,889.9749999999864,1071.9375000000484,6.746607957419634,6.791193372444002,6.977223037692345,770.6999999999828,813.5437500000985,1146.418749999953,6.647299192783925,6.701399705176246,7.044398231927972,866.7250000000203,999.2656249999998,1102.6656250000376,6.764721740768734,6.907020634196726,7.005485822795495,795.3750000000291,742.4687500000291,1078.4500000000114,6.6788137015529925,6.609980782249101,6.983280104068394,45.401396705729454,0.2357569429665754,49.99276507747058,0.22130184639353317,49.99999928748698,0.19480059400838656,41.177619986277634,0.669534639807029,48.36185455152654,0.23275349399696754,43.720240081675094,21.525314088118385,46.57298044049159,15.13944943688055,42.397709193844385,27.6881084344603,40.00138332458354,20.502595069769416,48.62451251692232,12.635228885608901,0.0,0.96875,0.96875,0.96875,0.03125,0.03125,0.7864583333333334,0.7708333333333334,0.8333333333333334,0.7604166666666666,0.8125,786.1541666666502,6.66715291399338,366.116145833342,5.902950621402669,796.4784722221989,6.680200101015223,359.36458333333326,5.88433742562428,755.1812500000042,6.626957786662911,386.37083333336824,5.956797616397674,810.5656249999691,6.697732306435857,407.91354166668793,6.011055244268871,761.7427083333314,6.635608845563137,324.3187499999961,5.781726828478194,708.6156250000349,685.1468749999476,964.6999999999684,6.563313242710468,6.529633231336705,6.871817172176475,724.7999999999882,693.7312499999922,970.9041666666166,6.585895754728753,6.54208463766837,6.878227767917633,660.0625000001749,659.3937499998137,946.0875000000241,6.492334527506958,6.49132085227881,6.8523350594891195,708.7781249999827,735.3687499999648,987.5499999999597,6.563542536794289,6.600372074083352,6.895227128404826,708.4531250000871,634.9249999999302,941.8499999999772,6.563083896038812,6.453506881680798,6.847846026228204,49.99999875503114,0.22691841377013494,51.333080221978335,0.27667782039214106,47.21399995437746,0.1541645024154379,47.02169688413487,0.20898813195495675,57.465559314984816,0.7677868664188401,47.85081724106666,19.62961036200844,47.99355635981866,20.896165063172848,48.69447167927718,11.480046204135233,47.72578919191069,21.26851362009478,49.141903337725914,11.717451352950354,0.0,0.02083333333333326,-0.0625,-0.05208333333333337,-0.007234210016399345,-7.184234565248907,4.1190802676008715,-10.443862430849947,0.026501252385146612,0.43678114581006144,0.12251331797670317,-0.5587987344638834,4.175271246647206,-8.62312919233878,-0.7009153194585167,-1.4161141458152215,-12.54865899757975,7.867366184160515,9.416118859037615,9.551062267144426,27.472222222235473,117.45416666666256,41.297222222194705,48.82291666663775,0.029735418507673472,0.1263506923085318,0.05324231435231219,0.06212346087272014,69.75208333333723,111.24479166667442,-27.00625000003498,83.59479166669183,0.8339646498285891,-0.5034562124961646,0.4328144569516443,True,False,True,C,0,0,4,6,9,4,6,2,1,1,1,1,1,1,6,True,True,True,True,False
12642557,C,0.0,0.9322916666666666,0.8958333333333334,0.96875,0.10416666666666667,0.03125,1.0,1.0,1.0,1.0,1.0,661.527604166496,6.49455171233892,451.20468749998446,6.111921089092616,653.9868055557212,6.483087176262429,449.26944444411333,6.107622806739524,684.1499999988204,6.528177191824095,457.010416667598,6.124706184217801,736.5083333333023,6.60192055061573,535.9458333334575,6.284033098750479,586.5468749996895,6.374252588172963,366.46354166651145,5.903899039343099,617.9062499997672,668.0781249995343,698.5984375001863,6.426336746920726,6.504405120290225,6.549076095754407,604.6791666668529,649.241666666232,708.0395833340784,6.404698014340464,6.475805015137007,6.5625000007948415,657.58749999851,724.5874999994413,670.2749999985099,6.488577835043225,6.585602527414361,6.507688075933342,660.8749999995343,786.5343749993481,762.1156250010245,6.49356471455491,6.6676364278361175,6.636098283021961,574.9375,549.6218749997207,635.0812499993481,6.354261339237376,6.3092305417895105,6.453752943462315,58.14451928847923,0.9847214084862568,56.62391377632203,0.5467237876702288,58.53744280617195,0.8955695778176689,58.16257739805608,0.8795325546270165,57.82476263923946,0.9808086063598878,0.0,39.247,0.0,39.247,0.0,39.247,0.0,39.247,0.0,39.247,0.0,0.921875,0.84375,1.0,0.15625,0.0,0.9947916666666666,0.9930555555555556,1.0,0.9895833333333334,1.0,610.7937499997206,6.414759340809677,420.71197916714783,6.041948464560348,616.3604166665011,6.42383188442501,423.06527777885395,6.0475264881302175,594.093749999379,6.387037135190855,413.65208333202963,6.025025242084356,598.8874999997206,6.395073767454206,440.2281250002173,6.08729305846488,622.6999999997206,6.434064861877958,401.1958333340785,5.994449670525571,574.0031249998137,606.4531249993015,651.9250000000466,6.352634840555293,6.407627437679698,6.4799295246353426,576.5916666664804,600.1041666660458,672.3854166669771,6.3571343325616745,6.397103251257558,6.510831712820644,566.2374999998137,625.4999999990686,590.5437499992549,6.33901360149807,6.438551329905477,6.3810437226460905,546.9843749995343,595.6499999994412,654.0281250001863,6.3044202371136935,6.389653246244432,6.483150355119968,601.0218750000932,617.2562499991618,649.8218749999069,6.398631331543533,6.425284253729574,6.4766982868726,57.36465869002585,0.4064060765777979,55.7335539818638,0.34838614213619956,59.567283277317415,0.18348900829179482,58.80444400952081,0.7477568509812561,57.81296536355597,0.5721984972126498,80.0006637398833,7.449203246668654,80.00066375791121,7.4486511574672125,0.0,39.247,80.0006637398833,7.449203246668654,0.0,39.247,0.0,0.0,-0.00694444444444442,-0.01041666666666663,-1.9135290298499257,0.33781475881662004,-3.8337292954536153,0.9914786459648397,-0.3488457901474401,-0.10127605173287124,0.16489713384440474,0.1755583537686063,0.0,0.0,80.00066375791121,80.0006637398833,0.0,0.0,-31.79834884253279,-31.797796753331347,-30.1631944430992,149.96145833361277,22.26666666712208,-23.8125,-0.04509001556166581,0.22766796244276666,0.036794749234155155,-0.038991094423751704,-7.740972223484675,169.48229166694603,9.41319444682432,39.0322916661388,0.5038427866404032,-0.0189719896019253,-0.6869782393586265,True,True,False,C,19,46,58,60,70,39,41,2,1,1,1,1,1,1,6,True,True,True,True,False
12642560,C,0.0,0.9635416666666666,0.9791666666666666,0.9479166666666666,0.020833333333333332,0.052083333333333336,0.8541666666666666,0.8333333333333334,0.9166666666666666,0.8229166666666666,0.8854166666666666,1143.9447916666977,7.042237911742632,736.6015625000388,6.602047125241459,1138.9777777777958,7.037886452965191,737.6631944444962,6.60348734433774,1158.8458333334036,7.055179817523619,733.4166666666666,6.597713980585811,1259.8781249999595,7.138770269076736,860.1593750000078,6.757117691845417,1028.011458333436,6.935381592191742,613.0437500000698,6.418436303699537,980.628124999974,1073.704687500096,1377.5015625000228,6.888193310225342,6.9788702721752705,7.228026675327714,961.5666666666319,1048.4541666667212,1406.9125000000342,6.8685638987319395,6.955072136145437,7.2491528661258675,1037.8125000000005,1149.4562500002216,1289.2687499999884,6.944870411571066,7.04704428345303,7.1618304761644564,1048.6437499998724,1223.8250000000412,1507.1656249999653,6.955252941564355,7.10973647899436,7.317986096369843,912.6125000000757,923.5843750001513,1247.8375000000806,6.816311365528662,6.82826215984065,7.129167332118263,47.86601029521462,0.3376864026041635,47.65839119070163,0.2541066757323488,50.34637344898945,0.9999999999845802,48.75935378975631,0.2970901976643385,43.40787739490855,0.7946442575228,46.597976716427354,27.93842436905104,47.36554906067103,23.02323260690936,24.48801977103599,79.2414074424264,47.57162667754136,32.52081761937684,46.83049804813808,20.397542698403637,0.0,0.8958333333333334,1.0,0.7916666666666666,0.0,0.20833333333333334,0.8020833333333334,0.8194444444444444,0.75,0.78125,0.8229166666666666,1061.6390625000106,6.967569278215208,618.8484375000602,6.427860392138472,1031.2173611111098,6.938495287316373,622.7500000000388,6.434145154142352,1152.9041666667138,7.05003940030707,607.1437500001242,6.408765583450508,1088.872916666626,6.992898418847478,642.4937500000427,6.465357089095669,1034.4052083333954,6.941581862570064,595.2031250000776,6.388902733841251,931.8859375000177,1072.4312500000378,1180.5999999999767,6.837210422539345,6.977683546183448,7.07377806280657,929.2062500000271,1044.5333333333447,1119.9124999999574,6.834330727089762,6.951325493683523,7.021005836237185,939.9249999999886,1156.1250000001173,1362.6625000000354,6.845800084846824,7.0528291748745255,7.217195785480841,938.4749999999767,1147.3218749999942,1180.8218749999073,6.844256217419203,7.045185701127295,7.073965979250414,925.2968750000587,997.5406250000815,1180.3781250000466,6.8301146319663015,6.9052928747518285,7.073590111043498,39.55117566083225,0.7880593403122913,39.07824538803747,0.9626239332372832,41.99051078311795,0.6817275447796248,42.823360601162236,0.1342144374898685,43.02333536664461,0.08630037622129882,40.610595047423786,29.16834549165903,39.140557619470904,25.97074445358896,44.34932729833694,36.63861091384841,38.956353688595975,29.058087237250632,42.55067806755164,28.549670406289934,-0.08333333333333326,-0.0625,0.06944444444444442,-0.04166666666666663,-2.6879822582878248,5.351476394847758,-2.9122653950804747,-0.19997476548237358,-0.7458933242522314,-0.4975540598584615,0.2808963884576584,0.047914061268569674,22.87752928963504,0.7411286294032777,-5.208769678866034,-3.594324378955662,-56.21817483551703,12.123274920973206,-10.66786646025945,0.508416830960698,-19.868055555607725,231.86666666652354,-121.686805555604,54.467708333230576,-0.017293364558428337,0.20338867688499374,-0.11154411299069711,0.05131655627741427,4.246527777829556,247.11562499993795,15.606249999914553,47.290624999965075,-0.1466489908256871,-0.1022259450753131,1.0074309759564544,False,True,True,C,24,22,19,15,20,-5,-9,-4,1,1,1,1,1,1,6,True,True,True,True,False
12642591,C,0.0,0.9427083333333334,0.9583333333333334,0.9270833333333334,0.041666666666666664,0.07291666666666667,0.8541666666666666,0.8680555555555556,0.8125,0.7291666666666666,0.9791666666666666,696.9880208360652,6.5467682238639995,326.16197916741174,5.787394126580065,711.7055555631719,6.567664280321087,333.04861110614405,5.808288458624233,652.8354166547457,6.481325055632193,305.5020833512147,5.721956598068642,791.9635416840514,6.674515357527657,476.46874999751645,6.166402138566968,602.0124999880792,6.40027820919305,175.855208337307,5.169660976549665,622.9046875014901,672.7374999932945,795.3218750134112,6.434393517519135,6.511355208971066,6.678746906945582,651.4791666666666,660.7750000009935,822.8625000218552,6.47924541856576,6.493413388562806,6.712789115056657,537.1812500059606,708.6249999701975,712.6999999880791,6.286335560849261,6.5633264726024105,6.569060574491099,723.6031250432134,778.2499999925494,874.0375000163912,6.58424307225589,6.657047809312144,6.773123280932335,522.206249959767,567.2249999940396,716.606250010431,6.258062624710769,6.340756050399695,6.574526526588933,47.07871569938479,0.2647752099083746,47.79756796154489,0.22054529647124588,42.63190949034279,0.9841716267299846,41.425923438778575,0.8030366054178534,51.20461880166631,0.30411310074207865,67.4798495492761,61.67135472367693,75.19438834537002,82.81163533379288,66.34565027142638,34.445758733169285,67.56359455111598,66.07915285396781,70.0007,11.912211139334351,0.0,0.9479166666666666,0.9583333333333334,0.9375,0.041666666666666664,0.0625,0.9895833333333334,0.9930555555555556,0.9791666666666666,1.0,0.9791666666666666,489.8244791664183,6.194047121150836,188.27708333109808,5.237914725288554,483.33263889120684,6.180705109968665,192.9201388888888,5.262276315130476,509.29999999205256,6.2330372338749545,174.3479166577259,5.161052823854546,475.09062498807907,6.163505575285236,175.07708332687616,5.165226353095949,504.5583333447575,6.223683459164507,201.47708333532,5.305675644573145,441.510937500745,493.2406249977648,534.7218750007448,6.090202793238277,6.200997138128614,6.281746751910353,436.32500000298023,476.58541666468,537.0875000059604,6.07838737851773,6.166646965507193,6.286161023518193,457.0687499940394,543.2062499970195,527.6249999850987,6.124833817203319,6.297489082063824,6.268385804074421,394.5562499910593,484.387499973178,546.3281249999998,5.977761715650246,6.18288520617087,6.303219756778295,488.4656250104307,502.0937500223517,523.1156250014901,6.191269100553291,6.218786855288125,6.259802519939049,49.55650227217896,0.23158148020999475,50.55667473550445,0.22058973845891772,42.53311084530285,0.7681899527720082,49.99999928748698,0.19480059400838656,48.75935378975631,0.2970901976643385,60.13982070639128,10.147887409437871,110.20865963215462,11.890502233541753,59.99990002101213,7.4436456778371305,0.0,39.247,60.13982070639128,10.147887409437871,0.05555555555555558,-0.25,0.01388888888888895,0.02083333333333337,5.1656584712021,-9.778695362887731,8.0235638902016,1.240645497730668,-0.7636263302587387,0.49892350467577473,-0.5476002143130905,-0.10228960365595191,8.848738073943636,-2.4371054488840116,50.20875961114249,-60.13982070639128,48.365876600623594,54.16694171463346,4.446856555704622,29.09911259056213,58.870138908426156,189.9510416959722,-25.96736110084572,-29.46770835667843,0.08633922468889388,0.2742371483346071,-0.052332123906289496,-0.06017788387927059,27.546527754929343,300.6135416602094,18.572222231162897,-26.40000000844384,-1.3532010266175516,-0.7307621778575762,0.1425633493555456,False,False,True,C,2,51,48,69,51,46,67,21,1,1,1,1,1,1,6,True,True,True,True,False
12642640,C,0.0,0.9427083333333334,0.90625,0.9791666666666666,0.09375,0.020833333333333332,0.9947916666666666,0.9930555555555556,1.0,0.9895833333333334,1.0,446.031770833278,6.100390184535161,244.92187500002424,5.500939282141548,447.26666666661754,6.103154986460568,246.4256944444561,5.507060505623848,442.3270833332595,6.092049615948432,240.4104166667288,5.482347532282747,476.29270833324216,6.166032598710505,315.5479166666919,5.754310545779621,415.77083333331393,6.0301342270600475,174.29583333335665,5.160754047095989,406.23124999992433,443.69062499993004,488.1734374999796,6.006922578732485,6.095127529020171,6.190670747424925,402.13749999993405,441.8208333332441,497.8416666666744,5.996794069937574,6.090904445449701,6.210282088051185,418.5124999998952,449.29999999998813,459.1687499998952,6.036706758061478,6.107690816076087,6.1294177895535205,420.534374999872,481.52812499992433,526.8156249999302,6.0415262239906635,6.176964640747108,6.266850629641742,391.9281249999767,405.85312499993586,449.53125000002916,5.971078468387058,6.005991333066504,6.108205373185987,54.874084924170575,0.18391946035223083,54.62420571784659,0.16694214175792155,58.36756366663253,0.6729896195018519,55.52856437758178,0.17777324954154516,50.00005308493112,0.19215469418418152,80.0006637398833,7.449203246668654,80.00066375791121,7.4486511574672125,0.0,39.247,80.0006637398833,7.449203246668654,0.0,39.247,0.0,0.9010416666666666,0.8020833333333334,1.0,0.19791666666666666,0.0,0.9947916666666666,0.9930555555555556,1.0,1.0,0.9895833333333334,414.5031249999981,6.027080513750786,172.76510416670746,5.151932892496923,414.8312500000013,6.027871811029701,176.0979166667288,5.17104018503314,413.51874999998836,6.024702858054787,162.7666666666434,5.092317682399362,413.91874999998254,6.025669698525888,163.78958333334114,5.098582575583251,415.08750000001356,6.028489341379885,181.74062500007378,5.202580533240455,377.6437500000029,385.262499999968,480.6031250000234,5.933951290907172,5.953924920137102,6.175041825570083,375.59791666668997,383.76874999998836,485.12708333332574,5.928519200637921,5.950040157642622,6.184410884105669,383.7812499999418,389.74374999990687,467.0312500001165,5.950072728810506,5.965489471888608,6.146396171918561,379.8562499999535,403.64999999993597,458.25000000005826,5.939792891677112,6.000548165840866,6.127414886719942,375.43125000005233,366.87500000000006,502.9562499999885,5.9280753652270715,5.905021190582361,6.2205031881856865,60.25016990851998,0.8919472934654644,50.71365138708986,0.214684415174402,59.999999999999964,0.9991622278358729,60.27446341907738,0.9156572518841639,58.06608656319144,0.16567812365346246,110.2074389038946,11.886116930447225,110.20865963215462,11.890502233541753,0.0,39.247,0.0,39.247,110.20497549345149,11.883683381633523,-0.00694444444444442,-0.01041666666666663,-0.00694444444444442,0.01041666666666663,-3.7433579487859348,5.528511292650663,-9.286348612910103,2.2083768558859376,-0.5060474777439303,-0.014381444642636354,-0.7844778126614709,0.7499791282307015,80.00066375791121,80.0006637398833,110.20865963215462,-110.20497549345149,-31.79834884253279,-31.797796753331347,-27.356497766458247,27.363316618366476,4.93958333335803,60.52187499992823,1.3125000000129603,-1.1687500000310251,0.011105370512136226,0.13589837165045715,0.003168952974914596,-0.0028196428539963847,6.015277777727306,141.25208333333524,13.33125000008539,-17.951041666732635,0.8529442111744991,-0.0330781145516407,1.0963983433961484,True,True,True,C,64,40,50,44,29,-14,-20,-6,1,1,1,1,1,1,6,True,True,True,True,False
12642686,C,0.0,0.8177083333333334,0.75,0.8854166666666666,0.25,0.11458333333333333,0.6770833333333334,0.6875,0.6458333333333334,0.84375,0.5104166666666666,665.682812499998,6.500813299586251,399.5479166666337,5.990333699607488,636.4750000000156,6.4559451399283905,400.0736111110762,5.991648557954639,753.3062499999454,6.624471851624452,397.9708333333062,5.986378719516956,719.2749999999747,6.578243760256481,447.68124999999424,6.104081483646186,612.0906250000213,6.4168803516149495,351.41458333327313,5.861966675555707,596.4015625000176,739.0734374999884,661.5734374999884,6.390914202773163,6.605397290165165,6.494620994021977,584.1854166666745,678.783333333345,646.4562500000272,6.3702184267298305,6.520301979925676,6.471505523841663,633.0500000000465,919.943749999918,706.9249999998717,6.450549407966336,6.824312526869443,6.560924578232519,651.5781250000002,870.5124999999243,635.7343749999999,6.479397304955034,6.769082118668528,6.454780826729263,541.2250000000349,607.6343750000523,687.4124999999767,6.293835088873559,6.409573344170771,6.532934548713559,47.871107348659216,0.09550685529390157,45.667336988050664,0.17240554468707642,61.638214335595585,0.06323181280490253,42.21535145472642,0.09510588818044075,58.46519327696528,0.9032334895640224,75.4263406468182,72.97121269658027,82.03095759541625,84.04100659714835,65.60396055508593,51.07006375999718,51.90758742702651,37.35080881578132,85.6278543121076,74.64105273761545,1.0,0.8638743455497382,0.7708333333333334,0.9578947368421052,0.22916666666666666,0.042105263157894736,0.6178010471204188,0.625,0.5957446808510638,0.5473684210526316,0.6875,601.6408376963565,6.399660652140867,342.7586387434331,5.837026522336132,609.1284722222287,6.412029201491735,340.51527777774675,5.830459993240111,578.7000000000673,6.36078420857991,349.631914893621,5.856880929356205,571.3347368421915,6.347975267036525,343.2842105263158,5.838558706182261,631.6312499999572,6.448305758674863,342.23854166662204,5.835507984182608,611.6062499999824,601.9380952381484,591.3828125000291,6.4160886931001135,6.400154608190948,6.382463544601788,600.2749999999455,630.9000000000815,596.210416666659,6.39738788354675,6.447147371376893,6.390593652856955,645.6000000000931,509.25999999996276,576.9000000001395,6.470180116955883,6.232958691634712,6.357668941263086,535.8687500000524,588.283870967826,590.3812500001222,6.283889261682507,6.377209605155677,6.380768514652089,687.3437499999125,615.165625000023,592.3843749999359,6.532834530982966,6.421891540492501,6.384155706286067,56.84889273596509,0.23685438869071035,58.901534136548236,0.8505310756035594,62.129229480142875,0.0796092266930103,61.01716811362597,0.8672230566920622,50.00001599869373,0.3372413472761242,80.22391527060886,58.6965613744236,77.33028979569472,54.84506920967774,91.13106448307488,69.56537291583365,87.30553396365403,59.899706189069434,69.54599362216919,46.80381348396013,0.04166666666666663,0.33333333333333337,0.0292553191489362,-0.14013157894736838,-15.97087734754492,-16.249841822238864,-3.2276953435946396,11.017152114932237,0.10917373188217389,-0.8081276013835816,0.7709218489105492,0.529981709415938,16.42699704033032,-33.72026688508109,-13.800774687380155,17.759540341484836,32.97094283715117,-37.29024392183413,-14.72030370615591,13.095892705109307,-116.83124999992981,107.18437499995343,30.428472222161304,-60.29651315776562,-0.16852671169606115,0.16136340864153187,0.05124499291182527,-0.10033049163833763,2.1027777777700294,96.26666666672111,-9.116637115874255,1.0456688596937624,0.7141152444151713,0.9389797095574504,1.3890508557342451,True,True,True,C,25,42,75,83,95,50,58,8,1,1,1,1,1,1,6,True,True,True,True,False
12642779,C,1.0,0.7801047120418848,0.8315789473684211,0.7291666666666666,0.16842105263157894,0.2708333333333333,0.675392670157068,0.75,0.44680851063829785,0.75,0.6,1248.1094240917582,7.129385224646449,586.7015706831248,6.374516293076901,1162.2687500135767,7.058129192953861,552.153472226527,6.313826037029967,1511.1106382887408,7.320600181490718,692.5510638267436,6.540381973720923,1166.1687500153978,7.061479082009369,653.1166666696469,6.481755775905686,1330.912631579449,7.193620175053144,519.5873684230605,6.253034974306683,1189.5746031753602,1299.985937502235,1253.8531250208614,7.081351045872456,7.1701087260851475,7.13397658915045,1136.1541666736205,1127.318750008941,1223.3333333581684,7.035404300173332,7.027597304582208,7.109334652400808,1360.519999980926,1817.9874999821172,1345.4125000089402,7.215622258578996,7.505485399016381,7.20445593647219,1052.0125000104308,1272.5218750014901,1173.9718750342727,6.958460275366256,7.148755938847837,7.068148043571499,1331.5741935391575,1327.45000000298,1333.7343750074501,7.194117125473391,7.191015087625575,7.1957380874638925,42.40816592774692,0.6176918088757665,53.18245992316945,0.22042552906366075,62.2224820761939,0.001970807610357783,41.21344298723761,0.9912100930282951,60.078454271449864,0.14240576394325072,35009.8547899306,15129.038112520067,39.278791312924426,336.6717439977695,17457.229862464457,5061.285389137484,51.52864024393433,113.63821101243592,33954.40665809996,11944.022548065324,0.0,0.8125,0.9166666666666666,0.7083333333333334,0.08333333333333333,0.2916666666666667,0.5989583333333334,0.6944444444444444,0.3125,0.71875,0.4791666666666667,1162.4661458320918,7.058299015172595,494.62083332364756,6.203791475760372,1058.6749999937085,6.9647734051985175,465.0368055436346,6.142116554161766,1473.8395833472412,7.295626235990441,583.3729166636863,6.368826633085007,1086.3645833333337,6.990592156248494,418.6083333194256,6.036935717409125,1238.5677083308499,7.121710917060317,570.6333333278695,6.346746855103048,1128.8312499932947,1187.1359375007453,1171.4312500022352,7.028938084415939,7.079298909957123,7.065981570781691,999.8499999890731,1186.8270833343267,989.3479166577259,6.907605267720084,7.079038708626731,6.897046056067521,1515.77500000596,1188.0625000000007,1717.6812500357623,7.32368213830483,7.080079107966373,7.448730549844777,1131.6593749970198,1051.5062500014903,1075.9281250014906,7.031440308002326,6.957978939016188,6.98093894016487,1126.0031249895696,1322.765625,1266.9343750029793,7.0264295839973565,7.187479994226287,7.144355383401943,46.58685679060106,0.1653172511297103,47.878792547212285,0.2339970081038364,35.55639774446947,0.33748750741308897,50.06279156147872,0.9992108980676049,38.3886940401355,0.09711148792789237,50.92413875510966,213.24291848097045,49.67526330130089,138.17709194737037,48059.78721063034,31392.2090844025,249.5856908837516,618.6950433791544,42.06692440780211,168.21698799724047,0.30319148936170215,0.15000000000000002,0.3819444444444444,0.23958333333333331,-9.040022153024445,-18.86501128421225,12.322394802742814,11.67409752134322,0.21845472145330297,0.8488043290850444,-0.10349049930925258,0.9020994101397125,-17417.951071151532,-33902.87801785602,-48010.11194732904,207.5187664759495,-4724.613645139715,-11830.384337052888,-31254.03199245513,450.4780553819139,-348.84188827516414,-164.7438815640512,-415.16458335353263,-152.20312499751617,-0.26247098853685724,-0.1321410930437743,-0.3308528307919234,-0.13111876081182317,-140.39759160021663,133.52929824658634,-118.33611112005167,-152.02500000844395,0.0657120419221004,0.3771853517802681,0.9166960265568088,True,True,True,C,69,81,64,79,98,-5,10,15,1,1,1,1,1,1,6,True,True,True,True,False
12643239,C,2.0,0.5894736842105263,0.5157894736842106,0.6631578947368421,0.4842105263157895,0.3368421052631579,1.0,1.0,1.0,1.0,1.0,606.7915789444196,6.408185369567301,159.6368421065808,5.072901498642991,614.7471830966607,6.42121109889249,145.38521126878095,4.9793868492579065,583.2562499940395,6.368626626650451,201.79791666840535,5.307266784121944,465.69473684085045,6.1435303483158155,159.64526315927506,5.072954248562621,747.8884210479887,6.617253797125628,159.62842105388654,5.072848745940659,660.8064516061736,572.3218749994412,588.9343749983237,6.493460985485641,6.349701551643587,6.378314759784287,613.5869565178517,626.5729166654249,604.0333333325884,6.419321992522432,6.440265154898718,6.403629384048769,796.5624999850991,409.56875000148995,543.6374999955297,6.6803055945517285,6.015104776873092,6.298282664436902,493.51290321926905,467.5062500014901,436.9343750011176,6.201549004872698,6.147412717626522,6.079783012196547,828.0999999930782,677.1374999973921,740.9343749955299,6.719133920031296,6.517874354206257,6.607912058615105,79.42510214263666,0.13837233936458343,59.75688729762596,0.8801583273965401,51.51246787361559,0.1772570260303324,59.45704808314501,0.07848369350154877,98.42346018550413,0.9166291659604106,0.0,39.247,0.0,39.247,0.0,39.247,0.0,39.247,0.0,39.247,0.0,0.5729166666666666,0.5833333333333334,0.5625,0.4166666666666667,0.4375,1.0,1.0,1.0,1.0,1.0,321.72291666455567,5.773690667842578,157.5343750001242,5.059643688420798,324.7458333327538,5.783042825084269,145.83680555679732,4.982488226378441,312.65416665996105,5.745097680839461,192.6270833301047,5.26075610905281,318.0906249973923,5.762336326448403,122.06770833271243,4.804575877119007,325.3552083317191,5.784917534209107,193.0010416675359,5.262695586131439,296.3390624988824,355.25468749925494,313.57499999552965,5.691504280175943,5.872834961821206,5.748038565896483,274.4250000007451,381.4291666684051,318.38333332911134,5.614677999576095,5.943925162891635,5.76325610752829,362.08124999329436,276.7312499918043,299.1499999947846,5.891868634136489,5.623046818586443,5.7009451198186065,282.76874999888236,393.9593749977648,277.5437499955296,5.644629425791015,5.976247794839092,5.625978578401377,309.90937499888247,316.55000000074506,349.6062499955297,5.736279916026618,5.757481206992489,5.856807521183162,59.769436424697815,0.7999440663955145,61.4398878462993,0.5687795517113902,49.35641371868999,0.8630485863359543,62.274118287607706,0.9648242766185775,38.569396493635296,0.9234634851495696,0.0,39.247,0.0,39.247,0.0,39.247,0.0,39.247,0.0,39.247,0.0,0.0,0.0,0.0,8.244419424010367,-38.966412102359115,12.083474127609307,23.70472179397241,0.7029013013662078,-0.8381454724588617,-0.2942690346245641,0.04136079146900795,0.0,0.0,0.0,0.0,0.0,0.0,0.0,0.0,31.49093310262117,-282.19368420713823,12.091666672792769,-7.264583334326801,0.05258447224203877,-0.4737234488098121,0.03794514424480866,-0.02258120776070438,-56.4127053996244,0.016842105388519713,-46.790277773307395,-70.93333333482347,0.2303564837671112,0.6040664788051351,0.1038047996951871,True,True,True,C,61,71,43,75,72,-18,14,32,1,1,1,1,1,1,6,True,True,True,True,False
12643280,C,0.0,0.9791666666666666,0.9791666666666666,0.9791666666666666,0.020833333333333332,0.020833333333333332,0.9739583333333334,0.9722222222222222,0.9791666666666666,0.9895833333333334,0.9583333333333334,803.0270833333294,6.688388441065828,553.2213541667152,6.315758200214641,797.3270833332919,6.681264987742876,562.4055555555582,6.332223218747021,820.1270833334423,6.709459307925119,525.6687500001864,6.264671261508736,784.2499999999806,6.664727847070763,563.5885416666473,6.334324449205093,821.8041666666782,6.711502126607639,542.8541666667832,6.2968407141882095,691.2109374999998,798.8296875000234,919.0406249999651,6.538445041294047,6.683147765973767,6.823330327036932,684.6624999999376,813.5833333333723,893.7354166665658,6.528926016115319,6.701448359437719,6.795409776858664,710.8562500001865,754.5687499999767,994.9562500001634,6.566470229334237,6.626146394003687,6.902698766342809,652.793749999895,890.1625000000352,809.793750000012,6.481261229461747,6.791404030329409,6.696779585613242,729.6281250001048,707.4968750000116,1028.2874999999183,6.592534986537027,6.561733212546524,6.935650076175573,49.99999959741909,0.27081257813477067,48.66691977870913,0.2766778204367551,57.465559314984816,0.7677868664188401,49.99999959741909,0.27081257813477067,49.99999959741909,0.27081257813477067,66.2417503379847,41.794145680187334,73.88009246663519,26.648704367503548,59.99990002101213,7.4436456778371305,80.0006637398833,7.449203246668654,60.000115276891215,38.42334036690413,0.0,0.9114583333333334,0.90625,0.9166666666666666,0.09375,0.08333333333333333,0.8229166666666666,0.8402777777777778,0.7708333333333334,0.84375,0.8020833333333334,867.2479166665968,6.765324883617624,398.8005208333684,5.988461344088256,860.795138888889,6.757856542190005,388.82638888892785,5.963132942939747,886.6062499997201,6.787400971688001,428.72291666668997,6.060810828360621,883.826041666655,6.784260257827887,481.7239583333723,6.17737124944183,850.6697916665386,6.746024029379014,315.87708333336445,5.755353161122665,719.0749999999534,789.5546874998834,1093.1140624999534,6.577965663824722,6.671469099820978,6.996785840005214,764.4645833333876,792.1666666666279,1025.7541666666514,6.639175697720976,6.6747718073859055,6.933183393382436,582.9062499996505,781.7187499996502,1295.1937499998596,6.368026367244236,6.661495021122131,7.1664155768421,703.850000000093,795.8406250000114,1151.7874999998603,6.556565265274107,6.679398945948481,7.049070362434988,734.2999999998138,783.2687499997555,1034.4406250000466,6.5989176644573115,6.663475868262347,6.941616100661742,49.80171788813648,0.13227354282715775,47.81023026017232,0.14037425123899516,56.42439494354415,0.14728231388361512,42.29416810512459,0.23487626520356653,56.53845110217931,0.1556900988579501,53.32238011277915,33.95288702750043,53.109454734072386,35.276111802920774,53.69045932246768,31.070504145881486,49.82989265059619,11.903583452415482,58.668673530192955,36.33112645584616,-0.00694444444444442,0.03125,0.06944444444444442,0.04166666666666663,-8.798639536275687,0.0,-8.614164683371833,-14.244282997054718,-0.491109045982085,0.0,-0.006908062644619961,0.07918616634561643,13.88019244562306,20.00054846299208,-0.5810045883952952,-8.838780879596762,19.205058689666416,-30.974137120235476,4.2056076570392875,-24.427543003430678,-22.800000000150476,-37.5541666666976,-25.81111111083112,33.156250000116415,-0.028194320182243438,-0.046774279536876406,-0.02954442949799585,0.038236228448872644,36.7368055553718,20.734374999864144,-39.89652777776212,165.84687500000786,0.1088466606840028,-0.6100595668218317,-0.7495451380281098,True,False,False,C,6,4,0,3,2,-6,-3,3,1,1,1,1,1,1,6,True,True,True,True,False
12643404,C,0.0,0.8697916666666666,0.8333333333333334,0.90625,0.16666666666666666,0.09375,0.3125,0.3402777777777778,0.22916666666666666,0.375,0.25,510.2526041659682,6.234905905382894,201.82552083209157,5.3074035658901195,493.9631944439477,6.202461009238079,193.93888888766782,5.267543103704929,559.1208333320295,6.326365609602785,225.48541666536275,5.418255485744428,598.0145833333954,6.3936151404984205,227.7239583316259,5.4281341863823,422.4906249985409,6.0461672571984755,175.9270833325572,5.170069609945673,470.74999999813735,500.6625000005588,559.3453124992084,6.154327167533305,6.215932221385439,6.326767014993605,445.40208333202946,490.3750000006209,546.1124999991929,6.098977432252897,6.195170404530983,6.30282499847533,546.7937499964611,531.5250000003725,599.0437499992549,6.304071674639007,6.27575023336513,6.39533463384436,529.8437499990686,605.3875000015832,658.8124999995343,6.272582151758255,6.405868748871289,6.490438972014701,411.65624999720615,395.9374999995344,459.8781249988824,6.020188656423314,5.9812563705142825,6.130961508724237,49.72695755260849,0.13122274155086472,53.41886038945184,0.1076751486743151,41.093698897515004,0.8967767615044853,46.19746829634815,0.22927623451061674,54.34737715531323,0.08333152635282676,71.1357988619839,89.41358609884736,69.76402923108567,83.464046305247,77.14752888542309,112.30137683504837,67.02755947433121,79.40512141751984,76.5526961655483,101.7991218225091,0.0,0.8854166666666666,0.9583333333333334,0.8125,0.041666666666666664,0.1875,0.2760416666666667,0.2847222222222222,0.25,0.28125,0.2708333333333333,495.76093750043464,6.206093829688926,173.07135416807918,5.153703961301509,495.586805555866,6.205742526228401,182.82847222354678,5.208548403037637,496.2833333341405,6.207147000192197,143.80000000167635,4.968423445298604,489.69791666589055,6.19378870439228,172.96770833448196,5.153104920049072,501.82395833497867,6.2182493775812935,173.17500000167638,5.154302643918349,474.3171875011176,486.2250000007916,526.7406249993946,6.161876269842651,6.186671479730797,6.266708254707965,484.4708333344509,506.95625000043464,495.3333333327125,6.18305723000266,6.228424707955464,6.205230936608341,443.85625000111764,424.03125000186265,620.9624999994412,6.09550074875149,6.049807155350619,6.431270693635812,462.13750000018626,519.6624999982305,487.293749999255,6.135862465849998,6.253179562393886,6.188867123991004,486.4968750020489,452.78750000335276,566.1874999995343,6.187230478176959,6.115422920508258,6.338925295428684,40.00441384641167,0.2442331313971151,39.99997697058147,0.7635297278245146,40.334113298655694,0.14266629260762775,39.53035538586455,0.3799015855958955,43.40985022596644,0.09942497739500739,63.21506749050764,92.01862172248825,62.54370169912002,91.1459201414725,65.37321233482172,94.79149589931622,69.05118805946319,89.06236350944563,56.47682028682599,93.52319731611958,0.11111111111111113,0.125,0.03472222222222221,0.010416666666666685,12.325161491936832,-8.149908858965084,-0.3341363280742229,-3.8794948401018843,-0.7891016128301702,0.14594470815778998,0.6208634352168868,0.2804766082008881,-7.383499654337413,-9.525136691217085,-2.829510635701695,12.574367772637196,-28.837330529801378,-22.394000404989256,-3.645575757843716,-4.460833806673946,-65.1576388880818,175.5239583348545,-0.6965277782744579,-12.126041669088124,-0.12390460036470596,0.347447883299945,-0.0014044739637961712,-0.02446067318901335,-31.546527777694934,51.796874999068706,39.02847222187043,-0.2072916671944256,0.4350297429127563,0.4471495795901692,1.454950693773365,True,True,True,C,20,64,85,100,80,65,80,15,1,1,1,1,1,1,6,True,True,True,True,False
12643461,C,1.0,0.8691099476439791,0.8947368421052632,0.84375,0.10526315789473684,0.15625,0.5287958115183246,0.5244755244755245,0.5416666666666666,0.5263157894736842,0.53125,613.0994764397906,6.418527200812627,321.11989528502465,5.771814558955002,593.4804195811698,6.386004222066858,319.5601398573889,5.7669454872698624,671.5479166644315,6.509585371071114,325.76666666318965,5.786181378666007,581.7978947363401,6.366123127519559,363.08842104924355,5.8946463887607425,644.0750000004967,6.467815178951558,279.58854166418314,5.633319028347454,569.3187499968335,595.1619047636077,674.5375000014901,6.344440470592682,6.388833477377132,6.514027270842903,542.6312499952813,581.8893617061858,655.6791666696469,6.29642999162812,6.366280329498919,6.485671594109096,649.38125000149,634.1499999947846,731.11249999702,6.476019986448546,6.452285519505215,6.594567346673312,552.0843749977648,551.3645161274941,640.9937500022352,6.313700887853047,6.312396144193088,6.463019706486606,586.5531249959022,637.590625004843,708.0812500007452,6.374263243694594,6.457696423799593,6.562558846997366,54.56058201696056,0.12563089949587014,50.00399705166091,0.2716587639581851,57.34030469407179,0.15963796165827215,57.763792817258576,0.8370433131324229,59.47759901429278,0.09716647445982679,88.73364345445876,65.04843179220788,89.4394943704602,64.19657767627565,85.80947206346909,65.89685035823825,84.32532206615593,60.75489497066175,93.75970733707882,68.96217262954931,0.0,0.890625,0.8333333333333334,0.9479166666666666,0.16666666666666666,0.052083333333333336,0.5520833333333334,0.5486111111111112,0.5625,0.5625,0.5416666666666666,623.5614583368102,6.43544733016907,268.17135416933644,5.591626157422632,596.1881944470936,6.390556379717989,277.8923611156643,5.627233848481722,705.6812500059605,6.559163648298507,239.0083333303531,5.476498418814671,625.1822916672876,6.438043273877608,274.50104167126125,5.614955055737508,621.940625006333,6.432844629993581,261.84166666741174,5.5677399953858195,518.8015625057742,620.4687499990687,731.4140625055882,6.251521464206786,6.430475240764125,6.594979732363354,517.2437500072023,586.6479166634381,684.6729166706405,6.248514233434627,6.374424838620572,6.528941230314231,523.4750000014901,721.9312500059602,871.637500010431,6.260489273681227,6.581929912760569,6.770373626479996,500.63125000335276,655.6874999962746,719.2281250022354,6.215869802145898,6.485684303486023,6.578178588346957,536.9718750081956,585.2500000018626,743.6000000089407,6.285945718850869,6.372039106374203,6.611503255859312,59.504466190749525,0.1503905589214063,59.42486499585053,0.15420627989583724,59.658827032025876,0.1421035716944537,57.97900619746134,0.08369053923977815,58.33581718666407,0.14230882286555985,89.604653751585,56.33202872696691,89.48761435947591,56.32470059340461,89.95076771009475,56.32339986504496,89.68068653675492,54.05347229161667,89.45898754392157,58.4453175082377,-0.01719114219114215,-0.004934210526315819,-0.01388888888888884,0.02083333333333337,-7.33630764241088,-1.7138061970342022,-0.23396203617534894,-0.35681098920273513,0.11202080229991296,0.739876838672596,0.012102708201383539,-0.0586182836257817,3.6300223069911084,-9.434385270922888,-0.463153350618839,0.22169899283335326,-1.700272681962602,-8.207277658887563,0.0013007283596451202,-4.391845216621029,-78.06749708326163,-62.2771052641566,-109.4930555588669,3.2416666609545928,-0.12358114900425576,-0.101692051431999,-0.16860726858051844,0.005198643884027021,-6.206526805800763,83.49987938506041,38.88402778531119,12.659375003849505,-0.2329883492699123,-0.5845357592265807,-0.7643018716390064,False,False,False,C,18,31,19,21,33,1,3,2,1,1,1,1,1,1,6,True,True,True,True,False
12643580,C,0.0,0.6302083333333334,0.6458333333333334,0.6145833333333334,0.3541666666666667,0.3854166666666667,0.9947916666666666,1.0,0.9791666666666666,0.9895833333333334,1.0,474.1916666666743,6.161611600019856,312.96458333334886,5.74609003184833,450.6750000000111,6.1107464588881255,315.91875000001164,5.755485060272705,544.741666666664,6.300311676170619,304.10208333336044,5.7173634454765585,548.6989583333442,6.307549945636564,389.26458333333477,5.964259275223183,399.68437500000437,5.99067517313432,236.6645833333629,5.46664387851173,457.19531250002194,534.248437499995,431.13125000000593,6.125110679243473,6.280860969534231,6.0664125681075785,391.6020833333605,515.5749999999972,444.84791666667553,5.970246230696751,6.245282782690105,6.097732463453275,653.975000000006,590.2687499999888,389.9812499999971,6.48306912442687,6.380577941661831,5.966098661044875,526.2937500000263,619.6156249999989,500.1875000000075,6.26585951693301,6.429099326107251,6.21498302812728,388.0968750000175,448.88124999999127,362.07500000000437,5.961254986294047,6.106758376147428,5.891851372686932,57.95442971764138,0.9951346903285943,56.37992679585952,0.8866167508926233,38.74220586349619,0.14977147279871011,57.225470233433974,0.98093033621154,68.38746344683587,0.989504729137697,110.2074389038946,11.886116930447225,0.0,39.247,110.20448402679936,11.882756279705013,110.20497549345149,11.883683381633523,0.0,39.247,0.0,0.625,0.625,0.625,0.375,0.375,1.0,1.0,1.0,1.0,1.0,385.1223958333419,5.953561195020142,197.26614583333745,5.28455381104445,380.3006944444546,5.94096224097634,205.03125000000642,5.323162406545182,399.5875000000039,5.990432765003858,173.97083333333046,5.15888766064288,354.066666666656,5.8694852193201585,177.94062499999566,5.181449927230346,416.1781250000278,6.0311133537124055,216.5916666666793,5.378013860450405,454.1437500000067,344.8875000000007,356.3359375000183,6.118413777880624,5.843218276896928,5.875873930562275,398.8437500000147,367.6812499999991,374.37708333334996,5.988569736183001,5.907216394349997,5.925263533684547,620.0437499999827,276.50625000000565,302.2125000000233,6.42979004006568,5.622233424685244,5.711130412318816,394.08437500000593,354.88749999995343,313.22812500000873,5.976565036117358,5.871800837842971,5.746931758935575,514.2031250000075,334.887500000048,399.4437500000279,6.242618372215126,5.813794654529223,5.990072954291756,49.996262973864624,0.5825674690019184,50.00000630630093,0.9008618472143899,54.67439071615522,0.1416760027587573,50.00000630630093,0.9008618472143899,58.82244654605632,0.16727767206663724,0.0,39.247,0.0,39.247,0.0,39.247,0.0,39.247,0.0,39.247,0.02083333333333337,-0.01041666666666663,0.0,0.0,17.63772093236333,-11.161993213401892,-4.674384409854291,-8.822440239755387,0.7368452780939132,-0.008574392926157026,0.7591858444556325,0.7335841751477526,-110.20448402679936,110.20497549345149,0.0,0.0,27.364243720294986,-27.363316618366476,0.0,0.0,-94.06666666665285,149.01458333333983,-19.28680555554928,-62.11145833337184,-0.18956521728249331,0.31687477250224383,-0.049470524027517726,-0.161628134392247,11.816666666651201,152.59999999997186,31.060416666675962,-38.651041666683625,-1.1610325078492485,-0.4261418779403738,-1.1761849943643077,False,False,False,C,0,0,0,0,0,0,0,0,1,1,1,1,1,1,6,True,True,True,True,False
12654538,D,0.0,0.9114583333333334,0.8958333333333334,0.9270833333333334,0.10416666666666667,0.07291666666666667,0.703125,0.7013888888888888,0.7083333333333334,0.7291666666666666,0.6770833333333334,785.8031250002483,6.666706283955658,328.68593749947223,5.795102697581191,798.2402777781504,6.682409652100929,312.0763888884749,5.7432479940230055,748.4916666665425,6.6180600704196735,378.5145833324641,5.936254601415228,713.4270833344199,6.570080235947416,341.77083333255723,5.8341404344850405,858.1791666660769,6.75481289664645,315.6010416663873,5.754478889556853,503.9562499998137,713.3640624992549,1140.0890625016764,6.222489458747623,6.569991896689929,7.0388616633384125,496.32083333314705,718.7270833328366,1179.6729166684672,6.207222559010675,6.577481707544591,7.0729924897716545,526.8624999998137,697.2749999985099,1021.3375000013039,6.266939603681921,6.547179881007894,6.928868321819792,484.6593750002794,651.1625000000931,1004.4593750028869,6.183446324608495,6.47875922703525,6.912204740433552,523.2531249993481,775.5656249984168,1275.7187500004657,6.26006533359561,6.653592601858228,7.151265024249563,50.000000446352125,0.14424077110343297,51.831616037948194,0.10706851991727634,41.89831581155328,0.9993571363575613,44.05882565915952,0.288832347878011,58.75698822369943,0.7609323312530567,53.09026473623059,39.428466771652964,53.768342405580206,39.238890505915826,50.419009848896025,37.23626550054298,55.66641912412455,39.47526151884567,50.70704635459316,37.881162940971066,1.0,0.9424083769633508,0.9368421052631579,0.9479166666666666,0.06315789473684211,0.052083333333333336,0.8324607329842932,0.8531468531468531,0.7708333333333334,0.9263157894736842,0.7395833333333334,691.6628272255678,6.539098592982103,391.6769633504577,5.970437426970014,675.6265734271569,6.515640517237617,391.48601398538875,5.969949790617482,739.4375,6.605889762013882,392.2458333338921,5.971888769080986,601.830526316009,6.399975887927768,409.8536842096792,6.015800228224623,780.5593750006519,6.660010810093024,373.6895833335196,5.923425461694375,575.6468749998603,624.6142857150426,873.6796875006985,6.355494408458817,6.4371343163694315,6.7727138182077615,544.1979166663563,620.5234042561434,861.0104166679084,6.29931299809183,6.430563322315523,6.7581066026912575,669.9937500003724,636.6312500005587,911.6874999990688,6.507268383983849,6.456190602553883,6.815297277845411,525.0843749991618,562.9387096781885,716.2531250007451,6.263558963962584,6.333170758409313,6.574033631022217,626.2093750005588,684.3625000007451,1031.106250000652,6.43968478003632,6.528487747998968,6.9383875339938905,50.779429864244975,0.19079160171061393,52.167172732856706,0.21845491760013225,47.21399995437746,0.1541645024154379,52.82671154333845,0.2662549791878901,41.51136438709226,0.8986827177015699,55.64617332706832,30.302124338464868,53.58750134527772,27.089685900890487,59.809956507074496,32.388965785643954,59.9982775515194,8.526890644478064,53.491840606657796,35.8864180057625,-0.006944444444444531,0.05208333333333326,0.08231351981351975,0.18673245614035083,9.933300226394913,-14.698162564539913,4.953172778479242,11.31534715624619,-0.892288616440285,-0.4720999833750457,0.06429041518469436,-0.6324277385136798,3.349332556684182,4.959372769531392,-6.222455161796773,6.506436944861605,2.002625005372849,1.594098577874604,-5.299279884753467,-27.359527361284435,49.74861111160783,-144.752083331657,-63.81092657284307,-178.7288486846429,0.06434958168125515,-0.1847326606990336,-0.09024924477626506,-0.26003492216525625,-66.43819444398918,26.169791666169942,-0.7598193485033562,36.16410087615964,-0.4519541852720274,-0.8070935340213276,-0.2459268671080705,False,False,False,D,27,29,26,43,11,-1,16,17,1,1,1,1,1,1,6,True,True,True,True,False
12654553,D,0.0,0.9322916666666666,0.9166666666666666,0.9479166666666666,0.08333333333333333,0.052083333333333336,0.8645833333333334,0.8680555555555556,0.8541666666666666,0.84375,0.8854166666666666,733.3916666693985,6.597679892972996,342.22083333320916,5.8354562401812435,711.9895833374726,6.568063281160955,320.9118055568801,5.771166336335595,797.5979166651765,6.681604606639675,406.14791666219634,6.006717420005034,768.0937500037253,6.643911796015048,350.06354165946453,5.858114685604159,698.6895833350718,6.549206556809903,334.3781250069539,5.812272463421788,533.8218750003726,626.6921875085682,1039.660937499255,6.280062215899178,6.4404554910743705,6.946649917343479,531.9666666686535,573.3708333447574,1030.6312499990065,6.276580830740766,6.351532685997115,6.9379267575758945,539.3874999955299,786.6562500000003,1066.7499999999995,6.290434236531901,6.667791367738453,6.972371922068109,535.7718750014903,609.2625000067055,1159.24687500298,6.283708464134214,6.412249209334984,7.055525827562075,531.8718749992549,644.1218750104308,920.0749999955297,6.276402623868319,6.467887955110023,6.824455188454642,52.25040005498592,0.1677342358073199,48.60687573680444,0.18429803260607303,60.08980173472469,0.9687461267826654,50.00005308493112,0.19215469418418152,50.13260430228441,0.15943789793280672,51.152739811238334,27.01215587220867,48.76017273213041,25.590688908534496,52.95032838191702,14.258403070391324,50.1701835830128,11.888988779805931,52.57447854221125,32.81322213103605,1.0,0.9267015706806283,0.9789473684210527,0.875,0.021052631578947368,0.125,0.806282722513089,0.8125,0.7872340425531915,0.8631578947368421,0.75,878.2827225168338,6.777968549224216,380.0246073332132,5.940236006763878,873.4027777802613,6.772396821468044,390.6916666717994,5.967918672608572,893.2340425608003,6.794848632272411,347.34255318946026,5.850311477984243,939.2326315854725,6.845063192492283,374.2189473679191,5.924841046892479,817.9677083343267,6.706822859459631,385.76979167386907,5.9552407969235315,608.1539682641861,764.8546874970198,1257.6187500040978,6.410428087183642,6.639685864799275,7.136975330918203,587.7125000084438,808.5166666656733,1223.9791666666667,6.376237882761895,6.69520129310979,7.10986244223025,673.566666682561,633.8687499910594,1358.5375000163904,6.512586976374938,6.451841914064301,7.214164032472457,613.3451612995515,856.2343750037255,1337.9343750067055,6.418927846476503,6.752544141239103,7.1988821924051365,603.1250000111759,673.4749999903141,1177.3031250014901,6.4021244721117805,6.51245087562222,7.070981614460557,45.87693052104054,0.18663945748932703,45.89187047670395,0.21341604411906656,45.24918923071568,0.1430414248525047,48.36185455152654,0.23275349399696754,42.901848978866255,0.1474767813826519,44.2165843446057,30.260733622154767,42.51729522694821,31.529762888389,49.4880207082307,11.833881915908337,47.07381826513869,30.281244601576894,42.74147596729437,29.582722867384142,0.01388888888888895,-0.04166666666666663,0.025265957446808485,0.11315789473684212,-11.482925997920248,-0.13255121735329567,0.6426812459882711,5.460005572660286,-0.7844480941765923,0.0327167962513748,0.07037461926656186,0.08527671261431563,-4.190155649786611,-2.4042949591984524,-6.970725481282493,4.3323422978443205,11.332285838143171,-20.924233351230118,19.695880972480666,0.6985217341927523,-85.60833332770392,69.40416666865349,-19.83126478053896,121.26492325114577,-0.1135413254787192,0.09470523920514484,-0.02245181080436698,0.13824033303265182,-85.23611110531624,15.68541665251064,43.349113482339135,-11.550844305949965,-0.4626505377333663,-0.3281787080899501,0.0374129164640306,False,False,True,D,24,26,30,25,41,6,1,-5,1,1,1,1,1,1,6,True,True,True,True,False
12654558,D,0.0,0.8958333333333334,0.9583333333333334,0.8333333333333334,0.041666666666666664,0.16666666666666666,0.9583333333333334,0.9583333333333334,0.9583333333333334,0.9166666666666666,1.0,673.5776041665328,6.512603214404091,227.46354166661817,5.426989969138105,663.8541666664855,6.49806249684023,234.52708333324537,5.457571075175823,702.7479166666745,6.554998245238205,206.2729166667365,5.329200130153858,749.0218749999962,6.6187681886982155,272.4572916667288,5.607481873991691,598.1333333330695,6.393813694537448,182.46979166650752,5.206584634206725,608.1249999999416,682.199999999808,730.4078124998489,6.410380452940173,6.525322869984264,6.593603025417214,615.9354166665578,652.0749999997983,723.5520833331008,6.423142114963331,6.480159585985669,6.584172531501397,584.6937500000931,772.5749999998375,750.9750000000934,6.371088205882307,6.649729091437656,6.6213723622621,690.9062500001162,812.6624999998604,743.4968750000121,6.538004141625661,6.700315894206387,6.611364562797916,525.343749999767,551.7374999997556,717.3187499996857,6.264052810232888,6.313072389691732,6.575520302480821,41.30370687122129,0.19120377718524134,39.33067768747618,0.22637436565607105,48.480609499433235,0.2185457841992347,49.93163225326742,0.027889515857933755,47.21399995437746,0.1541645024154379,31.335213781668006,12.712515722334322,30.852952087439256,11.682273596183538,40.13969357896168,10.147859676237669,31.335213781668486,12.712515722336713,0.0,39.247,1.0,0.8848167539267016,0.9789473684210527,0.7916666666666666,0.021052631578947368,0.20833333333333334,0.9895287958115183,0.986013986013986,1.0,0.9895833333333334,0.9894736842105263,683.9502617801633,6.527885198282895,259.67539267018634,5.559432361272879,675.4622377622484,6.5153972531910815,260.79370629378445,5.5637296974522,709.2375000002017,6.564190449282967,256.34374999988347,5.546519317202569,686.6312500000155,6.531797394115463,282.2843749999301,5.642914984807799,681.2410526316811,6.523916212139545,236.82842105276103,5.467335917145539,624.8761904762673,747.5875000000234,678.4640625000757,6.437553534874976,6.616851355270441,6.519831511770587,633.7489361701572,720.0395833333024,671.7291666667833,6.451652876277013,6.579306187350738,6.509855233492949,598.8125000004658,830.2312500001863,698.6687499999533,6.39494852741187,6.721704276442899,6.54917673863854,586.6125000000466,747.6062500000116,725.6749999999882,6.374364465556078,6.6168764356320855,6.58710225619364,664.3741935484952,747.568750000035,631.2531250001632,6.49884553524561,6.616826274279756,6.447706931072624,39.278569995015616,0.15416870509886788,38.37512564181065,0.12275848422842839,39.912991886328925,0.9999929582549929,41.33015727672103,0.2331464389020627,35.327337503368945,0.12639302409521574,80.0006637398833,7.449203246668654,80.00066375684594,7.448683937627037,0.0,39.247,80.0006637398833,7.449203246668654,80.0006637398833,7.449203246668654,0.0,-0.08333333333333337,-0.013986013986013957,0.00010964912280708727,-9.149931811957053,2.71763229888996,-1.537866244518277,6.002819773352087,0.007828581456836348,-0.12627498655750413,-0.8772344740265645,0.10675341480684697,-9.286741491522427,31.335213781668486,80.00066375684594,0.0,1.5344139199458695,-26.53448427766329,-31.79831606237296,0.0,-38.893750000189016,150.8885416669267,-33.77526223795337,5.390197368334384,-0.056935748397974884,0.22495449416076774,-0.048793196091885704,0.007881181975918139,28.254166666508866,89.98750000022127,4.449956293900982,45.455953947169064,-0.1700855316996263,-0.088005570192446,-0.7761173220736904,False,True,False,D,27,24,21,21,22,-6,-6,0,1,1,1,1,1,1,6,True,True,True,True,False
12654559,D,0.0,0.8645833333333334,0.90625,0.8229166666666666,0.09375,0.17708333333333334,0.8541666666666666,0.8541666666666666,0.8541666666666666,0.84375,0.8645833333333334,547.0260416666673,6.304496409454503,242.10416666666666,5.489368074314982,540.6180555555561,6.292713032388487,249.63194444444332,5.519987610856058,566.250000000001,6.339035676797246,219.52083333333667,5.3914471406916515,525.9583333333344,6.265221995404918,237.11458333333454,5.4685434982795575,568.0937500000003,6.342286457918336,247.09374999999878,5.509767819271196,424.2343750000016,475.82812499999966,741.0156250000008,6.05028607373664,6.165056707092869,6.608021711443544,418.4791666666681,476.14583333333456,727.2291666666656,6.036627107726661,6.165724179857956,6.58924165023644,441.5000000000018,474.874999999995,782.3750000000064,6.090178020044019,6.163051611507779,6.662334165244873,392.7187499999995,466.18750000000296,718.9687500000007,5.973093706815416,6.144587913715388,6.577817893633243,455.75000000000364,485.46874999999636,763.0625000000009,6.12194441355878,6.185114919027414,6.637339941429075,46.90544818263079,0.08827774509358632,44.33686249523992,0.12762438414938942,53.15518597050267,0.07280956549291301,38.39916994171886,0.12392760631851918,56.59994705093279,0.1106155321351916,46.49571845375479,26.488079234169433,45.518055116615464,17.079121262223747,51.09201775549238,11.496639595455875,46.37407401136302,24.787372364427412,48.34168222928003,54.895996104774724,1.0,0.9109947643979057,0.90625,0.9157894736842105,0.09375,0.08421052631578947,0.8900523560209425,0.9090909090909091,0.8333333333333334,0.8947368421052632,0.8854166666666666,696.7382198952895,6.546409759000312,309.6282722513104,5.735372456187462,663.8041958041971,6.4979872201520035,315.42657342657543,5.753925924076153,794.8541666666683,6.678158659672362,292.35416666666697,5.677965966843246,772.0736842105243,6.649079991338664,412.96842105263096,6.0233711276953406,622.1875000000049,6.433241494258524,207.36458333333698,5.334478516186115,546.7187500000014,522.9682539682532,1017.8125000000036,6.303934502002065,6.259520762353114,6.925410995470556,558.2083333333367,518.1702127659562,912.0000000000018,6.324732249929046,6.250303784356892,6.815639990074334,512.2499999999955,537.0625000000005,1335.250000000009,6.2388127871190004,6.286114475073442,7.196873819219887,562.0312499999973,559.9354838709661,1187.6249999999982,6.331557453329993,6.327821569719041,7.079710793526912,531.4062500000055,487.15625,848.0000000000091,6.275526794641579,6.188584913512955,6.742880635791914,47.59564972948146,0.1398621625776485,45.0270396080331,0.2074967615691682,57.8357951233256,0.07696235500789572,44.51533438617041,0.2140549647208046,49.99999434858453,0.11726738405463638,49.65735662856024,30.928977678520834,48.10891905584607,25.758057659415627,53.652414073963875,34.43483855886107,53.760658463492454,41.7584455018791,49.76739457820807,11.894977372564677,0.0,-0.02083333333333337,0.07575757575757569,0.009320175438596534,-8.818323475262751,-18.20077710921393,-12.808755515292503,-5.484659962414121,0.054814818656476416,0.013312074183327582,0.13053440656127246,0.09678758066616822,-5.573962638876914,-1.967608217917011,-5.543495018117802,3.993263885284385,5.5824816667678725,-30.108623740347312,-8.67678089944544,29.863468129314427,-25.631944444444912,-42.13541666666595,-131.04997086247124,149.88618421051945,-0.04632264440875922,-0.07706446251341781,-0.1801714395203584,0.21583849708014036,30.111111111106652,-9.979166666664241,23.07240675990846,205.60383771929398,0.3110008531887724,0.7665614741371196,-0.486353717948079,True,True,False,D,0,0,0,0,0,0,0,0,1,1,1,1,1,1,6,True,True,True,True,False
12654589,D,1.0,0.9633507853403142,0.9473684210526315,0.9791666666666666,0.05263157894736842,0.020833333333333332,0.9528795811518325,0.9440559440559441,0.9791666666666666,0.96875,0.9368421052631579,781.6942408334522,6.661463667709637,230.2732984333138,5.439266857565982,775.8510489513824,6.653960554531392,234.38181819282212,5.456951487257583,799.102083315452,6.683488701454295,218.03333331644538,5.384647956221602,816.2416666572293,6.70471047123651,238.4729166701436,5.474255746941718,746.7831578957407,6.615774859050834,221.98736842557003,5.402620481269552,640.5546875111759,642.814062487334,1066.158730147377,6.462334500223018,6.465855510548974,6.971817496218178,643.5000000198681,621.6708333243928,1068.47872339411,6.466922027067056,6.432410745785832,6.9739911619676915,631.718749985099,706.2437499761583,1059.3437499850986,6.448444279251556,6.559960432830213,6.965404891594584,657.6718750149012,711.4968749731781,1079.5562499836087,6.488706136757868,6.56737102535326,6.984305356039289,623.4375000074506,574.1312500014901,1052.3290322519117,6.435248519530234,6.352858028720369,6.958761112696143,53.37739373082914,0.3047346360725256,51.964013672993495,0.32280273670687815,58.36756366663253,0.6729896195018519,58.05154924036155,0.9863225966946266,51.131562927652354,0.23955051796979504,52.93632040290336,39.50351883710715,50.38339397622277,43.85561386429589,59.99990002101213,7.4436456778371305,59.88705141618965,9.566659625071042,48.46955573355235,33.59492766086367,0.0,0.9635416666666666,0.9375,0.9895833333333334,0.0625,0.010416666666666666,0.9791666666666666,0.9791666666666666,0.9791666666666666,1.0,0.9583333333333334,806.6338541693985,6.692869853005799,263.37135416517657,5.573565029276483,797.845138884253,6.681914517068875,271.3416666686535,5.603378789400845,833.0000000248351,6.725033642196657,239.4604166547457,5.478388128263571,892.6031249960264,6.794142053192879,277.2052083288631,5.624758056204398,720.6645833427707,6.580173818698148,249.53750000149012,5.519609204504744,717.1281249970198,747.6781250052156,955.0953125059601,6.575254520586614,6.616972571198618,6.861811139171838,711.7687499920527,756.67916666468,925.0874999960259,6.567753069319491,6.6289393414920506,6.829888327628938,733.2062500119207,720.6750000268225,1045.1187500357623,6.597427040222618,6.58018827286866,6.951885794340644,790.7624999806285,883.8718749955301,1003.1750000119205,6.672997669813745,6.784312114345285,6.9109252493248405,643.493750013411,611.4843750149012,907.0156249999995,6.466912314500143,6.415889402903636,6.810159677089133,53.14966239578015,0.2614611307883345,52.85472641825921,0.24396767941526476,57.465559314984816,0.7677868664188401,50.007248269870644,0.19548391077722355,50.89924088444915,0.2460257062503804,51.385751014613305,14.890272562561167,70.33764133796507,93.09661647988966,59.99990002101213,7.4436456778371305,0.0,39.247,51.385751014613305,14.890272562561167,-0.03511072261072257,0.03190789473684208,0.0,0.04166666666666663,-6.403549993639032,6.919986312709199,-4.610832896725604,-0.8919926145785055,-0.35018688279497373,0.7467720787248315,-0.5238191870035753,-0.05054179547315685,-9.61650604478936,11.417495682637302,10.337741316952936,-51.385751014613305,36.41196818645876,-24.028268035792628,85.65297080205254,24.356727437438835,-23.251034364069596,69.45850876148859,-35.15486114058217,171.9385416532557,-0.029528146922903176,0.0889356121856757,-0.04311912512778182,0.21396823449473157,16.348484876376745,16.48554824457358,31.88125001390779,27.667708327372964,-0.406820006027327,0.6776139594020929,-0.6850155588432665,False,True,False,D,0,5,23,30,7,23,30,7,1,1,1,1,1,1,6,True,True,True,True,False
12654595,D,0.0,0.9479166666666666,1.0,0.8958333333333334,0.0,0.10416666666666667,0.9114583333333334,0.9236111111111112,0.875,0.9270833333333334,0.8958333333333334,585.2968749996895,6.372119197140071,268.48124999917735,5.592781079105225,575.27916666617,6.354855430222354,272.6888888881852,5.608331544203647,615.3500000002483,6.422191211618749,255.8583333321537,5.544623905884063,590.7468749992549,6.381387626166026,288.13645833265036,5.663434181576736,579.8468750001242,6.362764060063578,248.82604166570437,5.5167540244619735,459.83906249981374,524.8171874994878,771.2343749997672,6.130876564135567,6.263049987664261,6.647992315694786,455.99166666623205,528.7520833328987,741.0937499993792,6.122474534492644,6.270519670462226,6.6081271355111175,471.3812500005589,513.0124999992549,861.6562500009312,6.155667214574278,6.240300211344194,6.758856409227573,481.63437499897555,563.4624999994412,727.1437499993481,6.177185268106421,6.334100782905925,6.589124188385443,438.0437500006519,486.17187499953434,815.3250000001862,6.0823187912344245,6.186562213642689,6.703586806758402,41.177619986277634,0.669534639807029,40.95653109598081,0.534045770485847,42.53311084530285,0.7681899527720082,41.177619986277634,0.669534639807029,41.177619986277634,0.669534639807029,47.70117973589365,11.248591564594141,48.2317728357955,11.419993916779653,39.99993336078038,7.439846731765648,47.92820094724438,11.324310401058248,47.51909299464508,11.190405651008994,0.0,0.90625,0.9895833333333334,0.8229166666666666,0.010416666666666666,0.17708333333333334,0.9427083333333334,0.9444444444444444,0.9375,0.9791666666666666,0.90625,706.6781250001708,6.560575293489376,370.7578124996896,5.9155490529462345,700.6541666666874,6.552014422457443,367.10624999987584,5.905651315691218,724.7500000006208,6.585826767802621,381.71249999913084,5.944667707444291,763.6708333333954,6.638136849903276,356.316666666884,5.875819848578917,649.685416666946,6.476488271377748,385.19895833249524,5.953759975695224,587.7218750000466,675.3171875006519,856.9953124998137,6.376253834297434,6.515182487908992,6.753432448920994,587.9583333330229,633.2520833338301,880.7520833332092,6.376656083709287,6.450868578783724,6.780776182626678,587.0125000011176,801.5125000011176,785.7249999996272,6.37504611432218,6.686500567687343,6.666606858435436,627.5750000011176,753.1625000000931,910.2749999989755,6.441863185777896,6.624281007970657,6.8137467516594095,547.8687499989755,597.4718750012107,803.7156250006519,6.3060357509604215,6.392707211570104,6.689245506364335,40.0476140558127,0.26439119990371507,40.07572970968859,0.24782507549968108,49.27775195756029,0.0897419543229403,40.95653109598081,0.534045770485847,39.35788950190317,0.8047181812452633,34.00005253152819,14.209176063674438,39.9832294045534,8.47802947804593,30.852952084321924,11.68227357483564,39.99993336077985,7.439848718813114,34.00004195245572,15.0989412242156,0.04861111111111116,0.03125,0.00694444444444442,0.07291666666666663,-1.5765797493220433,0.0,-9.202022247871703,1.598641594077634,-0.23414418228616118,0.0,0.15808312117674078,-0.2706724107594163,8.231839475015121,0.40910795259929955,9.130277320231475,5.999891408324132,3.9801471850140047,0.13390475004925406,-3.2042440967897114,-7.659092505402486,-40.070833334078316,10.899999999130728,-24.095833333933456,113.9854166664494,-0.06733578139639462,0.01862356610244742,-0.03381234534517841,0.16164857852552839,16.8305555560315,39.310416666946,-14.606249999254999,-28.882291665611262,1.4358925932189996,0.2234849753171166,0.1753795595135578,True,True,True,D,31,41,45,54,40,14,23,9,1,1,1,1,1,1,6,True,True,True,True,False
12654607,D,1.0,0.8848167539267016,0.8020833333333334,0.968421052631579,0.19791666666666666,0.031578947368421054,0.6387434554973822,0.6083916083916084,0.7291666666666666,0.6041666666666666,0.6736842105263158,508.9434554973881,6.232336920983545,195.70104712041837,5.276588225028586,512.890909090928,6.240063169712752,196.47972027971767,5.280559221299976,497.1833333333004,6.208958838023427,193.38125000000582,5.264663628991516,508.03020833330316,6.2305409110335335,221.1999999999971,5.3990672696481665,509.86631578951585,6.234148565454462,169.93368421052827,5.135408268064996,385.8781250000029,463.09843750000425,680.5349206349312,5.955521581267025,6.137939639479728,6.522879136917334,388.45833333335275,478.7145833333584,674.8744680851183,5.962185913948798,6.17110456038682,6.514526700370136,378.13749999995355,416.24999999994185,697.1625000000058,5.935257886089824,6.031286041294514,6.547018525624454,383.24999999997095,492.9406249999737,647.899999999965,5.948687517751848,6.20038873068415,6.473736363455857,388.5062500000349,433.25625000003487,714.2225806452186,5.962309257194477,6.071329354342869,6.57119465135786,56.077147426758884,0.812978174309313,62.7245102204627,0.1411438741697733,50.04584850218125,0.08404732341507909,62.222530351232066,0.13191820442380936,59.8508662366018,0.1951877852966254,57.339517921637345,41.19395747416044,55.83408274304216,42.35345467959102,62.10256615888875,33.28662254684444,56.72053081950595,46.610401800693026,58.02436417783085,36.7259033620788,0.0,0.9583333333333334,0.96875,0.9479166666666666,0.03125,0.052083333333333336,0.59375,0.6041666666666666,0.5625,0.625,0.5625,531.0666666666777,6.2748875626394005,263.493749999999,5.574029648535024,525.1298611111156,6.263645586501907,272.19652777778293,5.606524333992666,548.8770833333645,6.307874524517337,237.38541666664727,5.469685050914853,536.1458333332994,6.284406201178901,293.1072916666405,5.680538725150972,525.9875000000561,6.265277448196887,233.8802083333576,5.454809054077372,411.1187500000233,511.07812499998545,671.0031250000246,6.018882102204608,6.236522465014791,6.508773794188891,411.37291666668415,477.42916666663933,686.5875000000232,6.019500142933899,6.168415806857619,6.531733675206866,410.35625000004075,612.0250000000235,624.2500000000291,6.017025684860282,6.416773131351242,6.436550929159929,435.8499999999768,563.3406249999243,609.2468749999971,6.077298147457531,6.333884462952088,6.412223563234873,386.38750000006985,458.81562500004645,732.7593750000522,5.9568407519187945,6.128648440909069,6.5968173737773945,48.18048759076983,0.25193827316736495,41.962226759000735,0.983524665641239,54.58003406963128,0.18740140972006508,54.85161468125733,0.6606321664544752,46.19189306551355,0.19951182205865153,64.14744030004925,57.21535070077979,64.75957493290078,61.18278016596877,63.32495432785539,49.172292520320504,69.29832680154398,60.18456507335499,59.81204344972731,51.53318164971613,-0.12077505827505819,-0.06951754385964914,0.04166666666666663,0.0625,12.678661718281447,2.3716641146302635,-12.617807310630546,8.659721615743784,0.05709655075469422,-0.06326958087281603,0.796123255921174,0.46112034439582367,-6.268483415846589,-1.3038333583248942,1.4346206050453887,9.486283351816667,9.066832132746576,9.884498438614223,12.010487645648269,8.651383423638862,15.707575757627524,-1.8361074562126873,-23.747222222248865,10.158333333243263,0.031104331689325804,-0.0036076544209286965,-0.04422893801543015,0.019128752982013886,3.0984702797118473,51.26631578946882,34.81111111113566,59.227083333282906,-0.14576050803104,0.1542906778563806,-0.2984821230502816,False,True,False,D,57,66,77,71,58,20,14,-6,1,1,1,1,1,1,6,True,True,True,True,False
12654665,D,0.0,0.953125,0.90625,1.0,0.09375,0.0,0.7239583333333334,0.7222222222222222,0.7291666666666666,0.6979166666666666,0.75,774.0052083333225,6.651578602679907,179.9666666666635,5.192771648556114,767.7951388888711,6.643522951326117,188.57569444444056,5.23949948832308,792.6354166666762,6.675363363919869,154.13958333333235,5.037858577175909,800.3031249999816,6.684990562151059,199.15625000000492,5.294089692514592,747.7072916666633,6.617011580087064,160.77708333332214,5.080018830004595,617.6656249999978,696.7046874999869,1007.6453124999825,6.425947251161427,6.5463616301603995,6.915371514189794,632.4791666666521,689.7520833333207,981.1541666666404,6.449647281982766,6.536332233510842,6.888729599783575,573.2250000000348,717.5624999999854,1087.1187500000083,6.351278309797118,6.5758600518540105,6.991286126784523,617.3718750000116,704.3593749999711,1079.1781249999617,6.425471557094606,6.5572887017618005,6.9839550350438975,617.959374999984,689.0500000000028,936.1125000000031,6.426422719050988,6.535313837321158,6.841735661562771,57.002214573561595,0.38789195508155244,56.82489847731169,0.8640233139501414,59.31970507317235,0.7508884996139805,56.58943884644672,0.7940190286362183,50.69661527293961,0.1166840710282891,63.4292059193169,31.472032418703144,62.89075763847919,32.42177413353918,65.00996845244228,28.185098617724677,62.487839779253925,34.1525189928836,64.51692325960057,28.191598563552123,1.0,0.9738219895287958,0.968421052631579,0.9791666666666666,0.031578947368421054,0.020833333333333332,0.6282722513089005,0.6293706293706294,0.625,0.5578947368421052,0.6979166666666666,953.1193717277457,6.859740154705812,279.87958115183426,5.634359443348901,960.3545454545451,6.867302534462526,280.2608391608355,5.635720737960224,931.564583333323,6.836865520255879,278.7437500000182,5.630292900998364,1135.2021052631558,7.03456598037473,383.79263157895383,5.950102384793561,772.9333333333294,6.650192800797463,177.04895833333046,5.176426295080173,771.2171874999965,876.4603174603211,1210.4828124999913,6.6479700297440445,6.775891429474813,7.098774577599071,777.5270833333292,866.2659574468134,1235.310416666665,6.656118477315938,6.764191971629466,7.119077567006741,752.2874999999985,906.4062499999999,1135.9999999999707,6.623118564716314,6.809487605100438,7.03526859928107,885.7624999999857,1071.7322580645448,1446.1281249999809,6.786448855980168,6.977031551167559,7.276645005294064,656.671875000007,687.2906249999794,974.837500000002,6.487184464504563,6.532757237702767,6.88227079044075,49.46269869157894,0.28449052153796467,56.423942340950674,0.7509888315120575,49.99276507747058,0.22130184639353317,42.70248149818849,0.9937356877047188,51.63814545540965,0.23275349411251428,65.6486795931796,46.521717045560095,64.84987647343468,48.43662125386026,67.365640624299,40.21985944414127,63.31309813979257,53.15656112986456,67.36216462066768,34.941401319057334,-0.00694444444444442,-0.05208333333333337,0.004370629370629375,-0.1400219298245614,-2.494806595860659,5.892823573507108,6.4311772634800946,-8.93566395722116,0.1131348143361609,0.6773349576079293,0.5296869851185244,0.7609821935922045,-2.119210813963093,-2.0290834803466495,-2.515764150864328,-4.049066480875112,4.236675515814504,5.960920429331477,8.216761809718989,18.21515981080723,-24.840277777805113,52.595833333318296,28.789962121222175,362.26877192982636,-0.03184041259375192,0.06797898206399466,0.03043701420664746,0.3843731795772669,34.436111111108204,38.37916666668278,1.5170891608172496,206.74367324562337,0.123199388185756,0.3097949931954213,-0.1050987652517876,True,True,False,D,79,82,77,75,80,-2,-4,-2,1,1,1,1,1,1,6,True,True,True,True,False
12654672,D,0.0,0.90625,0.96875,0.84375,0.03125,0.15625,0.734375,0.7638888888888888,0.6458333333333334,0.6770833333333334,0.7916666666666666,731.2015624990066,6.594689157034548,439.52708333342645,6.085699338283325,695.2006944434511,6.544200572862437,430.3958333335403,6.0647053278842185,839.2041666656733,6.732454022114654,466.9208333330849,6.146159721527762,739.6343749988204,6.606155976257166,469.4843750009313,6.15163501801131,722.7687499991929,6.583089323139258,409.5697916659217,6.015107320189952,578.8093749973923,653.2312500011176,961.5640624985099,6.360973191926417,6.481931201349862,6.868561190472867,571.2520833307257,634.3604166675359,879.9895833320916,6.347830589170212,6.452617273461535,6.77991007027957,601.4812499973923,709.8437500018626,1206.2874999977648,6.3993953628547136,6.565044875396401,7.09530274025102,584.4531249981374,667.0406250003725,967.4093749979511,6.3706765809436465,6.5028509511079005,6.874621751263935,573.1656249966472,639.4218750018626,955.7187499990687,6.351174723807935,6.4605644478044715,6.862463675206048,41.424613492938455,0.15867022365879946,40.848426127888416,0.19521612677492972,42.43515825278502,0.21621612210392255,41.30670620621604,0.14255227216154354,41.33015727672103,0.2331464389020627,46.79854767343241,26.909905384881366,46.872823644157364,20.884158839830935,50.85132311838852,38.09778345921249,46.71052922158505,32.54726176104794,48.99630376945692,14.370801550474145,0.0,0.9166666666666666,0.9791666666666666,0.8541666666666666,0.020833333333333332,0.14583333333333334,0.7864583333333334,0.8611111111111112,0.5625,0.8020833333333334,0.7708333333333334,899.0734374984168,6.8013647191202296,560.2265625004657,6.328341277804124,852.120833331719,6.747728339932657,518.658333334037,6.251245349104464,1039.9312499985099,6.946909884179672,684.9312499997517,6.529318468261459,994.968749997206,6.902711329627397,650.0187500007451,6.477001208628633,803.1781249996275,6.68857651375537,470.43437500018626,6.1536564700203265,807.5062499972993,787.156249997206,1102.557812500745,6.693950795001594,6.6684267674624085,7.005388043588595,756.7354166638107,755.6374999973923,1043.9895833339542,6.62901367670697,6.627561763825967,6.950804790743338,959.818749997765,881.7124999966472,1278.2625000011174,6.866744464550863,6.781866039146447,7.153257012907888,901.3093749973924,898.2843749951571,1185.3124999990687,6.803848567147447,6.800486694112112,7.077761731882433,713.7031249972063,676.0281249992549,1019.8031250024213,6.570467084553965,6.516234680205983,6.927364872945073,40.91943324393925,0.24050896785714088,42.68954219907763,0.19111280199292757,39.27417196470613,0.8660365347498813,49.99276507747058,0.22130184639353317,37.82021405048303,0.28691103829998155,47.30060046846013,27.145216256747148,47.07850553905902,19.245838527138503,56.26456946380978,49.47894834309848,47.51761685917292,32.880137422129025,47.53204029923727,25.244956470338177,0.11805555555555547,-0.11458333333333326,0.29861111111111116,0.03125,-1.5867321248966064,-0.023451070504989957,3.415370234371501,12.172551026987549,-0.020999995328992827,-0.09059416674051918,-0.6749237327569537,-0.06560919190644837,-3.978499474231157,-2.285774547871874,-9.186063924750755,-0.014423440064355475,-17.21362461938156,18.176460210573797,-30.233109815959978,7.635180951790847,-144.00347222222217,16.86562499962747,-187.81041666679084,191.79062499757856,-0.1882534492522172,0.02306665311790823,-0.19918154424701573,0.21413481587202732,-36.524999999544605,59.91458333500964,-166.27291666571466,179.5843750005588,0.4348598481010044,0.8597081486055766,0.1781416545939098,True,True,True,D,70,69,70,86,67,0,16,16,1,1,1,1,1,1,6,True,True,True,True,False
12654676,D,1.0,0.5549738219895288,0.7157894736842105,0.3958333333333333,0.28421052631578947,0.6041666666666666,0.6178010471204188,0.6223776223776224,0.6041666666666666,0.4105263157894737,0.8229166666666666,431.2617801047125,6.06671528415733,348.8795811518331,5.85472682298298,452.5804195804203,6.114965470178808,360.832167832168,5.888412941176995,367.7499999999997,5.907403359481546,313.2708333333355,5.747068098614436,648.6105263157891,6.474832423028896,322.3684210526311,5.7756950562464855,216.17708333333454,5.3760979020538295,375.11458333333513,5.927231534853379,441.15624999999955,428.8281250000035,423.68253968253794,6.0893991210844725,6.061056197624326,6.048984447631961,450.6250000000009,450.72916666666964,456.4680851063813,6.110635508039215,6.110866641751101,6.123518785447312,412.74999999999545,363.12500000000546,327.3749999999982,6.022842082800226,5.894747127606191,5.79110630282787,617.1249999999973,665.9687500000016,663.193548387097,6.425071596579023,6.501242747517602,6.4970668757687875,265.1875000000018,191.68750000000546,191.65624999999636,5.58043712296255,5.255866441874499,5.255703402826239,22.028138907287875,0.3652581026993001,35.43701516243105,0.1378398169534426,45.914083019690935,0.03373117164765166,49.79777554017643,0.05903400865855207,48.359064915515255,0.10660750135299568,29219.365905095125,9929.946703506994,42055.222969159084,17204.12653334708,16809.549993901575,4298.134341268556,12862.458475550162,3693.757841877698,-6569.3227616803015,1310.1091914083477,0.0,0.8385416666666666,0.8333333333333334,0.84375,0.16666666666666666,0.15625,0.4322916666666667,0.4305555555555556,0.4375,0.4791666666666667,0.3854166666666667,666.0572916666655,6.5013756903641,394.50000000000074,5.977619140285931,639.1319444444435,6.460110918890821,392.8263888888886,5.97336775571276,746.8333333333316,6.615842045558086,399.5208333333374,5.9902659123656345,684.3958333333309,6.528536453941836,415.16666666666765,6.028680046034128,647.71875,6.473456574357178,373.83333333333394,5.923810065292155,616.6874999999998,613.9531249999969,767.5312499999998,6.424362412617385,6.4199185815846045,6.643179195244831,597.5833333333348,602.3541666666628,717.458333333333,6.392893744094577,6.400845589040415,6.57571487393824,673.9999999999948,648.7499999999995,917.75,6.513230110912299,6.475047434480098,6.821925022376944,621.124999999996,656.9374999999957,775.1250000000013,6.431532349922478,6.487588884583567,6.653024306670043,612.2500000000036,570.9687499999982,759.9374999999982,6.417140695832283,6.347334479611936,6.633236193056635,53.5658555252517,0.1427707567399969,52.889033129173185,0.18785582879448892,60.79967210705166,0.1338035061258745,50.0008487636161,0.024870136667782095,50.2132180263415,0.07416516426980585,89.51398157921135,99.59778546882804,85.41041619125595,90.74706568238106,111.6593945860803,134.44317160903853,88.2373362878035,84.70033340504487,90.70295856140129,116.89711336614434,0.018210955710955767,-0.41239035087719295,-0.00694444444444442,0.09375,-10.477067857259883,1.4387106246611765,-7.910638977878477,-0.21236926272540302,0.10410864530579095,-0.04757349269444361,0.05405232266861443,-0.049295027602023755,25245.67297525751,19431.78123723046,-26.24897839482435,-2.4656222735977877,12905.992192078524,2383.6486504693503,-43.69610592665747,-32.196779961099466,84.8304195804206,432.4334429824546,-107.701388888888,36.67708333333087,0.20756211069726138,1.098734520975066,-0.1557311266672654,0.055079879584657654,47.56133449883254,-52.74616228070403,-6.694444444448834,41.33333333333371,0.5969898096896342,0.5707507983333557,-0.7917318055452471,True,True,False,D,17,20,82,53,44,65,36,-29,0,0,0,1,1,1,3,False,True,True,False,False
12654700,D,0.0,0.953125,0.9166666666666666,0.9895833333333334,0.08333333333333333,0.010416666666666666,0.8385416666666666,0.8402777777777778,0.8333333333333334,0.875,0.8020833333333334,750.1583333339076,6.620284295361418,710.8848958332092,6.56651052616761,741.3979166670599,6.608537480714113,704.671527777695,6.557731776192908,776.4395833344507,6.654718833166884,729.5249999997517,6.592393637423274,724.8916666667598,6.586022218402376,718.1499999999069,6.5766784608777025,775.4250000010555,6.6534112661422276,703.6197916665114,6.556238141612913,599.0812499995809,662.3843750008382,989.0093750013039,6.395397231654002,6.4958460143279195,6.896703810851094,591.8187499996275,647.0645833341405,985.3104166674117,6.383200422464598,6.472446109201072,6.892956735349488,620.8687499994412,708.3437500009311,1000.1062500029802,6.431119706937453,6.5629294984659445,6.907861523340985,606.7843750002794,709.8781250012107,858.0124999987893,6.408173497308104,6.565093300373095,6.754618668144997,591.3781249988824,614.8906250004655,1120.0062500038184,6.382455618230535,6.421444406462428,7.021089544634123,55.16765880782087,0.22748613319328764,54.0340198868152,0.22388547911482454,59.31970507317235,0.7508884996139805,58.36756366663253,0.6729896195018519,50.00005308493112,0.19215469418418152,51.78505952402628,29.538137866529468,51.27446227436986,31.58810445741988,50.6361767175383,11.75236476438806,51.91608216275661,31.30321907759177,51.7046484756796,28.344898514594973,3.0,0.9841269841269841,0.967741935483871,1.0,0.03225806451612903,0.0,0.708994708994709,0.7112676056338029,0.7021276595744681,0.6881720430107527,0.7291666666666666,977.6296296297085,6.885130896499064,878.2116402113248,6.777887612664377,985.1457746476984,6.892789624788165,871.4457746476564,6.770153642310181,954.9212765966324,6.861628904199846,898.653191488791,6.800897188617532,1092.7268817206864,6.9964315774644374,972.9419354831659,6.880324404642916,866.1291666665735,6.764034050634861,786.4416666667288,6.667518551491824,792.0749999990221,825.4377049180816,1308.2421875011642,6.674656084299413,6.715913797057896,7.176439673517432,800.1208333323399,800.589130434653,1347.0375000005588,6.684762757927708,6.685347869692205,7.205663015666915,767.9374999990687,901.6400000005962,1191.8562500029802,6.643708349626578,6.804215327314421,7.083267244717973,820.8593749995343,894.5137931036538,1544.2250000010245,6.710351809762637,6.796280322733359,7.342277445357073,763.2906249985099,762.8374999999069,1072.2593750013039,6.637638856531317,6.637045033503622,6.977523266656789,56.999715673331366,0.7562394269224968,57.465559314984816,0.7677868664188401,49.99999999999999,1.0,56.58943884644672,0.7940190286362183,57.465559314984816,0.7677868664188401,48.99683357234026,28.635918443797042,48.41521628590213,28.096788039620336,50.87194596124683,28.07357863126789,47.131664408729705,33.26376463205774,50.0,11.906957352635755,0.00694444444444442,0.07291666666666663,0.00913994605933477,-0.04099462365591389,-5.285685186357149,8.36751058170141,7.465559314984823,-0.8761204685380974,-0.527003020499156,0.48083492531767036,-0.23221313358115991,0.02623216221737823,0.638285556831562,0.2114336870770117,-2.4567296753446968,-2.868335591270295,19.83573969303182,2.9583205629967964,0.02320940835244656,21.356807279421986,-35.041666667390814,-50.533333334295776,30.224498051066007,226.59771505411288,-0.046181352452770774,-0.06738904773985155,0.031160720588318647,0.23239752682957615,-24.853472222056666,14.530208333395422,-27.207416841134545,186.50026881643714,-0.0332458995952786,-0.3336538115302343,1.0465422115640364,False,False,True,D,43,59,73,65,68,30,22,-8,1,1,1,1,1,1,6,True,True,True,True,False
12654706,D,0.0,0.9479166666666666,0.96875,0.9270833333333334,0.03125,0.07291666666666667,0.7552083333333334,0.7708333333333334,0.7083333333333334,0.7604166666666666,0.75,487.8281249999997,6.189963140946297,325.421875000001,5.785122417479347,479.83333333333263,6.17343882138412,326.4444444444459,5.788259779397608,511.81250000000074,6.237958347030409,322.3541666666665,5.775650837581781,506.79166666666396,6.228100005270486,366.33333333333263,5.903543665735509,468.8645833333355,6.150313991857394,284.5104166666694,5.6507698668387105,381.12500000000074,386.671875,695.6874999999982,5.943127405308421,5.957576465169169,6.5449005652534415,384.0416666666672,394.0833333333333,661.3749999999974,5.95075105364572,5.976562392855875,6.494321001224292,372.3750000000013,364.4375,798.6250000000008,5.91990141103345,5.898355068982375,6.682891498922508,370.93749999999875,394.18749999999545,755.2499999999975,5.916033584803984,5.976826684423858,6.627048820266778,391.31250000000273,379.15625000000455,636.124999999999,5.969506473505536,5.937948389252158,6.455395084908995,45.91806909666222,0.21190759384119617,44.37629334956282,0.24469038622180972,49.99999928748698,0.19480059400838656,45.94548867036701,0.2400941354544276,45.760005255767624,0.191226075576498,45.865390915845516,23.5043999532217,44.496244061737364,23.15984334323315,49.63455969576655,11.869284404336062,46.34249337108044,19.22961983285809,46.25140742301212,25.689914828245062,0.0,0.9010416666666666,0.875,0.9270833333333334,0.125,0.07291666666666667,0.8229166666666666,0.8402777777777778,0.7708333333333334,0.875,0.7708333333333334,512.9999999999986,6.240275845170767,328.95312500000085,5.795915263410886,518.7430555555545,6.251408684574444,327.0138888888906,5.790002643661605,495.7708333333307,6.20611379038648,334.7708333333316,5.8134462181338575,532.5833333333329,6.277739379862281,326.81250000000017,5.78938661194835,493.41666666666424,6.201353982743771,331.09375000000153,5.8024015679026775,386.48437500000017,429.3124999999978,723.2031249999978,5.957091440302138,6.062185091974095,6.583690130141637,398.5208333333326,438.47916666666515,719.2291666666661,5.9877597762447605,6.0833123002312774,6.57818003665472,350.3750000000027,401.8124999999957,735.1249999999936,5.85900400948496,5.995985561901895,6.600040552780111,370.93750000000034,451.90625000000193,774.9062499999966,5.916033584803988,6.11347474681507,6.65274205429422,402.03125,406.71874999999363,671.4999999999991,5.996529821916118,6.008121914628924,6.5095140159632905,55.15875108221024,0.13681159953430216,53.37600636763228,0.11471790307016227,59.55789376661187,0.999353468617681,60.23106705430212,0.5778760374660168,47.82202062046022,0.13940459970969526,49.766977515478644,14.369229011970974,49.656060429851244,14.464214655617754,49.999999999995914,15.198683184047619,49.08491042927786,13.466649910607872,50.188308435838735,14.802601786627104,0.0625,0.01041666666666663,0.06944444444444442,0.10416666666666663,-5.623705937924157,0.1854834145993891,-6.18188739897959,12.409046433841901,0.049889792213423156,0.04886805987792958,-0.8846355655475188,0.4384714377563215,-5.138315634029183,0.0910859480683186,-0.3439395701446699,-1.103398006560873,11.290558938897087,-6.46029499538697,-0.7344685284298649,-1.335951876019232,-31.979166666668107,37.92708333332848,22.97222222222382,39.166666666668675,-0.06451952564628893,0.07778601341309166,0.04529489418796384,0.07638539711850978,4.090277777779363,81.82291666666322,-7.75694444444099,-4.281250000001364,0.4086819353453439,0.4047771470500632,1.5377486219689949,True,True,True,D,24,50,75,66,70,51,42,-9,1,1,1,1,1,1,6,True,True,True,True,False
12654716,D,0.0,0.921875,0.9583333333333334,0.8854166666666666,0.041666666666666664,0.11458333333333333,0.8125,0.8263888888888888,0.7708333333333334,0.8020833333333334,0.8229166666666666,649.1906249999689,6.475726394685841,215.46041666405895,5.372777211299037,661.5111111106557,6.49452678025545,222.50069444171254,5.4049302226877725,612.2291666679084,6.417106667761142,194.3395833310982,5.269607058388711,695.660416668281,6.544861634183224,238.386458329546,5.473893131268931,602.720833331657,6.401454126561001,192.53437499857193,5.260274709207013,445.44374999962747,492.1406250009313,1009.9874999993481,6.099070976311968,6.1987644988252715,6.91769323352045,448.00208333258826,469.64375000136585,1066.8874999980133,6.104797882700129,6.151974428572492,6.9725008099398345,437.768750000745,559.6312499996276,839.2875000033526,6.081690802917418,6.327278084691087,6.732553317618352,478.6375000029801,505.6531250039114,1102.6906249979513,6.170943525942154,6.225850910500963,7.005508494867561,412.24999999627477,478.6281249979512,917.2843750007448,6.021629961430672,6.170923938891738,6.82141753868553,45.02621080218688,0.1364490333500833,43.43239096229961,0.15475939504242564,49.99999434858453,0.11726738405463638,44.79833506961481,0.09229253399037518,45.760005255767624,0.191226075576498,46.11098221859849,24.234657413932513,49.07780159369782,11.651463631630634,44.45714709221561,31.029937283397867,47.897209093063964,22.845159278660134,43.86984181641362,24.87310421454215,0.0,0.9322916666666666,0.9583333333333334,0.90625,0.041666666666666664,0.09375,0.8385416666666666,0.8541666666666666,0.7916666666666666,0.8645833333333334,0.8125,602.0656250005899,6.400366450996372,279.6088541660768,5.6333916771189045,597.6243055568387,6.392962304940721,275.3902777772811,5.618189283482896,615.3895833318433,6.422255536082096,292.26458333246404,5.6776594993038305,546.2999999995033,6.303168275400763,294.97916666511446,5.686904732371818,657.8312500016764,6.488948439470076,264.2385416670392,5.576852262096064,475.13281250046566,558.1124999993481,772.9515625019556,6.163594370216512,6.324560554962218,6.650216384918992,453.0270833342026,584.6416666669151,755.2041666693984,6.115951910305605,6.3709991239431645,6.626988132121948,541.4499999992549,478.52499999664735,826.1937499996275,6.294250726073012,6.170708456125167,6.716829310179303,447.35312499850994,533.2999999988824,658.2468750011174,6.103348271547635,6.2790841176044605,6.489580050930463,502.91250000242144,582.9249999998137,887.656250002794,6.220416198709983,6.368058533134737,6.788584562194648,47.386551723045244,0.18818207480886284,41.50926344454847,0.9536927015897664,53.82295364493387,0.076352854200681,44.49560299463603,0.21271146456257795,49.99999928748698,0.19480059400838656,46.93215552221231,19.278951470296107,47.66701469471937,13.661583564097636,53.76065846352528,41.758445501932066,47.75567404685469,31.940786026775918,48.50404062593438,11.50982058818755,0.05555555555555547,-0.02083333333333326,0.0625,0.05208333333333337,-6.567603386284922,-0.9616701861528156,-12.313690200385395,-5.504396292850949,0.03749201098778926,-0.09893354158612283,0.8773398473890854,0.017910870554191383,4.620654501482214,4.027367276650345,-6.0936437688059115,-0.7483665790796863,-19.378473651767234,-2.027944935882015,-28.09686193783443,20.430965438588366,49.28194444274732,92.93958333662397,-17.765277775004506,-111.53125000217312,0.07742011249430814,0.1434075076222232,-0.0292932311413745,-0.18578016406931308,28.161111110614343,45.85208333097407,-16.874305555182957,30.740624998075248,0.4124006957044255,-0.2989567824523473,-0.7423986992400893,True,False,False,D,1,0,5,0,4,4,-1,-5,1,1,1,1,1,1,6,True,True,True,True,False
12654751,D,0.0,0.8020833333333334,0.9375,0.6666666666666666,0.0625,0.3333333333333333,0.3697916666666667,0.375,0.3541666666666667,0.40625,0.3333333333333333,331.07812500000006,5.8023543747173605,232.15104166666546,5.447388201497283,328.909722222222,5.795783312570297,231.8194444444431,5.445958811962356,337.583333333334,5.821812393414692,233.1458333333325,5.4516641519101325,344.0729166666661,5.840853601965819,221.3020833333333,5.399528661081075,318.08333333333394,5.762313402957231,242.99999999999758,5.4930614433405385,306.078124999999,330.4687500000001,356.687500000001,5.723840379823725,5.8005121011147525,5.87686004829693,289.5,331.60416666666805,365.624999999998,5.66815529701305,5.803941988521967,5.901608217986116,355.8124999999959,327.0624999999962,329.87500000001,5.874403906711289,5.790151284132415,5.798713794823518,320.6562500000016,353.3124999999974,358.2499999999993,5.7703696770624875,5.867352934435502,5.881231066708279,291.49999999999636,307.62500000000273,355.12500000000273,5.675040005790534,5.728881508711229,5.87246984017436,43.7563266314495,0.05615082998292803,41.10857650246542,0.6573186631128168,43.12487197087861,0.3723980151463365,45.612429797057814,0.1976059420831015,40.755704427776585,0.6363779750680275,82.86402261430905,88.75896485588115,81.3365641100929,83.96740769844178,89.0485407547945,105.81289747955506,86.25567490834987,85.97544236762211,79.14082967126828,89.89939371904212,0.0,0.8958333333333334,0.9479166666666666,0.84375,0.052083333333333336,0.15625,0.4375,0.4513888888888889,0.3958333333333333,0.46875,0.40625,510.64062499999756,6.235666064901301,275.11458333333417,5.61718767755179,523.9861111111079,6.2614651784566115,266.1180555555577,5.583940028201711,470.6041666666665,6.154017330199384,302.1041666666635,5.710771880639994,580.6770833333316,6.364194807733832,340.437499999998,5.830231555143888,440.6041666666636,6.088146891124852,209.7916666666703,5.346114974804735,456.0624999999998,506.26562499999613,569.5937499999968,6.122629861525838,6.227061482141982,6.344923387425201,470.0624999999979,499.31249999999653,602.5833333333294,6.152865664586617,6.213232152242254,6.401225968386945,414.06250000000534,527.124999999995,470.6249999999991,6.026016928614655,6.267437712066714,6.154061598554156,486.9375000000004,588.0312499999959,667.0624999999982,6.188135778091078,6.376780092744911,6.502883744674181,425.1874999999991,424.49999999999636,472.12499999999545,6.052530248105278,6.050912005751393,6.157243781032611,43.77513400598415,0.26553173655882895,44.17587325664685,0.16535722343420528,46.72711780224596,0.9200098366247325,41.425923438778575,0.8030366054178534,44.085521648829555,0.2092224424674659,81.82039663059578,69.3543480198546,82.45958800066329,69.7081791681814,80.01950300152656,68.4052287308707,80.07589430734329,63.16960914777334,84.34526154366667,77.7286715439938,0.020833333333333315,0.07291666666666669,0.05555555555555558,0.0625,-2.0162954684131904,4.856725369281229,-2.551244545599104,-2.65959821005098,0.2849206479664803,-0.438772032984926,-0.7546526131905271,0.5938141629503875,-7.711976644701608,7.114845237081596,2.4400849991367295,-4.269367236323376,-21.845489781113287,-3.9239513514200155,1.3029504373106988,-14.559062396220455,-8.673611111111995,25.989583333332178,53.38194444444139,140.07291666666794,-0.02602908084439548,0.07854019900858766,0.10744784825722764,0.27604791660898,-1.3263888888893973,-21.697916666664298,-35.9861111111058,130.64583333332772,-0.1447759634471443,-0.2992727801069728,-0.0440936904202748,False,False,True,D,55,60,68,70,69,13,15,2,1,1,1,1,1,1,6,True,True,True,True,False
12654753,D,0.0,0.8958333333333334,0.9479166666666666,0.84375,0.052083333333333336,0.15625,0.6666666666666666,0.6805555555555556,0.625,0.6770833333333334,0.65625,767.1489583378035,6.642680991556497,179.44739582762122,5.18988210552187,724.4402777817512,6.585399326039681,173.62361110415725,5.15688980164241,895.2750000059605,6.797130933655869,196.91874999801314,5.28279120710433,735.0927083442607,6.599996625060353,185.98124999552965,5.22564586215624,799.2052083313464,6.683617744244223,172.9135416597128,5.15279171038412,673.117187511176,720.29531250149,908.0343750007447,6.511919441546068,6.579661284171088,6.811282235815035,625.6145833482345,657.5187500019866,890.1874999950327,6.4387344999380405,6.488473280758602,6.791432114689225,815.6250000000005,908.6249999999998,961.5750000178809,6.7039546905110585,6.811932467804799,6.868572565125469,624.3500000163915,677.74687500298,903.1812500134106,6.436711108587408,6.518773877527835,6.805923253113118,721.8843750059605,762.8437499999999,912.8874999880787,6.5818649806470715,6.63705322656504,6.816612652836342,41.00009131776667,0.14225801769267893,41.3315423161592,0.1874283344980479,43.03006204015135,0.11506733497277405,43.43922965865304,0.14367163280047618,38.96605027348227,0.17337462417673738,49.841995906219445,38.113818769080346,49.86500416429174,37.506849835366125,49.668515493860795,40.32556426906939,52.288234279555404,42.15923105622826,48.35081124011043,35.174465146596326,0.0,0.9583333333333334,0.9375,0.9791666666666666,0.0625,0.020833333333333332,0.65625,0.6666666666666666,0.625,0.6770833333333334,0.6354166666666666,815.2322916686534,6.703473093082585,267.7083333345751,5.589898079420114,795.346527773473,6.678777903676291,274.1937499956952,5.613834973271409,874.8895833541947,6.7740976879425805,248.25208335121474,5.514444695039977,884.4406250019865,6.784955383027794,311.8697916616996,5.742585766283608,746.0239583353201,6.614757715419054,223.54687500745058,5.409621123639991,726.1078125089406,730.7781249918044,988.8109375052154,6.587698505877884,6.594109891094446,6.896503148035064,691.2041666607062,707.0749999930462,987.7604166666664,6.5384352456266335,6.5611367422972116,6.895440175089263,830.8187500536435,801.8874999880788,991.9625000208617,6.722411660420427,6.686968323698072,6.899685304172019,751.5656250193713,777.3562499880788,1124.3999999985094,6.622158530755469,6.655898739484453,7.025004839031051,700.6499999985099,684.1999999955297,853.2218750119212,6.5520084756141,6.528250272536971,6.749019625054183,52.02704296199927,0.22323292095327135,50.57697917330526,0.22290323381722232,58.36756366663253,0.6729896195018519,52.39598266540576,0.2141311961539108,51.63814545540965,0.23275349411251428,50.43929533209799,42.78751586835223,49.974141432963044,42.088946390643734,51.61429421181297,44.009424394041005,48.51701944313239,39.64239722869634,52.44631717017874,45.37319670337938,0.05555555555555558,0.02083333333333337,0.04166666666666663,0.04166666666666674,-1.698519723992149,4.4731793851707735,-7.790584493327266,0.7578372099961115,0.07236099952527386,-0.0297029913762612,-0.45008638568462955,-0.018622297958603484,0.19648867043094498,3.9374230394449725,-1.6401527788499237,-3.9292977270463467,-2.8187144337032635,6.984765909631932,-1.920478003397271,-5.730799474683039,-170.83472222420926,-64.1124999870857,-79.54305558072167,138.4166666666664,-0.21173160761618792,-0.08362111918386983,-0.09531978426628918,0.17019766760874067,-23.295138893855892,13.06770833581686,25.941666644480478,88.32291665424901,0.3966028471107781,0.6021669412077908,-0.2886049778298898,True,True,False,D,42,35,40,33,64,-2,-9,-7,1,1,1,1,1,1,6,True,True,True,True,False
12654780,D,0.0,0.9322916666666666,0.8854166666666666,0.9791666666666666,0.11458333333333333,0.020833333333333332,0.890625,0.9027777777777778,0.8541666666666666,0.8958333333333334,0.8854166666666666,508.7270833333702,6.231911690697274,184.5114583333731,5.217711566340089,493.4187500000375,6.201358204994691,178.0194444445208,5.181892782778364,554.6520833333683,6.318341040300157,203.98749999993007,5.31805871745671,497.83020833331585,6.210259071767113,198.61458333338183,5.291366179596853,519.6239583334245,6.253105392920178,170.4083333333644,5.138197517737951,450.4156249999942,481.2093750000059,594.5562500001105,6.110170767609171,6.176302466454395,6.387815328980569,442.24374999996513,481.85000000001565,556.1625000001318,6.091861200661831,6.177632862297329,6.321060517736427,474.9312500000814,479.28749999997655,709.737500000047,6.16317005671732,6.172300626125893,6.5648951833629035,425.30624999990687,503.8437499999709,564.34062500007,6.052809497660443,6.222266200163955,6.335658014232237,475.5250000000815,458.5750000000409,624.7718750001513,6.164419456839076,6.128123855200504,6.43738658310793,55.420345323802565,0.18180590623748127,52.49618624617971,0.19192633117951757,61.35498417256841,0.3771588020466767,51.63814545540965,0.23275349411251428,59.84155137493098,0.22189133726814952,51.38178733460401,11.476105813734065,52.04775687013407,11.258412331153586,50.364311790598556,11.85094351352883,51.016125972551556,11.532632029517611,51.748380599101935,11.35430876847136,0.0,0.9114583333333334,0.8333333333333334,0.9895833333333334,0.16666666666666666,0.010416666666666666,0.9166666666666666,0.9375,0.8541666666666666,0.9166666666666666,0.9166666666666666,507.2072916665929,6.228919779333938,217.02083333334303,5.379993355076603,498.93402777768074,6.212473878148794,208.63263888893158,5.340574996716976,532.0270833333293,6.276694396567145,242.18541666657748,5.489703617359762,538.5416666666083,6.2888648690285756,246.5572916667055,5.507594387031858,475.8729166665774,6.165150836792532,187.4843749999806,5.2336955086046135,452.1296874999389,492.5187499999447,576.9734374998951,6.113969057926428,6.199532530953337,6.357796229919654,454.4229166665852,507.79999999991077,534.5791666665464,6.119028298940235,6.230087669270402,6.281479832998868,445.25000000000006,446.67500000004657,704.1562499999413,6.0986359221697715,6.101831260819335,6.5570002775543115,432.68437499989517,560.2312499999825,622.7093749999474,6.070008536109451,6.328349644918824,6.4340799171688765,471.57499999998254,424.8062499999068,531.2374999998428,6.156078156231751,6.051633182625304,6.275209190549745,56.033959567496,0.22689827959390385,53.481686512572864,0.2315709340312137,59.328334420547044,0.14727955302031642,60.073371311326184,0.9401411701084728,50.00557319784966,0.26378690513093106,61.69127125910632,23.31462827397151,62.84046564937826,30.47598536383845,60.01972520308954,8.588805402386098,66.11996578993036,26.64792986177983,52.20126843143523,11.199440463356293,0.04861111111111116,0.01041666666666674,0.08333333333333337,0.0,-8.858797926388696,-8.20340591952133,-5.84664790797418,10.067798113476528,-0.1852324708671591,0.010862156844364756,0.08429138101089728,0.6763542649775417,1.6834450795355167,-0.7322546265503789,2.820740446288717,13.91869735849513,-0.592531182375243,0.17832326104625018,21.887179961452354,15.448489398423536,-61.23333333333079,-21.793750000108673,-33.09305555564856,62.66875000003091,-0.11698283530546583,-0.04284632115306497,-0.06422051841835152,0.12371403223604371,-25.96805555540928,28.206250000017434,-33.5527777776459,59.07291666672492,1.6854784337705055,0.8012758674850278,1.2702272584655725,True,True,True,D,68,70,67,69,69,-1,1,2,1,1,1,1,1,1,6,True,True,True,True,False
12654788,D,0.0,0.8645833333333334,0.9375,0.7916666666666666,0.0625,0.20833333333333334,0.625,0.6111111111111112,0.6666666666666666,0.59375,0.65625,834.5619791795808,6.726907011379979,521.4885416651767,6.256687302320586,846.2347222334809,6.740796770572802,518.1208333257173,6.250208484025074,799.543750017881,6.684041252500259,531.5916666835548,6.275875650801163,913.6791666696466,6.817479488682622,508.60833333681035,6.231678237707919,755.4447916895151,6.627306703846795,534.368749993543,6.281086143704111,735.1859375201163,792.3125000223515,976.1874999962747,6.600123443437594,6.674955884727156,6.883654678614125,726.0229166746138,845.8020833631352,966.8791666626934,6.587581579994123,6.740285388221847,6.874073530730009,762.675000056624,631.84375,1004.1124999970193,6.636831990419554,6.448642132567574,6.911859345764202,830.3343750238415,868.0437500104304,1042.659374974668,6.721828481138256,6.766242116627972,6.949529819661898,640.037500016391,716.5812500342724,909.7156250178814,6.461526768412781,6.5744916393516935,6.813132050692252,39.47864382748018,0.997142952854156,39.35811057556654,0.9264594962129498,40.84599272424833,0.10900807261308748,39.18592366241621,0.9642445219847164,39.69946927541134,0.998567957358734,44.22631518198349,61.86451907167296,44.70876026945167,62.84091215446044,41.99676778197692,54.77290673923887,47.34772154411253,65.46064716049824,40.955225836200974,56.160438061605646,2.0,0.8947368421052632,0.9789473684210527,0.8105263157894737,0.021052631578947368,0.18947368421052632,0.7368421052631579,0.7552447552447552,0.6808510638297872,0.8617021276595744,0.6145833333333334,807.0826315729241,6.69342605655092,491.02315789021947,6.196491291428163,798.2601398538043,6.682434534118416,475.95524475457785,6.165323826186086,833.9255319098208,6.726144108096139,536.8680850901502,6.285752412730358,757.0457446727347,6.629423680505666,521.7925531914893,6.2572701012161405,856.0770833293595,6.75236042270584,460.894791657726,6.133169799288836,718.9812499918044,761.8483870952361,939.0046874918044,6.577835279483661,6.635747568823454,6.844820471199855,679.0854166597127,788.3872340283497,927.1020833353201,6.520746917378361,6.669989382895249,6.8320636817631675,838.6687499880791,678.6933333714803,974.7124999612568,6.731815813236671,6.520169381017416,6.882142555679991,720.4187499806285,731.3166666666667,817.7937499955297,6.579832640143317,6.594846562481677,6.7066101654405035,717.54375000298,790.4718749970198,1060.215624988079,6.575833921388749,6.67263007726519,6.966227586219185,41.28278230575506,0.14561657847022874,41.96066961864016,0.21279847083607262,39.1689583824236,0.7747375495690381,40.81195855647977,0.6165069144236048,40.334113298655694,0.14266629260762775,54.32226889518122,59.826995112694966,55.80424420058645,60.851347797061976,48.76922462392918,45.88225061874106,59.50305336538103,87.55247021745215,54.02005646648172,53.32001701522478,-0.05555555555555547,-0.0625,0.07439369141496799,0.24711879432624106,-1.4878821486817913,-0.5135456129951308,2.791711236216564,0.47784525782407883,0.8174514235998622,-0.03432343537401761,-0.5619390787329654,0.4738406218159771,2.7119924874747525,6.392495707911557,7.03501957665727,5.482996898899309,8.06800541522157,9.300209098892594,14.969097178320915,34.232453202227376,46.6909722155998,158.23437498013152,-35.66539205601657,-99.03133865662483,0.056755518072542976,0.190172784835827,-0.043709573977722904,-0.12293674220017348,-13.470833357837478,-25.760416656732673,-60.912840335572355,60.897761533763344,0.9090584437171544,1.5621222701202306,-0.1369861036145143,True,True,False,D,21,22,33,31,44,12,10,-2,1,1,1,1,1,1,6,True,True,True,True,False
12654809,D,1.0,0.9162303664921466,0.9263157894736842,0.90625,0.07368421052631578,0.09375,0.6701570680628273,0.6993006993006993,0.5833333333333334,0.7052631578947368,0.6354166666666666,775.6492146571893,6.653700375013456,696.1732984269477,6.545598621333799,771.2818181777334,6.648053829704416,686.5587412556569,6.5316917878339025,788.6604166689018,6.670335831074115,724.8166666664183,6.585918749313203,782.3515789433529,6.6623042289518875,666.3231578946112,6.501774774922211,769.0166666656733,6.64511264243811,725.7124999954054,6.5871539308779345,713.2953125005588,756.7698412670029,856.5874999947847,6.569895517694418,6.629059166609324,6.752956472493412,725.9645833310982,758.2212765927012,829.3874999930463,6.587501230344355,6.630975264667799,6.720687476554565,675.2875000089407,752.5062499977646,938.1875000000001,6.515138526130996,6.623409302233409,6.843949822420395,677.1187499966472,813.0419354804101,857.8531249947847,6.517846663729294,6.700782689374265,6.75443290184472,749.4718750044705,702.2562499977648,855.3218749947847,6.619368791827858,6.554298365905966,6.751477860074932,48.46753128680362,0.1285079785092566,48.44144494317665,0.16607277117990543,50.00179159421688,0.07482227026402699,49.96933310021336,0.07398857550620291,51.40637279444376,0.17123283681193374,92.70445264847312,94.51158437523651,91.95208244022379,86.55737934288348,89.88277930207629,105.64662955432797,82.26774467731448,76.00565828768485,114.52831283339266,123.27927717802315,3.0,0.9206349206349206,0.9895833333333334,0.8494623655913979,0.010416666666666666,0.15053763440860216,0.8253968253968254,0.8321678321678322,0.8043478260869565,0.7741935483870968,0.875,980.6735449723466,6.888239626376575,950.1010581982825,6.856568355987773,981.7188811181309,6.889304995597082,947.4223776198767,6.853745010244349,977.4239130408868,6.884920450508618,958.4282608659354,6.865294714474365,1147.2354838713522,7.04511040021721,1084.9602150490207,6.989298597144682,819.3166666639348,6.708470659506387,819.4562499991298,6.708641010546623,889.8365079325343,948.7142857171241,1103.4698412673813,6.791037746899258,6.8551076844883925,7.006214895252979,875.5187499970198,959.4458333365619,1112.9255319123572,6.7748165678267,6.866355860843866,7.014747441501068,935.653333326181,914.3733333349228,1075.6937499977648,6.841245037495532,6.818238949035801,6.980721081248881,1068.5612903198887,1094.341935490408,1278.8032258037597,6.974068434199648,6.997908489439574,7.153679939706558,716.6968749947846,807.637499999255,933.6156249977648,6.574652982720777,6.694113319237898,6.839064817119533,41.85036363695634,0.18143630757960738,40.47681898930595,0.5502378626269813,44.49093258742136,0.1228075677924308,42.84135792909255,0.14952946059808891,40.45856911658713,0.548041000882324,69.65459743380663,99.34294540904992,61.482966266428704,77.77875189454026,6396.3614585757305,1376.172600929506,80.78630036665162,93.87203444248279,38.74017533894401,48.8799262569007,0.1159673659673659,0.06984649122807018,0.027820006080875648,-0.10080645161290325,-1.5603466510402342,-1.4370396942303998,-4.014113598115415,2.3827888125054244,0.09125050091587844,-0.09724426130573083,0.4274302948345505,-0.3985115402842351,2.0693031381475038,-32.26056815607818,-6334.878492309302,42.0461250277076,-19.089250211444494,-47.2736188903383,-1298.3938490349658,44.99210818558208,-17.378598491168418,13.334912277679678,4.294968077244107,327.9188172074174,-0.022282001369698712,0.0171915865137775,0.004384545088464087,0.33663974071082237,-38.25792541076146,-59.38934210079424,-11.005883246058715,265.5039650498909,-0.0379101402157489,0.4348640917191968,-0.4935883019321805,False,True,False,D,69,55,35,72,18,-34,3,37,1,1,1,1,1,1,6,True,True,True,True,False
12654814,D,1.0,0.9214659685863874,0.8541666666666666,0.9894736842105263,0.14583333333333334,0.010526315789473684,0.9738219895287958,0.986013986013986,0.9375,0.9583333333333334,0.9894736842105263,453.18691099875883,6.116304647445426,272.13717277886354,5.6063062508605945,449.2951048987728,6.107679921066336,268.7678321741677,5.593847929516631,464.78125000496715,6.141566864803559,282.17499999701977,5.642527445831129,480.5520833383004,6.174935616580467,321.3010416800776,5.772378508195852,425.5336842135379,6.05334410871924,222.45578946816295,5.404728382843537,410.9203125014901,464.86190476114774,483.9609375111759,6.01839930884006,6.141740382472073,6.182004195838059,395.6666666716337,475.46170212360124,477.30208334326744,5.980572105954112,6.164286336414927,6.168149588853084,456.68124999105925,433.7250000089407,503.93750001490133,6.123985663931164,6.072410692733006,6.2224522524748105,413.4750000014901,490.7343749999998,537.4468750134112,6.024597053147461,6.195902993627793,6.28682991793275,408.3656250014901,438.1548387081392,430.4750000089407,6.012162912820232,6.082572360937718,6.064889250193019,58.76107719302837,0.20287740818019417,58.63341342659504,0.5072108838080746,63.422444660435886,0.3740559922876876,58.965175517628396,0.7619238537028454,61.33149508655788,0.20670577151714215,51.62245792973872,11.392965835090775,50.0,11.90695733468313,59.99990002101276,7.443641933232057,51.29033137179982,11.413034127937143,59.99990002101213,7.4436456778371305,1.0,0.9162303664921466,0.8631578947368421,0.96875,0.1368421052631579,0.03125,0.9424083769633508,0.9440559440559441,0.9375,0.9473684210526315,0.9375,574.0219895277971,6.352667704867661,265.99528797009845,5.583478594226671,581.5545454508774,6.36570476885093,259.49020980454816,5.558718974744153,551.581250006954,6.312789153330807,285.375000004967,5.653804104867365,608.9021052611502,6.411657508091143,253.8589473849848,5.536778787512392,539.5052083333333,6.290652438652208,278.00520834078384,5.62763984855393,526.9296875111759,550.6174603076206,644.1531249955299,6.267067119357686,6.3110403036252904,6.467936469573325,528.9979166835546,559.4893616919819,655.7166666487855,6.270984493634201,6.3270245136158625,6.485728785047478,520.7249999940395,524.5562499910593,609.462500035763,6.255222071296,6.262552667064208,6.41257742124636,503.72187501192093,584.4645161167267,737.7562499940399,6.222024280460427,6.370696070971325,6.603613485483592,550.1375000104308,517.8281249925491,550.5499999970198,6.310168247000684,6.249643382166324,6.310917778554187,54.11858677344547,0.1607448470889536,51.55673235477817,0.20480024919659218,61.1360341728933,0.9654021817021008,56.9356843732214,0.16996582113078518,50.79424477013528,0.17172904520260096,53.57073556003642,13.799975872527607,52.20126797936067,11.199439313080468,123.64661615250422,19.45740988550813,59.99990002101521,7.4436188928975415,52.20123863812417,14.906808863169232,0.048513986013986043,-0.031140350877192913,0.006555944055944063,0.009868421052631526,-4.789031233840845,-2.366319568929484,-9.579301818115127,6.14143960308612,0.13315489152038695,0.5552180821857033,-0.7606019325055087,-0.0017632240718157832,-9.999900021012763,-8.709568649212308,-71.44534817314354,7.798661382891041,4.463315401451072,3.9693884501000127,-8.257970572427663,-7.46318997027169,-15.486145106194328,55.01839912476248,29.973295443923462,69.3968969278169,-0.03388694373722245,0.1215915078612273,0.05291561552012247,0.12100506943893574,-13.407167822852045,98.84525221191467,-25.88479020041882,-24.14626095579905,0.15693636100284,-0.2467727427427428,-0.248595562487188,True,False,False,D,7,9,10,15,26,3,8,5,1,1,1,1,1,1,6,True,True,True,True,False
12654823,D,0.0,0.875,0.8020833333333334,0.9479166666666666,0.19791666666666666,0.052083333333333336,0.5416666666666666,0.5347222222222222,0.5625,0.5520833333333334,0.53125,501.145312500031,6.216896103940213,330.9208333331626,5.801879172550295,500.83958333316775,6.216285856864389,338.0416666664597,5.823169162046507,502.0625000006209,6.218724613935268,309.55833333327126,5.735146550401692,505.30208333348855,6.225156435252927,313.4843749993791,5.747749518318549,496.98854166657355,6.208566970834024,348.3572916669461,5.853228653270681,472.30781250004657,488.93437499995343,542.1937500000931,6.157630918158545,6.192228278014834,6.295623409886533,481.3624999995033,470.4749999999379,550.681250000062,6.176620624515659,6.153742822650784,6.311156148113104,445.1437500016763,544.3124999999999,516.7312500001864,6.098397263713717,6.299523530452958,6.247522913433694,437.7749999999068,537.9187499997206,540.2125000008382,6.081705079757752,6.287707526451416,6.291962580670285,506.8406250001864,439.95000000018626,544.1749999993481,6.228196605061086,6.086661084091993,6.299270886299703,55.22271271197858,0.13658039443133074,55.197547933535915,0.1498384498149512,55.54850991040211,0.11661192172072354,50.40355796078249,0.11712425910411245,58.474112884949655,0.22692143883553823,65.84361431892741,71.83471551147285,68.19789388805506,77.23892017338298,58.49290393402792,50.39469244829161,61.68574528328847,68.85753089987843,69.63859735546457,73.23846234507096,0.0,0.921875,0.8958333333333334,0.9479166666666666,0.10416666666666667,0.052083333333333336,0.9010416666666666,0.8819444444444444,0.9583333333333334,0.9375,0.8645833333333334,503.66562500037253,6.2219126054364535,284.60885416592157,5.651115796085105,512.9958333336851,6.240267722981225,291.3118055547691,5.674394190280366,475.6750000004347,6.164734847927378,264.4999999993791,5.5778412512960065,478.25104166707024,6.170135786398639,333.1499999999068,5.808592839008266,529.0802083336748,6.271140042923693,236.0677083319363,5.464118663589352,471.99531249981374,495.2687500012107,543.7328125000932,6.156969054391779,6.20510054453128,6.298457972708082,483.5895833329608,498.385416667598,557.0125000004967,6.181236578667793,6.211373706747396,6.322587681328072,437.21250000037253,485.9187500020489,503.89374999888247,6.080419346928371,6.186041428858439,6.2223654323528,427.7843749993481,491.55625000176946,515.4125000000931,6.05861927190309,6.197576378617197,6.244967550931719,516.2062500002794,498.9812500006519,572.0531250000931,6.246506394921947,6.212568519896561,6.34923186294139,46.46852088271753,0.2425124436829333,46.42149732394101,0.18650324920915767,47.7113207288268,0.9999992154339641,41.52965514938212,0.9416204121648031,49.34514242864645,0.18583855776107772,81.4440498503976,74.90929096598492,79.03609827288571,70.83419571385788,60.13982070639128,10.147887409437871,60.47349247257666,33.54608774182162,100.8716724058635,91.56197526580257,-0.02777777777777779,0.02083333333333337,-0.07638888888888895,0.07291666666666663,-0.3509619768661949,-8.070554924167162,-1.2898234048857873,-7.815487279264325,0.03322652809422766,-0.10979717973142578,-0.8134959662248065,0.7557818544037254,9.704989954027141,-7.9528520721761,18.896277566494426,-40.39817993328685,26.844227725091372,-4.38093144519253,60.68630830442001,-58.01588752398095,-1.2229166674531484,8.313541666915,37.32083333325045,-50.82916666660458,-0.0024387570708785944,0.016589464418903077,0.07553287505384709,-0.10100425652505418,28.483333333188455,-34.87291666756698,26.81180555538998,97.08229166797051,-0.1227460099739339,-0.1657627835304631,1.40975326947232,False,True,True,D,65,64,50,85,65,-15,20,35,1,1,1,1,1,1,6,True,True,True,True,False
12654828,D,0.0,0.9947916666666666,1.0,0.9895833333333334,0.0,0.010416666666666666,0.90625,0.9027777777777778,0.9166666666666666,0.9166666666666666,0.8958333333333334,702.7760416666666,6.555038265900719,303.671875,5.715947759926651,703.2569444444445,6.5557223221089025,306.8125,5.726236811818271,701.3333333333334,6.552983285189491,294.25,5.6844297461403865,713.6458333333334,6.5703868075291085,328.8854166666667,5.795709412493724,691.90625,6.539450469561236,278.4583333333333,5.629268437163124,630.828125,703.171875,774.328125,6.447033440334642,6.555601349837328,6.651995717863579,622.6041666666666,704.1875,782.9791666666666,6.433910950350463,6.5570446559243845,6.663106088569992,655.5,700.125,748.375,6.4853983032037545,6.551258890529996,6.617904189245516,629.5,754.84375,756.59375,6.444925853484402,6.62651077418878,6.628826451525105,632.15625,651.5,792.0625,6.449136594602965,6.4792773965649,6.674640302842283,51.81580769661632,0.9999938258792265,51.91363333743133,0.9999999026949313,49.99999999999999,1.0,52.05460747158442,0.9999999082354438,49.99999999999999,1.0,42.62864927830399,23.03659899279996,43.133548580738484,25.14679728153827,39.99993336077985,7.4398450770410305,32.208951601878105,11.220298810718848,48.97375221513298,11.589928990788646,0.0,0.984375,0.9895833333333334,0.9791666666666666,0.010416666666666666,0.020833333333333332,0.8645833333333334,0.8888888888888888,0.7916666666666666,0.8229166666666666,0.90625,819.1979166666666,6.708325711150499,656.2239583333334,6.486502130578778,815.9444444444445,6.704346269857698,660.2013888888889,6.492544923156487,828.9583333333334,6.720169892513083,644.2916666666666,6.468151522127485,953.9479166666666,6.860609075268914,930.1875,6.835386178729378,684.4479166666666,6.528612552230427,382.2604166666667,5.946102095364403,759.890625,779.65625,918.046875,6.633174508450011,6.6588531174163865,6.822248451408369,730.8333333333334,770.9375,946.0625,6.594185435578228,6.647607306723676,6.852308634522784,847.0625,805.8125,834.0,6.741774481776234,6.691851085171057,6.726233402358747,885.53125,903.15625,1073.15625,6.786187747396343,6.805895572778284,6.978359351786859,634.25,656.15625,762.9375,6.452443198479391,6.486398946557923,6.6371761144300185,42.70542845067574,0.9968355543486436,43.11232582794964,0.7704512337826738,47.7113207288268,0.9999992154339641,43.40787739490855,0.7946442575228,42.702417734826476,0.9937591382531537,41.92466385469255,24.927273795767405,41.562288638156076,22.35907634557173,43.715075292387674,41.139399110686256,41.39585390070396,28.180919714094085,45.999958276238885,15.098940769398434,-0.01388888888888884,0.02083333333333326,0.09722222222222221,-0.08333333333333337,1.9136333374313352,2.0546074715844256,-4.598994900877159,0.7054596600820773,-9.730506866922894e-08,-9.176455617598833e-08,-0.2295479816512903,-0.19911488073035366,3.133615219958635,-16.764800613254877,-2.1527866542315977,-4.604104375534924,17.706952204497238,-0.3696301800697981,-18.780322765114526,13.081978944695651,1.9236111111110858,21.73958333333337,-13.013888888888914,269.5,0.002739036919411575,0.030936337967872873,-0.015823622655385172,0.33199652303848737,12.5625,50.42708333333337,15.909722222222285,547.9270833333333,-0.193654837032982,0.0356161155140624,0.1340918010435812,False,True,True,D,30,40,63,58,38,33,28,-5,1,1,1,1,1,1,6,True,True,True,True,False
12654834,D,0.0,0.9114583333333334,0.8541666666666666,0.96875,0.14583333333333334,0.03125,0.5729166666666666,0.5625,0.6041666666666666,0.5520833333333334,0.59375,652.3718750002639,6.480614759762817,440.0411458337525,6.086868235798743,664.8604166670185,6.499577118874974,451.78055555590737,6.113196565382892,614.9062500000001,6.4214698171621185,404.82291666728753,6.003449728691213,659.1645833331471,6.490973250412164,500.5562500003726,6.215719980053393,645.5791666673807,6.470147846712911,379.5260416671324,5.938923215475133,567.2359375006054,614.251562499674,775.6281250005122,6.3407753326970475,6.420404555150066,6.6536731849602795,572.2520833335196,623.7479166674117,798.5812500001242,6.349579599426345,6.435746307047985,6.682836715766122,552.1875000018626,585.762499996461,706.7687500016764,6.313887662517389,6.37291441731635,6.560703526114503,564.6562500004657,647.2062499993481,765.6312499996275,6.336217138912929,6.472665022680577,6.640700656964592,569.8156250007451,581.296875,785.625000001397,6.345312843591564,6.36526159881121,6.66647957934629,56.18255479400998,0.13651172554995833,50.046350217471016,0.08559423974006969,58.36756366663253,0.6729896195018519,58.22028922887111,0.1423864055805924,53.99878636515959,0.1361849122495753,57.59697595306813,47.46364217301836,57.75808235417946,48.95166664702728,57.24239566105298,43.15272952389589,61.83783709746039,53.2366267067533,54.333577062969276,42.01990144085434,0.0,0.9375,0.9583333333333334,0.9166666666666666,0.041666666666666664,0.08333333333333333,0.5989583333333334,0.6111111111111112,0.5625,0.6354166666666666,0.5625,814.9859374999845,6.703170858490754,500.8322916668064,6.21627129787248,797.8215277773431,6.681884923034726,505.1187500000621,6.224793550147256,866.4791666679084,6.764438065782846,487.9729166670392,6.190259905679925,854.9770833333023,6.751074665458606,523.1270833336748,6.259824423713563,774.9947916666666,6.652856308900657,478.5374999999379,6.170734577728075,647.6656250001398,754.1750000005122,1043.1171874993015,6.473374552370631,6.6256244365693595,6.949968804872704,639.6583333328987,727.7166666671013,1026.0895833320294,6.460934179635499,6.589911778302394,6.933510335108252,671.6875000018629,833.5500000007452,1094.2000000011176,6.509793202604145,6.725693688394934,6.997778781630747,697.2781249997207,733.1468750005588,1134.5062499996275,6.547184362732047,6.597346056985523,7.03395281323921,598.0531250005588,775.2031250004657,951.7281249989755,6.393679587798365,6.653125091786782,6.85827941102051,47.21399995437746,0.1541645024154379,47.21399995437746,0.1541645024154379,47.21399995437746,0.1541645024154379,48.579778086500134,0.13223983275009216,45.760005255767624,0.191226075576498,54.57845970257093,47.40051445795648,52.44831995470531,46.26752944489098,59.93404688587578,46.02231806774637,52.51489925459482,41.85695031570498,56.23077404455192,52.15057982703385,-0.04166666666666663,-0.04166666666666663,0.04861111111111116,0.07291666666666663,-8.321213449161512,4.221502863711521,0.0,2.8197728307325107,-0.5873953797617821,0.006201493331017105,0.0,-0.058986242826405855,0.5156866931264759,7.504260034491111,-7.485726931170468,-3.7158747899570983,5.798937123131388,11.216725265898958,0.2452113771446136,-10.293629511328874,49.9541666670184,13.585416665766388,-68.6576388905653,79.98229166663566,0.07810730171285574,0.02082540369925301,-0.08255314274811987,0.09821835655794864,46.95763888861984,121.03020833324018,17.145833333022892,44.589583333736925,0.4666899794634322,0.9153323682424844,-0.7619544814235353,True,True,False,D,9,12,28,12,37,19,3,-16,1,1,1,1,1,1,6,True,True,True,True,False
12654847,D,0.0,0.9635416666666666,0.9791666666666666,0.9479166666666666,0.020833333333333332,0.052083333333333336,0.7447916666666666,0.7361111111111112,0.7708333333333334,0.7291666666666666,0.7604166666666666,855.4677083333032,6.751648346662287,224.14583333336728,5.41229688168617,841.7277777777183,6.7354566576662265,227.41875000005044,5.426793031743385,896.6875000000585,6.798707417858674,214.3270833333179,5.367503274957646,918.1333333333217,6.8223426233561915,272.3062500000233,5.606927352042172,792.8020833332848,6.675573610829284,175.9854166667113,5.1704011317568535,783.7937500000263,745.8921874999214,1036.7171874999622,6.66414591176082,6.614581068982042,6.943814449240504,774.7604166666862,747.3062499998487,1003.11666666662,6.652553841774872,6.616475074342792,6.910867098911035,810.8937500000467,741.6500000001398,1137.518749999989,6.698137034435357,6.60887743376981,7.036604634205728,817.9687500000584,798.540624999936,1137.890624999971,6.706824132939082,6.682785843004521,7.036931498467938,749.6187499999942,693.2437499999068,935.5437499999534,6.619564743951824,6.541381668948442,6.84112791105564,45.746045854788086,0.2902422139140873,41.962208774347936,0.9835336764452824,47.21399995437746,0.1541645024154379,41.535604538503,0.9379724543109016,48.36185455152654,0.23275349399696754,56.360626400625335,34.8484293806532,56.417980067833,37.7593881783846,56.064297354883834,28.133976913195188,54.00243605475267,34.74454564857962,59.135273542449674,34.223793276678315,1.0,0.9476439790575916,0.9270833333333334,0.968421052631579,0.07291666666666667,0.031578947368421054,0.7225130890052356,0.7202797202797203,0.7291666666666666,0.8229166666666666,0.6210526315789474,963.1225130890413,6.870180623944159,284.952879581186,5.6523238317964895,975.2937062937258,6.882738662859358,296.40559440564,5.691728767756766,926.8625000000853,6.83180522662468,250.83333333333334,5.524788707954921,1009.9510416667036,6.9176571350630995,343.5541666666977,5.839344789672197,915.8010526316141,6.8197991496344486,225.73473684214255,5.419360579123857,730.5890625000611,875.9140625000293,1287.9396825397002,6.593851143677073,6.775267983955143,7.160799075241405,733.0895833333876,886.4354166666748,1313.3999999999958,6.597267909062144,6.787208270820575,7.180374473756869,723.0875000000815,844.3500000000931,1213.1500000000817,6.583530238349263,6.738567100578256,7.100975561645056,705.3531250000817,937.1281250000178,1387.3718750000119,6.558698563935425,6.842820012484886,7.235166499014439,755.8250000000406,814.7000000000407,1185.3000000000236,6.627809867902132,6.702819947316646,7.077751186085474,58.55088889519035,0.8507087295917486,53.68878730280589,0.13976377468944085,49.99999999999999,1.0,50.04584850218125,0.08404732341507909,49.8709637397339,0.26736416480830205,53.88358698176529,35.41628245313052,52.32674905318896,36.777440047825245,57.89743862353893,33.28658784978362,55.94679282558958,25.530547440224648,49.63865014107392,46.85454175295384,-0.03472222222222221,-0.03125,-0.008886946386946315,0.20186403508771922,-5.251791180029528,-6.8262500130235395,3.688787302805899,0.1748847624473484,0.8293691740298446,0.705218960313934,-0.8602362253105591,-0.18331684139322296,0.35368271294916553,-5.132837487697003,-5.57068957034997,6.308142684515666,9.62541126518941,0.5207523719013025,3.4908521980416225,-21.323994312729194,-54.95972222234025,125.3312500000369,48.43120629364046,94.14998903508956,-0.06325076019244769,0.14676901252690744,0.050933436234678275,0.09785798542865098,13.09166666673255,96.32083333331198,45.572261072306645,117.81942982455516,0.342976964785072,0.092141017178702,0.0332934003248783,True,True,True,D,27,26,42,37,62,15,10,-5,1,1,1,1,1,1,6,True,True,True,True,False
12654859,D,1.0,0.8534031413612565,0.9375,0.7684210526315789,0.0625,0.23157894736842105,0.7120418848167539,0.7342657342657343,0.6458333333333334,0.6145833333333334,0.8105263157894737,823.5549738219916,6.71363030370045,386.71727748690904,5.957693876919296,811.6643356643377,6.699086874973005,380.72727272727093,5.942083299192052,858.9791666666688,6.755744668682776,404.56249999999744,6.002806236305722,830.8750000000022,6.7224793623617485,441.07291666666697,6.089210205694392,816.1578947368439,6.704607834697711,331.78947368420626,5.804500652371262,720.4687499999995,808.6874999999975,943.3809523809616,6.579902041841079,6.695412563076168,6.849470180250913,705.3333333333316,798.0833333333309,934.1276595744786,6.5586705043100775,6.682213019733616,6.8396131093755095,765.8750000000035,840.4999999999973,970.5625000000055,6.641018971045823,6.733996952848667,6.877875800329414,693.1250000000008,829.9375000000041,969.5625000000017,6.541210358104633,6.721350396750551,6.876844938824552,747.8124999999982,787.4374999999909,916.3548387096946,6.61715227810269,6.668784002470837,6.820403668166482,50.02665733052582,0.1533697329867681,53.72069551453003,0.1598809351842307,40.7264925637026,0.859062575209441,42.65142029592915,0.10492066405130107,55.68038669489293,0.30074339040738507,54.66593190874654,76.74448954490921,51.87406854103571,67.31756598920448,65.64672981510166,102.06150110892,54.70664416665606,64.54186303270966,51.35327573012342,132.4350063545765,1.0,0.8324607329842932,0.9166666666666666,0.7473684210526316,0.08333333333333333,0.25263157894736843,0.7486910994764397,0.7412587412587412,0.7708333333333334,0.8210526315789474,0.6770833333333334,851.0628272251299,6.746485953374848,480.7068062827251,6.175257533906655,829.2657342657324,6.7205406517390855,493.85314685314694,6.202238199416748,916.0000000000022,6.8200163646741325,441.541666666677,6.090272390826914,921.2526315789473,6.82573430003021,570.0421052631607,6.3457102269831624,781.6041666666648,6.661348431659431,392.30208333333576,5.972032163763057,777.9843749999984,808.2812499999953,968.7619047619083,6.656706440429154,6.694910079637883,6.8760188693785365,752.8958333333297,804.5624999999945,932.4893617021311,6.623926882683943,6.690298651419846,6.837857743090569,853.2500000000045,819.437499999998,1075.3125000000036,6.749052587786822,6.708618129259618,6.980366595991803,815.8750000000003,892.5000000000017,1059.7096774193526,6.704261156955382,6.794026513653796,6.965750260364582,740.0937499999964,724.0624999999891,880.6562500000091,6.606776867363002,6.58487771462668,6.7806673681837335,44.67304453984614,0.07733905558809251,46.56272098259796,0.06382832527986937,45.19617087972404,0.1405145451691554,41.34762325587117,0.20505755907629825,47.39112801117563,0.07331288637787353,53.747976310947834,56.68687032506595,54.55944441001142,66.98308470755099,57.52336384446113,28.552674583730116,49.71997744567245,46.35956609622546,56.40407031567879,59.66865150365831,0.0884324009324009,-0.19594298245614028,-0.02957459207459212,0.143969298245614,12.994202950827429,-13.028966398963782,1.3665501028739158,-6.043504755304461,-0.6991816400252102,-0.195822726356084,-0.07668621988928603,0.13174467269842471,-13.772661274065953,3.353368436532641,-2.963919434449707,-6.684092870006339,-34.743935119715516,-67.89314332186684,38.43041012382087,-13.309085407432853,-47.31483100233106,14.71710526315826,-86.7342657342698,139.64846491228252,-0.0566577937097712,0.017871527664037323,-0.09947571293504698,0.16438586837077906,-23.835227272726513,109.28344298246071,52.311480186469964,177.74002192982493,0.7952885736230209,0.7129449519986344,-0.0491791602197739,True,True,True,D,19,55,88,72,100,69,53,-16,1,1,1,1,1,1,6,True,True,True,True,False
12654867,D,8.0,0.9184782608695652,0.8681318681318682,0.967741935483871,0.13186813186813187,0.03225806451612903,0.9619565217391305,0.9637681159420289,0.9565217391304348,0.9886363636363636,0.9375,1041.2652173906404,6.948191807915093,447.8277173915311,6.1044085990591554,1049.985507245297,6.956531640432785,447.04782608734524,6.1026655823741685,1015.1043478266699,6.922746691932301,450.16739130408865,6.109619494272459,1026.9181818179786,6.934317539586488,550.1090909090232,6.310116605665645,1054.4166666655801,6.960742970400233,354.0697916671634,5.869494045304108,937.6295081958419,1000.1266666665673,1180.790476189483,6.843354890379393,6.90788193762716,7.073939388255994,952.541304346336,972.2644444439146,1219.7702127647526,6.859133470203794,6.879627829643331,7.106417769794351,891.9000000009933,1083.7133333345253,1066.2874999996275,6.793354018673275,6.9881486943823985,6.971938268175367,986.3551724126627,1006.2678571433893,1083.516129032258,6.894016505169297,6.914003574804766,6.987966706912926,893.4718749993481,994.7531249993481,1275.0249999980442,6.795114856767014,6.902494590794285,7.150721065241899,58.8484891412417,0.6876161536701426,54.61835269050277,0.16728444030323497,59.31970507317235,0.7508884996139805,57.06649268440246,0.12701341088888612,56.58914607109704,0.3610070470461575,68.93055489624898,11.586398499433747,69.54280071313931,11.851241756322993,59.99990002101213,7.4436456778371305,80.00066359388738,7.453543727384632,68.11590601495043,11.394413291520388,192.0,,,,,,,,,,,,,,,,,,,,,,,,,,,,,,,,,,,,,,,,,,,,,,,,,,,,,,,,,,,,,,,,,,,,,,,,,,,,,,,,,0.007246376811594124,0.051136363636363646,,,-4.701352382669583,0.4773466133054214,,,-0.5836040593107455,-0.23399363615727137,,,9.542900692127184,11.884757578936956,,,4.407596078485863,-3.940869564135756,,,34.88115941862702,-27.498484847601503,,,0.03378494850048419,-0.026425430813744377,,,-3.1195652167434105,196.0392992418598,,,-0.0758866361954249,-0.0239267474749034,0.4417382515696364,False,True,True,D,27,60,36,57,23,9,30,21,1,1,1,1,1,1,6,True,True,False,False,False
12654884,D,0.0,0.9322916666666666,0.96875,0.8958333333333334,0.03125,0.10416666666666667,0.6979166666666666,0.7291666666666666,0.6041666666666666,0.7291666666666666,0.6666666666666666,737.9015624991152,6.603810431556476,384.1848958336438,5.951123936270788,708.6368055550588,6.56334313231174,365.8902777781089,5.902333500964607,825.6958333312845,6.7162264651847625,439.0687500002484,6.084656006736861,803.5708333322158,6.689065337274902,422.38125000040355,6.045908342203232,672.2322916660147,6.510603952914352,345.988541666884,5.846405657939659,563.0484375003725,650.868749998277,999.7874999986961,6.333365659075464,6.478308008976083,6.907542756399509,556.31458333383,633.0874999991307,936.5083333322158,6.321333931610608,6.450608643237537,6.842158420223854,583.25,704.2124999957159,1189.6249999981374,6.368615910901539,6.557080157196351,7.081393410390942,580.9593750000931,730.4249999974854,1099.3281249990687,6.364680831860044,6.59362655651193,7.002454476719534,545.1375000006519,571.3124999990687,900.2468749983236,6.301038056421749,6.347936345412407,6.802669031263114,45.978195180420194,0.16037592326746292,42.68954219907763,0.19111280199292757,58.85964228476466,0.9132237031454578,47.21399995437746,0.1541645024154379,44.93350016822062,0.17238009264405302,42.517194975996944,34.82746618565906,42.90159099619556,30.661109883578458,41.599584047168634,43.969217895664734,45.97591250332418,29.321703077882834,38.99666191017982,37.857452695286426,1.0,0.9424083769633508,0.9578947368421052,0.9270833333333334,0.042105263157894736,0.07291666666666667,0.8481675392670157,0.8671328671328671,0.7916666666666666,0.9052631578947369,0.7916666666666666,630.1575916227714,6.445969933537397,392.3256544500433,5.972092246055792,615.402097901681,6.4222758718871376,395.3286713284629,5.979717498227607,674.1166666668529,6.513403191877818,383.3791666664183,5.949024490758578,628.2357894734332,6.442915556945334,379.3442105258766,5.9384440001040995,632.0593749997206,6.448983337518409,405.171875,6.004311359797713,534.123437498929,556.8888888884159,798.3156250007451,6.280626968612714,6.32236573867889,6.6825040393034305,522.6562499987582,518.2893617020009,803.2375000001242,6.258923982194327,6.250533699617467,6.688650436094769,568.5249999994412,670.2749999985099,783.5500000026077,6.34304528759651,6.507688075933342,6.663834875972553,526.6562499990687,571.5161290317774,784.7625000006519,6.266548058674525,6.34829270511445,6.665381124235728,541.5906249987893,542.7187499995343,811.8687500008382,6.294510411623266,6.29659122994653,6.699338689166858,46.69292709071416,0.18745189347436164,46.65914487425978,0.16280297729877186,42.53311084530285,0.7681899527720082,48.36185455152654,0.23275349399696754,44.859212802827436,0.15646344057728578,43.85682456875122,26.11200473113683,43.703912807223446,24.337897578180442,44.42292735654811,29.740253708504337,49.14190330270755,11.717451592040808,42.27210580975122,26.957665513759476,0.125,0.0625,0.07546620046620045,0.11359649122807025,-16.170100085687032,2.2804997861568452,4.12603402895693,3.502641748699105,-0.7221109011525302,-0.01821559022861513,-0.6053869754732364,0.07629005341968176,1.302006949026925,6.979250593144364,-0.7190145493246618,6.86979749295633,-13.308108012086276,-8.535749617403592,-5.402356130323895,-15.240213921718668,-117.05902777622566,131.33854166620108,-58.71456876517186,-3.8235855262873883,-0.15288333287302258,0.17846138436055003,-0.09112731999068036,-0.006067780573075332,-73.17847222213948,76.39270833351958,11.949504662044603,-25.827664474123424,0.4848892725942124,0.3746122797084921,0.0050241123224714,True,True,True,D,21,38,65,45,63,44,24,-20,1,1,1,1,1,1,6,True,True,True,True,False
12654914,D,0.0,0.8802083333333334,0.9791666666666666,0.78125,0.020833333333333332,0.21875,0.8385416666666666,0.875,0.7291666666666666,0.84375,0.8333333333333334,650.667187500357,6.477998278766222,352.23281250071403,5.86429235611983,634.0666666671427,6.452154101380926,328.6798611122908,5.795084210500804,700.46875,6.551749753789814,422.8916666659838,6.047116039072621,660.443749999938,6.492911957580245,367.00208333383006,5.905367524697396,640.8906250007761,6.462858810537342,337.463541667598,5.821457479788899,546.3937499998137,596.3812500010243,809.2265625002328,6.303339869684231,6.390880143766306,6.696078930385381,537.8624999998137,585.1708333343266,779.1666666672876,6.287602951288095,6.37190382739522,6.658224972495529,571.9874999998138,630.0125000011175,899.4062499990689,6.349117137993836,6.445739660460358,6.80173482338859,496.9718749993482,617.2499999995342,867.1093750009313,6.208533434956846,6.425274128224534,6.765165122227482,595.8156250002794,575.5125000025143,751.3437499995343,6.389931265179145,6.355260948173692,6.621863270076233,37.89965514001772,0.3372429803742036,38.996104325686446,0.7314220524304831,39.27417196470613,0.8660365347498813,38.84567902243776,0.7428381562043798,37.79085067527702,0.25205219683418345,46.00604881842856,20.689891935163807,45.80170499990194,19.700804624799655,46.36507006303105,21.94431430135128,45.78790942265005,17.03904340032272,46.73843086983716,29.650625841055962,2.0,0.8315789473684211,0.925531914893617,0.7395833333333334,0.07446808510638298,0.2604166666666667,0.7894736842105263,0.7676056338028169,0.8541666666666666,0.7021276595744681,0.875,935.0099999994039,6.840557224418022,616.7847368418386,6.424520076226076,951.859154928738,6.858417077342775,610.7204225348754,6.414639280860178,885.1645833334575,6.78577359758599,634.724999999938,6.453191834224182,1109.0319148925073,7.011242765017897,813.3755319148619,6.701192911775115,764.6135416665735,6.639370531890952,424.2895833328366,6.0504162016661365,867.5749999987893,941.374603174272,997.1507936505571,6.765701963413984,6.847341150883009,6.90490200591784,902.2624999986341,968.6127659567493,985.7574468080668,6.8049054976786705,6.875864909684825,6.8934103271883105,763.5124999992549,861.3625000007451,1030.6187500003725,6.637929496494877,6.758515437891037,6.937914629014454,1078.3656249982305,1121.5032258048172,1128.2161290323543,6.983201863721054,7.02242523028677,7.028393017456437,656.7843749993481,766.8750000009313,870.1812499994412,6.487355768268379,6.642323815466391,6.768701523282945,34.634902619180714,0.13513123929529708,35.21873766922992,0.24492461343368233,45.057405278829876,0.24558442434539268,49.947974675849444,0.03678868685647779,39.09319162034994,0.8387320833126413,50.73686918631642,68.51472522827252,53.17120664527715,84.26728390961183,48.298081269662745,36.5089891836513,55.53787258362222,73.52418724042063,42.36178865344914,28.258869802489333,0.14583333333333337,0.01041666666666663,-0.08656103286384975,-0.1728723404255319,-0.2780676390196817,1.0548283471607363,-9.838667609599959,10.854783055499503,-0.1346144823193982,0.4907859593701963,-0.0006598109117103568,-0.8019433964561635,-0.5633650631291047,-0.9505214471871071,4.873125375614407,13.176083930173078,-2.243509676551625,-12.611582440733244,47.75829472596053,45.2653174379313,-66.40208333285727,19.55312499916181,66.69457159528054,344.4183732259338,-0.09959565240888768,0.03005314704290285,0.07264347975678476,0.37187223312694506,-94.21180555369301,29.53854166623205,-24.00457746506254,389.08594858202525,-0.4086586982103499,0.2993459240237552,0.5974896988502174,False,True,True,D,61,51,27,65,12,-34,4,38,1,1,1,1,1,1,6,True,True,True,True,False
12654926,D,0.0,0.8697916666666666,0.7395833333333334,1.0,0.2604166666666667,0.0,0.9947916666666666,0.9930555555555556,1.0,0.9895833333333334,1.0,544.8187499977648,6.300453170538532,260.84999999900657,5.563945529464593,554.4458333336645,6.317969116416824,267.74166665640143,5.590022585244634,515.9374999900658,6.2459856340951925,240.175000026822,5.481367824407479,568.9531249999999,6.343798049361973,269.863541662693,5.59791642999083,520.6843749955297,6.2551440520280615,251.8364583353201,5.528779901976244,474.9953124932946,554.3062499985097,605.15468750149,6.163304935550778,6.317717331842093,6.40548410717046,487.08750000099354,540.2791666636864,635.9708333363134,6.188443778403552,6.29208598127575,6.455152702754443,438.71874997019773,596.3875000029799,512.7062499970199,6.0838585471042945,6.390890623588074,6.2397030690742765,478.7593750059605,602.82500000298,625.2749999910592,6.171198122561007,6.401626939022712,6.438191552950488,471.2312499806286,505.78749999403954,585.0343750119209,6.155348950131149,6.226116620593276,6.371670606209652,64.68703704961575,0.23429439857570822,63.52715773603916,0.1968632125116233,57.806676836304455,0.13282971985875464,50.722314236353,0.11664438901328023,62.14313705219685,0.6663146046291258,59.99990002101213,7.4436456778371305,59.999900021011875,7.443648604744832,0.0,39.247,59.99990002101213,7.4436456778371305,0.0,39.247,1.0,0.9476439790575916,0.8947368421052632,1.0,0.10526315789473684,0.0,0.9895287958115183,0.993006993006993,0.9791666666666666,0.9789473684210527,1.0,675.7874345529766,6.515878580666928,325.99109947494185,5.786870078769891,685.6237762157735,6.53032904611016,329.9454545407862,5.7989273515284046,646.4833333492278,6.471547418064027,314.210416674614,5.750062878278382,815.6021052661695,6.703926619945338,384.5915789453607,5.95218193729708,537.4291666597128,6.286796968359007,268.00104166567326,5.590990867315517,604.9515625089409,620.4920634920635,801.054687485099,6.4051483928570185,6.430512814058533,6.685929218751651,607.3291666607064,583.1595744731579,864.2479166438184,6.409070928525691,6.368460861544946,6.761859668204462,597.8187500536444,730.1562499850984,611.4750000089405,6.393287614452718,6.593258552314391,6.4158740712317055,660.2406250163915,769.9225806420849,1015.2156249955299,6.492604351934276,6.6462899651721115,6.922856307333284,549.6625000014901,475.7312500029802,586.893749974668,6.309304453513741,6.164853093950275,6.374843798290799,58.965175517628396,0.7619238537028454,58.63341342659504,0.5072108838080746,58.36756366663253,0.6729896195018519,58.965175517628396,0.7619238537028454,58.965175517628396,0.7619238537028454,20.10716280657454,10.190296361856273,110.20865963215462,11.890502233541753,19.99996929979131,7.43994809280912,20.10716280657454,10.190296361856273,0.0,39.247,-0.00694444444444442,-0.01041666666666663,0.013840326340326392,-0.021052631578947323,5.720480899734703,-11.420822815843849,0.2658497599625136,0.0,0.06403349265286867,-0.5496702156158456,-0.16577873569377732,0.0,59.999900021011875,59.99990002101213,90.20869033236332,20.10716280657454,-31.80335139525517,-31.803354322162868,4.450554140732633,-29.056703638143727,38.50833334359868,48.268750004470235,39.140442866545754,278.1729386064567,0.07198348232163188,0.08865399733391133,0.05878162804613307,0.41712965158633075,27.56666662957943,18.027083327372935,15.735037866172206,116.59053727968745,-0.6649409269338966,-0.7648519030424991,-0.8526105185563633,False,False,False,D,4,2,2,3,2,-2,-1,1,1,1,1,1,1,1,6,True,True,True,True,False
12654929,D,0.0,0.9583333333333334,0.9895833333333334,0.9270833333333334,0.010416666666666666,0.07291666666666667,0.8854166666666666,0.9097222222222222,0.8125,0.8541666666666666,0.9166666666666666,656.2374999995033,6.4865227661046205,288.4890624967714,5.664657173606514,634.9180555554727,6.453495944196158,279.43749999544684,5.632778653977906,720.1958333315948,6.579523165765652,315.643750000745,5.754614204208115,714.6999999986341,6.571862874224022,399.0718749954055,5.989141538500089,597.7750000003725,6.393214428969289,177.90624999813733,5.1812567261408855,554.5812499988824,590.4906250005588,823.6406249990687,6.318213324458136,6.380953759136379,6.713734300065199,544.1145833320916,578.0375000014901,782.6020833328366,6.29915985580149,6.359638745463145,6.662624371838749,585.9812499992549,627.8499999977648,946.7562499977649,6.373287792476809,6.442301284431413,6.8530416682893085,622.3656249977648,655.3093749992549,866.4249999988824,6.433527741579587,6.485107452366517,6.76437555030151,486.796875,525.6718750018626,780.8562499992548,6.18784694161865,6.264677206302653,6.660391073998966,46.257525721410786,0.24706995484342936,47.65839119070163,0.2541066757323488,42.86712844185922,0.2340458096936192,49.99276507747058,0.22130184639353317,49.08357441083005,0.24439136722358568,46.30954067767219,31.070504144336727,47.07381826513851,30.281244601577082,45.16166143158647,31.860424117555038,49.634559667546355,11.869284862623667,39.99988472361427,38.4233403668722,0.0,0.90625,0.9791666666666666,0.8333333333333334,0.020833333333333332,0.16666666666666666,0.7864583333333334,0.7916666666666666,0.7708333333333334,0.7604166666666666,0.8125,863.2031250021731,6.760650034190121,503.8088541661079,6.222196938528085,850.035416668074,6.745278015284653,484.71875000041393,6.183568825825878,902.7062500044703,6.805397195958517,561.0791666631898,6.329862012613306,940.9656250054637,6.84690660863701,568.6197916691502,6.343212006330348,785.4406249988825,6.666244866040332,438.99791666306555,6.084494667421691,745.8562500011176,784.8468750026077,1058.906250002794,6.614532887267341,6.665488635064067,6.964991814773125,695.8750000012418,761.2020833330849,1093.0291666698952,6.545170046505456,6.634898872324562,6.9967081727883835,895.8000000007448,855.7812500111754,956.5375000014903,6.797717173774031,6.752014794431154,6.8633199935498395,805.1250000074505,827.4062500055878,1190.3656250033525,6.690997544876309,6.718295807788469,7.082015786816581,686.5874999947846,742.2874999996275,927.4468750022354,6.531733675199237,6.609736634428471,6.8324355152155425,40.887016954152536,0.15110985925491882,43.43239096229961,0.15475939504242564,35.36964762978982,0.16908781478870205,40.090025559489526,0.20995493654081315,41.526357959245765,0.1706741398338572,44.297209088811314,27.095147209231612,46.43791954653249,24.793823377846984,37.8203343472462,26.519241974861817,41.94333368538262,29.459941669536693,49.141903337725914,11.717451352950354,0.09722222222222221,-0.0625,0.02083333333333326,-0.05208333333333337,4.791262748842406,0.9091906666405265,8.06274333250979,-1.436332399756239,0.020060866038729586,-0.0230895208300525,-0.01432841974627641,0.039280796706955945,1.9121568335520465,9.634674943932083,8.617585199286289,-7.198569652343295,-1.5791795159779554,-26.554055504248538,-1.7254185970148335,17.74249031658634,-85.2777777761221,116.92499999826157,-52.6708333363963,155.5250000065812,-0.12602722156949397,0.17864844525473345,-0.06011918067386368,0.1806617425966781,-36.20625000529816,221.16562499726817,-76.36041666277583,129.62187500608468,-0.5185340322830259,-0.3223665491402474,-0.4597031596004781,False,False,False,D,9,24,38,34,31,29,25,-4,1,1,1,1,1,1,6,True,True,True,True,False
12655017,D,0.0,0.9479166666666666,1.0,0.8958333333333334,0.0,0.10416666666666667,0.7864583333333334,0.7847222222222222,0.7916666666666666,0.7604166666666666,0.8125,578.9427083333334,6.361203523339247,189.36458333333334,5.243674169250226,569.7777777777778,6.345246421264287,183.66666666666666,5.213122520484805,606.4375,6.4076016727855185,206.45833333333334,5.330098616416143,592.25,6.383928843038895,199.16666666666666,5.294141995137556,565.6354166666666,6.337949730490876,179.5625,5.190523336739508,459.296875,509.03125,768.5,6.129696787476684,6.232509409557879,6.644440562978651,448.5416666666667,497.2916666666667,763.5,6.106001579450518,6.209176708424985,6.637913124658687,491.5625,544.25,783.5,6.1975890932525965,6.299408700114657,6.6637710617960755,476.625,496.8125,803.3125,6.166730018177728,6.2082126913333315,6.68874380387035,441.96875,521.25,733.6875,6.091239178220773,6.256229773113011,6.598083188638741,41.206908759675535,0.8308156053444087,41.211152029244126,0.5723119981580232,43.25647549273596,0.8103634976914554,43.40787739490855,0.7946442575228,40.06973240279146,0.9244387539275422,47.14576946443946,22.89529031018239,47.35355404307277,21.436930341041208,47.05228229812222,30.465879863067677,47.52424198390143,24.11753325458918,46.76723510159087,21.39413005477324,0.0,0.9427083333333334,0.9895833333333334,0.8958333333333334,0.010416666666666666,0.10416666666666667,0.6979166666666666,0.7222222222222222,0.625,0.75,0.6458333333333334,685.1770833333334,6.529677320667855,313.4583333333333,5.7476664432122755,685.1319444444445,6.529611439340373,327.46527777777777,5.791382027401984,685.3125,6.529874938612207,271.4375,5.603731910295041,689.78125,6.536374518341486,345.90625,5.846167784585897,680.5729166666666,6.52293496795541,281.0104166666667,5.638391738634809,529.515625,669.734375,856.28125,6.271962673576807,6.506881178551981,6.7525988852608245,535.6041666666666,643.6875,876.1041666666666,6.283395393224149,6.467213359886021,6.7754849955868925,511.25,747.875,796.8125,6.236858707357012,6.617235851710196,6.680619393898341,561.46875,741.5,766.375,6.330556118132845,6.608675161577986,6.641671606082852,497.5625,597.96875,946.1875,6.209721176848797,6.393538495060076,6.852440752372098,40.77729347582777,0.994737901357789,40.49328039730587,0.9900275620842097,42.53311084530285,0.7681899527720082,49.27775195756029,0.0897419543229403,41.981947034235176,0.9696533385832157,46.72080039878358,30.396327867211546,45.947945832044844,24.902266197032393,55.5782627729928,46.10915043271383,45.91401976005821,27.751357316741842,47.98109264800041,35.088688731889185,-0.00694444444444442,-0.05208333333333337,0.09722222222222221,0.10416666666666663,-2.045323463491833,3.338144992117094,-2.0398304479969838,7.2958049233251145,-0.2380514995334322,-0.12979449640474217,0.22183760931220153,-0.8799113842602754,0.3012717449505473,0.7570068823105629,-9.630316940947957,-2.067072887942203,-9.028949522026469,2.723403199815941,-21.20688423568144,-7.337331415147343,-36.65972222222217,26.61458333333337,-0.18055555555554292,9.208333333333371,-0.06235525152123156,0.0459791125480189,-0.0002634992718340001,0.01343955038607536,-22.791666666666686,19.604166666666657,56.02777777777777,64.89583333333331,0.0430410410385362,-0.5661939171683746,0.3748949476498047,True,False,True,D,26,33,22,42,14,-4,16,20,1,1,1,1,1,1,6,True,True,True,True,False
12655020,D,1.0,0.9109947643979057,0.8526315789473684,0.96875,0.14736842105263157,0.03125,0.8586387434554974,0.8541666666666666,0.8723404255319149,0.8947368421052632,0.8229166666666666,873.2172774906556,6.772184410887113,429.4036649170975,6.062397420380539,864.6972222261958,6.762379413547897,396.15069444063636,5.98179468038368,899.321276598788,6.801640341707415,531.2851063768934,6.275298800647068,933.6631578934818,6.8391157285272595,393.8399999932239,5.97594473543274,813.401041675359,6.7012242741157255,464.59687499801413,6.141170094093313,763.1375000122935,868.9687500037251,989.3603174553978,6.637438224763307,6.7673071637485025,6.897058590303199,773.6208333397905,884.0854166721305,936.3854166666666,6.651081874153654,6.7845536831644475,6.842027161666635,731.6875000298023,823.6187499985094,1158.8799999793368,6.5953535102806224,6.713707740798465,7.055209300429186,738.3156250007448,948.2406249977646,1120.264516126725,6.604371409325864,6.854608293884506,7.021320111517336,787.9593750238419,789.6968750096858,862.5468749925495,6.669446533990627,6.671649169309035,6.759889495246174,58.120574146449535,0.16002820659635342,56.76838532713496,0.1514663858949667,60.31177315315962,0.9227287804333459,56.16079146943343,0.18609832038653823,60.014382389213175,0.18227697996356224,58.164866939836585,24.315279603684406,61.46481051284479,21.6852923902122,50.17018357923668,11.888988647906721,52.3809413685652,14.158087692475434,59.98207560348711,25.553141250023735,0.0,0.8489583333333334,0.78125,0.9166666666666666,0.21875,0.08333333333333333,0.84375,0.875,0.75,0.8125,0.875,1007.1296875004969,6.914859670424865,393.5062499971441,5.9750969508244465,1051.0416666633553,6.957537014870714,389.2847222197388,5.964311009612425,875.3937500119208,6.774673785151597,406.1708333293597,6.006773842849317,758.4312500022352,6.631252155263626,511.59895832588285,6.2375410335921435,1255.8281249987585,7.135550494510411,275.41354166840534,5.618273755994947,953.1562500000001,982.9609375018629,1085.271874999627,6.859778846143544,6.890569381312689,6.989585810622151,1050.1166666621966,1000.7791666636864,1102.2291666641831,6.956656548086041,6.908534142253064,7.005089923323824,662.2750000134107,929.5062500163918,1034.4000000059598,6.495680877554287,6.834653531201713,6.941576827463409,594.5500000081956,722.1156250014901,958.6281249970193,6.387804816897372,6.582185271502342,6.865503225954029,1311.7624999918046,1243.8062500022356,1211.9156250022352,7.179126931769983,7.125931513582582,7.099957547871141,57.57980022778067,0.1692009140663187,59.989748808919835,0.8891567880026299,44.73325809968443,0.172920551270905,59.75838874724422,0.19623608554355854,59.034022779376365,0.8546561163725195,64.23334268263133,31.18877724356318,66.61784477096674,17.652614656837144,81.29445566595915,86.42282379825801,64.25847323636846,26.56678300917293,11547.100101244974,2990.900242520474,-0.018173758865248302,0.07182017543859653,0.125,-0.0625,-3.543387826024663,-3.853590919779748,15.256490709235408,0.724365967867854,-0.7712623945383792,0.003821340422975994,0.7162362367317249,-0.658420030828961,11.294626933608114,-7.601134234921908,-14.676610894992407,-11482.841628008606,9.79630374230548,-11.395053557548302,-68.77020914142086,-2964.333459511301,-34.62405437259224,120.26211621812274,175.64791665143446,-497.39687499652337,-0.03926092815951776,0.13789145441153394,0.18286322971911684,-0.5042983392467848,-135.13441193625704,-70.75687500479023,-16.886111109620913,236.1854166574775,-0.608383267281692,-0.29512804439598,0.5704271473600526,False,False,True,D,6,6,5,6,6,-1,0,1,1,1,1,0,1,1,5,True,True,True,True,False
12655032,D,0.0,0.9375,0.9375,0.9375,0.0625,0.0625,0.5885416666666666,0.6527777777777778,0.3958333333333333,0.6145833333333334,0.5625,902.6963541676911,6.8053862334875905,421.846874999969,6.044642392737733,825.5250000016143,6.716019547579521,388.7277777778606,5.962879298587177,1134.2104166659217,7.033692019690391,521.2041666662941,6.256141839589983,857.0500000007451,6.753496259953935,407.01875000012416,6.008859253177834,948.3427083346372,6.854715943609332,436.67499999981374,6.07918921131403,763.484375,821.4875000016764,1123.117187501397,6.637892659485296,6.71111672129543,7.023863301477033,705.9520833343267,749.0083333353201,1021.614583335196,6.559547364558662,6.618750109403685,6.92913957961174,936.0812499970198,1038.925000000745,1427.625,6.84170227826258,6.945941803701427,7.263767503370771,723.96875,829.3031250033528,1017.8781249988824,6.584748228470742,6.720585739692375,6.925475469903062,802.9999999999999,813.6718750000001,1228.3562500039116,6.688354713946762,6.701557182769501,7.113432172500895,50.00000223870287,0.1482080080422462,51.040957811625745,0.217276478742586,46.56422847417781,0.07690509644067611,48.579778086500134,0.13223983275009216,51.40637279444376,0.17123283681193374,51.294812579255385,43.106425850234196,50.11391984618008,38.0039156306909,53.710990370992604,69.0770368887006,52.33508915334167,42.15500694441138,50.270436383678316,44.26690256601817,0.0,0.9583333333333334,0.9583333333333334,0.9583333333333334,0.041666666666666664,0.041666666666666664,0.6770833333333334,0.7222222222222222,0.5416666666666666,0.6875,0.6666666666666666,995.7390624998758,6.903485237818526,487.4109374981685,6.189107581436179,968.1430555555141,6.875379861022287,440.8868055529893,6.08878816574914,1078.5270833329607,6.983351577551889,626.9833333337059,6.440919958674689,1040.0124999995653,6.94698801129354,570.5229166643695,6.346553337933344,951.4656250001863,6.858003558916168,404.29895833196747,6.002154600170409,858.9156249989755,930.3718749997206,1197.9296875009313,6.7556706924788426,6.835584371813459,7.088350085384472,816.2604166660458,899.5666666657975,1188.6020833346993,6.704733442121519,6.801913165892435,7.0805331756945264,986.8812499977649,1022.7875000014902,1225.9124999996275,6.8945497181098165,6.930287021990659,7.11144074363892,926.27499999851,1017.5781249990687,1176.1843750011176,6.831171166797756,6.925180695695081,7.0700308976331785,791.5562499994412,843.1656250003725,1219.675000000745,6.674000944388356,6.73716340964154,7.106339708796254,51.19536699740171,0.21922089744350226,47.65839119070163,0.2541066757323488,59.55789376661187,0.999353468617681,55.311453323950865,0.22535267874411669,42.53311084530285,0.7681899527720082,55.23937989715167,45.02952349465548,53.01515251259461,39.1706277800101,62.00986469118656,57.972797493366876,60.23905683398501,51.381055673511355,51.726464686825814,39.610702535018,0.2569444444444445,0.05208333333333337,0.18055555555555558,0.02083333333333337,4.476729337447935,-2.8265947079436273,-11.89950257591024,12.778342478648014,0.14037138230190987,-0.038993004061841585,-0.7452467928853322,-0.5428372740278915,-3.5970705248125228,2.064652769663354,-8.994712178591946,8.512592147159197,-31.073121258009706,-2.1118956216067843,-18.802169713356776,11.770353138493356,-308.68541666430735,-91.29270833389216,-110.38402777744659,88.54687499937904,-0.31767247211087035,-0.10121968365539669,-0.10797171652960191,0.08898445237737196,-132.47638888843352,-29.656249999689578,-186.0965277807166,166.22395833240205,0.1014655986965049,-0.2031540145085975,0.3864564451575616,True,False,True,D,12,35,39,32,34,27,20,-7,1,1,1,1,1,1,6,True,True,True,True,False
12655047,D,0.0,0.9166666666666666,0.8958333333333334,0.9375,0.10416666666666667,0.0625,0.796875,0.7986111111111112,0.7916666666666666,0.7708333333333334,0.8229166666666666,558.0635416667598,6.324472829852931,329.6468749997827,5.798022005762465,555.0319444450239,6.3190256696486635,327.06805555501745,5.790168270206446,567.1583333319674,6.340638512244487,337.38333333407843,5.821219771541685,555.7718749999378,6.320357913293133,347.1281250010555,5.849693948110188,560.3552083335817,6.328570883241281,312.1656249985099,5.743533896313007,498.710937501397,524.4734374992549,651.0062499996275,6.2120266443376355,6.262394783082536,6.4785192427763505,495.26875000260765,523.9187500004967,645.9083333319674,6.205100544534101,6.261336615047464,6.470657594847082,509.03749999776494,526.1374999955294,666.3000000026077,6.23252168770268,6.265562585412503,6.501740019572405,503.1312500005588,546.7843749988824,617.4000000003725,6.22085107045703,6.304054529091991,6.425517112068662,494.2906250022352,502.16249999962747,684.6124999988824,6.2031236539227255,6.2189237724890525,6.528852984765039,54.18990513670434,0.16280178363928194,54.16699798177113,0.2591766812280185,55.46634007956817,0.07113540683724795,54.339923873364775,0.14573000752513265,50.00005308493112,0.19215469418418152,60.10090322409148,32.05727587646523,60.86354965125115,28.916483208323946,57.98566456581402,45.63061152209874,61.41257224590861,31.70696693451059,58.652764438956446,32.2113135651347,2.0,0.9,0.8404255319148937,0.9583333333333334,0.1595744680851064,0.041666666666666664,0.8052631578947368,0.8028169014084507,0.8125,0.776595744680851,0.8333333333333334,647.5699999999059,6.473226895838395,437.63842105253747,6.081393046733827,661.6415492953129,6.494723942969902,436.3936619718729,6.078544730415945,605.94166666766,6.406783721811736,441.3208333328366,6.089772124163767,704.1723404260392,6.557023127940519,489.21382978717065,6.192799673624319,592.1468749993171,6.383754703773383,387.13749999987573,5.958779927083995,572.6682539705246,653.3888888869967,715.5734374993481,6.350306585648486,6.482172493951976,6.573084231744048,556.0659574473158,683.1191489341412,743.9875000001242,6.320886915717145,6.526669293747394,6.61202423361685,621.4375000074505,566.0562499985099,630.3312499970198,6.432035342752282,6.338693454887966,6.446245474850596,635.8322580668234,759.2516129016876,717.0187500007451,6.454934783375295,6.632333228259048,6.575101990886353,511.4781250022352,550.8343749977648,714.1281249979511,6.237304818108132,6.311434174126016,6.5710623930167795,56.008147291475964,0.12259303835614677,55.850725176859065,0.12506628349034143,54.92287199593528,0.8156771816205274,58.98090408640054,0.8843426366125171,57.13869250541187,0.08659622154710361,67.31613265549164,34.59045765785977,67.5116149916304,33.194333260927856,67.365640624299,40.21985944414127,70.55518100746521,27.79211797572441,60.00011527689079,38.42334036689784,0.006944444444444531,-0.05208333333333326,-0.009683098591549255,-0.05673758865248235,-1.2993420977970374,4.339870788433657,0.9278531809237833,1.8422115809886748,0.18804127439077056,-0.046424686659048864,-0.690610898130186,0.7977464150654134,2.8778850854371285,2.7598078069521677,0.1459743673313909,10.55506573057442,-16.714128313774793,-0.5043466306241129,-7.025526183213415,-10.63122239117343,-12.12638888694346,-4.58333333364385,55.69988262765287,112.02546542672212,-0.021612842595823523,-0.008212969948147908,0.08794022115816613,0.1732684241671354,-10.315277779060978,34.962500002545596,-4.927171360963712,102.07632978729492,-1.3364133287083422,-1.0158339219762,-0.2511785770089505,False,False,False,D,1,14,21,11,13,20,10,-10,1,1,1,1,1,1,6,True,True,True,True,False
12655060,D,1.0,0.6282722513089005,0.625,0.631578947368421,0.375,0.3684210526315789,0.5130890052356021,0.5104895104895105,0.5208333333333334,0.5104166666666666,0.5157894736842106,429.8481675417635,6.063432047593484,485.7874345604662,6.185771150775478,414.71748251348106,6.027597523377212,484.30279721080007,6.182710325173631,474.9250000218548,6.163156896877131,490.21041666467977,6.194834720694186,435.2093749791384,6.075827237081629,500.7375000317891,6.216082011741677,424.4305263418899,6.050748332385656,470.6799999789188,6.154178457550939,448.23437501490116,462.22343751043064,378.28095236278705,6.105316254130683,6.136048405144931,5.935637179757516,439.17500001192093,464.6666666865347,338.72765952982803,6.084897966926591,6.141320302695117,5.825196420291687,475.41250002384174,454.8937499821186,494.4687500596042,6.164182848278026,6.120063875158905,6.203483954039799,413.91875000298023,488.2156249731779,403.49374996125687,6.025669698533131,6.190757162717447,6.000160998026859,482.550000026822,436.2312500476835,352.2548387127536,6.179084542408729,6.078172492759587,5.864354887271395,46.24334638899192,0.7943330380318148,49.38384361830689,0.03794639925436011,61.35062127514044,0.15128117305144495,41.748390156700005,0.8800306853739955,49.80557599228313,0.0895812089829045,107.34131798335386,207.05576514120585,85.84898521730815,98.54460635481003,-4.019397872080443,139.42457059780102,88.62179421123122,99.51340084379989,43.74665382620327,278.1105443110171,0.0,0.6145833333333334,0.625,0.6041666666666666,0.375,0.3958333333333333,0.4895833333333333,0.4930555555555556,0.4791666666666667,0.5104166666666666,0.46875,549.3557291453084,6.308746190045468,576.8479166378578,6.3575786557482585,565.2805555231041,6.337322166350064,572.6666666302416,6.350303813812485,501.58125001192093,6.217765608261039,589.3916666607062,6.379090931521434,650.102083315452,6.4771294018129675,628.5895833174388,6.443478552984417,448.60937497516466,6.106152520162803,525.1062499582769,6.263600622988286,498.45781248807884,578.1249999627471,571.4843749850991,6.211518956910091,6.359790108202252,6.348237142502579,488.8208332856495,564.1541666189828,642.8666666646801,6.191996028237278,6.33532755921522,6.465937341405084,527.3687500953672,620.0374999940398,357.3374999463559,6.267900019405552,6.429779960071417,5.878680713192295,560.7718749791384,748.5499999821186,640.9843749850991,6.3293141828563595,6.618138001871958,6.463005080625285,436.14374999701954,407.6999999433756,501.98437498509884,6.077971890837357,6.01053160968632,6.218568993679629,59.821853422570506,0.0250188215946352,49.062734765293335,0.008256973098015707,46.54449931430804,0.0013993683965230486,46.85163277519832,0.5918357889912252,31.356127847511026,1.0557329705451757e-06,106.43474848535902,213.20032211889847,89.97319326486442,114.23068903338452,-0.5931843483127297,141.43620990839364,85.89377451947938,103.35028012187334,76.11732752117675,413.9295742996149,-0.010343822843822847,-0.005372807017543946,0.013888888888888895,0.04166666666666663,-11.96677765683355,-8.057185835583127,2.518235450985294,15.495504927687293,-0.11333477379708484,0.790449476391091,0.006857604701492659,0.5918347332582548,89.8683830893886,44.87514038502795,90.56637761317715,9.776446998302632,-40.879964242990994,-178.59714346721722,-27.205520875009114,-310.57929417774153,-60.20751750837377,10.778848637248473,63.699305511183184,201.49270834028732,-0.13555937349991876,0.02507890469597296,0.11955655808902499,0.3709768816501642,-5.907619453879704,30.057500052870353,-16.72500003046457,103.48333335916197,-0.8832120412885021,-0.5593779370533147,-0.7193934875949017,False,False,False,D,62,37,70,89,55,8,27,19,1,1,1,1,1,1,6,True,True,True,True,False
12655080,D,0.0,0.8489583333333334,0.75,0.9479166666666666,0.25,0.052083333333333336,0.59375,0.6527777777777778,0.4166666666666667,0.6979166666666666,0.4895833333333333,1124.1078124997828,7.024744944447855,387.8203125006209,5.9605421202419375,1086.6666666660458,6.9908701856920725,385.4930555557625,5.954523178718592,1236.4312500009935,7.11998448493127,394.80208333519596,5.97838458448359,1116.293749998634,7.017769325150434,454.9239583335196,6.120130280442373,1131.9218750009313,7.031672241364637,320.71666666772217,5.770558075001749,906.5281249987893,1183.6187499999069,1282.1765625006517,6.809622055636159,7.076331761901008,7.156314352256979,844.9833333324641,1053.481249999876,1361.5354166657974,6.73931690329575,6.959855435268942,7.216368324750729,1091.1624999977648,1574.03125,1044.1000000052152,6.994998920660853,7.36139528265574,6.950910549301059,840.1343749985099,1167.0937499981374,1341.653124999255,6.733561849279806,7.062271963248573,7.20165780796536,972.9218749990688,1200.1437500016764,1222.7000000020487,6.8803037860528695,7.090196620269706,7.10881680715182,56.21150863814847,0.8626658471142925,60.73725600946349,0.9246528128101863,57.82748903860712,0.10331986879773769,63.280130362150935,0.25842701330848844,60.60910947911685,0.984402375014194,56.95360461280161,124.39449531837124,58.16638026796989,98.30747913751438,49.57430001617159,209.25174076375623,59.37342899555456,72.96954153799037,47.799719116988946,262.70453020921633,0.0,0.890625,0.8125,0.96875,0.1875,0.03125,0.6041666666666666,0.6875,0.3541666666666667,0.6666666666666666,0.5416666666666666,1228.3109374983858,7.11339528308766,488.30208333317813,6.190934237561028,1136.0493055544794,7.035312001116054,458.09513888901307,6.1270768893738605,1505.0958333301048,7.3166118517870045,578.9229166656733,6.36116933687195,1194.864583332402,7.085788138557373,544.0489583332092,6.299039239742507,1261.7572916643694,7.140260704212486,432.55520833314705,6.069709967550648,1091.8703124984168,1132.245312497951,1460.8171874987893,6.995647387803815,7.031957942439192,7.286751275583912,966.479166664804,1032.8895833324643,1408.7791666661699,6.873659742973543,6.940115574086591,7.250478769073057,1468.043749999255,1430.312499994412,1616.9312499966472,7.291686011182185,7.265648230844055,7.388285341664357,1016.6937499986963,1173.2843749988826,1394.6156249996275,6.924311219921506,7.06756225320026,7.240374118653322,1167.0468749981374,1091.2062499970198,1527.018749997951,7.062231798573399,6.99503901470936,7.331072584120293,59.441523964595675,0.9651042213089553,59.31970507317235,0.7508884996139805,58.17684084288221,0.36907579143765845,59.48711697232854,0.9163201532482149,50.69219575223597,0.07628571631565845,52.78223358829519,124.67337330217168,54.48756872078511,88.20465263849657,-22141.912083755564,12092.616916066163,54.67348843705877,79.2469787098068,42.87321485212094,238.42567061166037,0.2361111111111111,0.20833333333333331,0.3333333333333333,0.125,2.9097669708563743,2.671020883034082,1.1428642302901437,8.794921220092576,0.8213329440124486,-0.7259753617057056,0.38181270817632207,0.8400344369325565,8.5920802517983,11.573709878565616,22196.39965247635,11.800273584937834,-110.94426162624185,-189.73498867122595,-12004.412263427666,-159.17869190185357,-149.7645833349477,-15.628125002297338,-369.04652777562546,-66.89270833196747,-0.12911429923919737,-0.013902916214203032,-0.2812998506709503,-0.05447256565511349,-9.30902777943345,134.2072916657974,-120.82777777666018,111.49375000006211,-0.2757461078997227,-0.223401998031369,-0.778460039646101,False,False,False,D,30,31,28,35,30,-2,5,7,1,1,1,1,1,1,6,True,True,True,True,False
12655147,D,0.0,0.890625,0.9791666666666666,0.8020833333333334,0.020833333333333332,0.19791666666666666,0.8489583333333334,0.8541666666666666,0.8333333333333334,0.8125,0.8854166666666666,575.8078125005899,6.355773946166249,251.83437499947232,5.528771629367588,578.5923611116078,6.360598190089878,256.1326388883302,5.545695430958939,567.4541666675359,6.341159982512569,238.9395833328988,5.476210730572787,578.3104166672565,6.360110777568534,251.48854166641834,5.5273974285274265,573.3052083339231,6.351418224704612,252.1802083325263,5.530143944371023,493.82812500023294,554.4421875013504,679.1531250001863,6.202187531547199,6.317962540762213,6.520846617598098,489.52916666617006,551.5083333350096,694.7395833336437,6.193444044804605,6.312656948887665,6.543537075107755,506.72500000242155,563.2437500003725,632.3937499998137,6.227968450128807,6.333712482935428,6.449512222300733,493.1437499993481,587.7906250022351,653.9968750001863,6.200800713689656,6.3763708045589444,6.483102573158606,494.5125000011177,521.0937500004657,704.3093750001863,6.203572428804187,6.255929967984992,6.557217712752062,42.76588257829692,0.1394085716973112,37.84699582062873,0.2424754982998047,49.99276507747058,0.22130184639353317,39.37322388586589,0.9210602334339073,41.33015727672103,0.2331464389020627,44.08230061903906,27.525898929322565,44.65105979352309,26.394108564035403,42.741475967294406,29.582722867383847,45.64798277207659,30.786607887062885,42.00000807045657,25.296394069507695,0.0,0.8541666666666666,0.96875,0.7395833333333334,0.03125,0.2604166666666667,0.796875,0.8263888888888888,0.7083333333333334,0.84375,0.75,551.0901041667288,6.3118983242168625,303.69479166700825,5.7160232223063865,546.1722222219946,6.302934351323807,312.95694444473423,5.746065623393672,565.8437500009313,6.338317980022562,275.90833333383006,5.620068684949162,567.5406250002173,6.341312332696876,326.898958333768,5.789651127226978,534.6395833332402,6.281592843861722,280.49062500024843,5.6365403019452005,491.33593749976717,514.2531249991152,647.6812500013039,6.19712808427018,6.242715605323772,6.473398677184557,483.827083333085,510.5499999988824,644.1395833340163,6.181727577041253,6.235488575999358,6.467915446926178,513.8624999998136,525.3624999998137,658.3062500031665,6.241955719940067,6.264088500512734,6.489670248585175,487.8031250005588,525.0718749994412,689.7468750006519,6.189911892076508,6.263535157981862,6.536324682461038,494.86874999897543,503.43437499878934,605.6156250019558,6.20429257589259,6.2214533660249804,6.406245502652284,35.72588204059128,0.1950234701230828,42.09859551170252,0.13131360022441801,39.56429361411839,0.14794731028723218,49.27775195756029,0.0897419543229403,30.000522011491736,0.25428798887604465,46.05077377666146,28.479181856948827,43.72928121208235,27.53484572416936,51.701915205901386,36.50900061210947,46.25355840841475,18.585145841412942,47.75751300738303,32.20061197020563,0.02083333333333326,-0.07291666666666663,0.11805555555555547,0.09375,-12.145769256841852,-1.9569333908551414,2.534301897584129,19.277229946068555,0.021173651906271518,0.6879137945318445,-0.016633710062814167,-0.16454603455310435,1.9095838262286833,3.647974701620015,-7.972633993819038,-1.503954598968285,-3.1886143033484444,5.4902138175551904,-8.974154887940106,-13.615466128792686,11.138194444071928,5.005208333333371,-19.671527778936706,32.90104166697711,0.019438207577308297,0.008692552863921676,-0.03538362869875478,0.05971948883515399,17.193055555431386,-0.6916666661079489,37.048611110904176,46.40833333351958,0.8128746469920154,0.224711263894408,-0.2915435788440836,True,True,False,D,36,25,24,19,13,-12,-17,-5,1,1,1,1,1,1,6,True,True,True,True,False
12655151,D,0.0,0.9583333333333334,0.9583333333333334,0.9583333333333334,0.041666666666666664,0.041666666666666664,0.84375,0.8541666666666666,0.8125,0.8541666666666666,0.8333333333333334,415.3489583333333,6.029119030356893,192.40625,5.2596090221114835,404.22222222222223,6.001964781741848,194.5625,5.270753448201827,448.7291666666667,6.106419513469464,185.9375,5.225410595739949,432.90625,6.070521191858153,225.83333333333334,5.419797264085746,397.7916666666667,5.985928417650087,158.97916666666666,5.068773166381742,340.8125,361.125,544.109375,5.83133247268628,5.8892241587864,6.29915028363199,335.3333333333333,346.8541666666667,530.4791666666666,5.815125061991575,5.848904422636961,6.27378068615504,357.25,403.9375,585.0,5.878435816809977,6.001260163023114,6.371611847231857,358.84375,382.5625,557.3125,5.882887056976463,5.9468920386112885,6.323126123895098,322.78125,339.6875,530.90625,5.776974849206907,5.828026077315529,6.274585451982188,47.19401824836172,0.2654585125661983,41.92124314848236,0.9960440688390376,56.4212927660731,0.25235147388899004,45.94548867036701,0.2400941354544276,48.79538120729967,0.3041131004327754,46.5359876252363,14.642764272987272,45.509512749866985,13.12630712852587,49.141903337725914,11.717451352950354,46.30079932706147,15.51315431978781,46.96553985533504,13.408602127917536,0.0,0.921875,0.9895833333333334,0.8541666666666666,0.010416666666666666,0.14583333333333334,0.8854166666666666,0.9027777777777778,0.8333333333333334,0.8645833333333334,0.90625,458.5989583333333,6.128176099015497,272.0260416666667,5.605897803134648,459.05555555555554,6.12917123880502,267.6666666666667,5.589742425278652,457.2291666666667,6.125184723994968,285.1041666666667,5.652854610566888,519.1979166666666,6.252285152798368,305.0208333333333,5.720380080285591,398.0,5.986452005284438,239.03125,5.47659429652214,412.765625,423.296875,539.734375,6.022879937928665,6.048073765028566,6.291077120388589,417.4583333333333,426.0,533.7083333333334,6.034184738911318,6.054439346269371,6.27984949748319,398.6875,415.1875,557.8125,5.988177902002174,6.02873022542546,6.324022884408058,446.5625,465.53125,645.5,6.101579368124186,6.143179226579867,6.470025210286697,378.96875,381.0625,433.96875,5.937453747857066,5.942963403668035,6.072972526899654,41.208157575658554,0.20699812791577316,40.25917002592897,0.6445821781949835,44.21831143946869,0.13313697581279993,39.17414427158271,0.954715503228781,47.02169688413487,0.20898813195495675,48.53538560986273,11.52082280193939,47.20144014948987,11.00033026566378,50.0,11.906956916792971,47.24558974852025,11.088408838111809,49.70329108266851,12.143554967330724,0.04166666666666663,0.02083333333333326,0.06944444444444442,-0.04166666666666663,-14.50004961759074,-2.849892536932657,-3.959141413539726,-7.847552612552157,0.7436925949500476,-0.0640189649783478,0.5114452023821836,0.7457273712738242,-3.6323905878589287,-0.664740528273569,-2.798559850510131,-2.457701334148254,1.4088557755755158,2.1045521918702743,-0.9066266511291907,-1.0551461292189153,-44.50694444444446,35.114583333333314,1.8263888888888573,121.19791666666663,-0.10445473172761588,0.08459277420806544,0.0039865148100517445,0.2658331475139306,8.625,66.85416666666669,-17.4375,65.98958333333331,-0.345475872410959,0.5539588563090565,-0.5520529093024128,False,True,False,D,9,22,59,42,36,50,33,-17,1,1,1,1,1,1,6,True,True,True,True,False
12655179,D,1.0,0.8952879581151832,0.9791666666666666,0.8105263157894737,0.020833333333333332,0.18947368421052632,0.8848167539267016,0.8531468531468531,0.9791666666666666,0.8526315789473684,0.9166666666666666,702.17277486911,6.554179491790898,435.1675392670157,6.075731104678598,703.6293706293707,6.556251755353985,423.46153846153845,6.048462691695244,697.8333333333334,6.5479802967910885,470.0416666666667,6.152821343256975,756.1578947368421,6.628250209844278,518.0,6.249975242259483,648.75,6.475047434480098,353.1979166666667,5.867028570260163,671.4375,670.7619047619048,763.828125,6.5094209364267615,6.508414237581933,6.638342796580099,703.0625,659.1063829787234,747.7916666666666,6.555445792553044,6.4908849523976455,6.617124418681331,576.5625,705.0,811.9375,6.3570837466689465,6.558197802812269,6.699423366755951,729.09375,794.4516129032259,746.125,6.591802324563327,6.677652081545954,6.614893146488814,613.78125,550.9375,781.53125,6.4196385943094745,6.31162137259219,6.661255136266159,40.09217630607993,0.2293668383444471,39.31210824160595,0.21825728908248987,40.95653109598081,0.534045770485847,45.440953767095266,0.18530764926172694,38.84567902243776,0.7428381562043798,42.6362237723122,23.716476987249923,42.720316064105084,24.299871676951383,39.99993336077985,7.439848718813114,39.8538746045207,23.35025101630214,46.532186909992404,20.52763505612512,3.0,0.8994708994708994,0.9468085106382979,0.8526315789473684,0.05319148936170213,0.14736842105263157,0.7566137566137566,0.7746478873239436,0.7021276595744681,0.6702127659574468,0.8421052631578947,818.8306878306878,6.707877332115942,486.994708994709,6.18825325853632,821.7676056338029,6.711457636876801,500.72535211267603,6.216057751392753,809.9574468085107,6.6969817114821755,445.51063829787233,6.0992211260822575,873.8510638297872,6.772909953617119,533.063829787234,6.278641172694079,764.3894736842105,6.639077441580839,441.41052631578947,6.089975341104643,746.75,831.0952380952381,880.7741935483871,6.615730457096219,6.722744394901413,6.780801286101397,750.0625,838.063829787234,878.7021276595744,6.62015653639166,6.731094266778534,6.778445963870864,736.8125,810.625,887.2666666666667,6.602333450052346,6.697805555070708,6.788145575984346,749.1875,877.4375,1003.0,6.618989285967318,6.77700572773217,6.910750787961936,744.3125,783.258064516129,766.1875,6.612460973528215,6.663462226001611,6.641426917855213,40.51109989458423,0.9999580944030336,40.68514922453418,0.9774466045029513,40.002792981182196,0.2020573772298686,41.52366560799417,0.26558981947719296,40.671597324169795,0.9392986645179524,52.74885449459415,57.03195042734766,52.903442961235505,50.58287559072333,52.24519116089672,79.53339856370461,58.87137629333157,55.8138570033554,41.688214629011384,34.82770346639327,-0.1260198135198135,-0.06403508771929822,0.07252022774947553,-0.17189249720044786,-1.6444228543748594,6.595274744657509,0.6823562433519825,0.8520682838243729,-0.31578848140335714,-0.5575305069426528,0.7753892272730827,-0.6737088450407595,2.7203827033252352,-6.678312305471707,0.6582518003387889,17.18316166432019,16.86002295813827,2.8226159601770178,-28.950522972981275,20.986153536962135,5.796037296037298,107.40789473684208,11.810158825292206,109.46159014557668,0.008271458562896683,0.15320277536418025,0.014475925394625833,0.13383251203628,-46.58012820512823,164.80208333333331,55.2147138148037,91.65330347144453,0.2583864554859958,-0.0820205679886934,0.0123638278668385,True,True,True,D,45,54,56,55,58,11,10,-1,0,0,0,0,0,0,0,False,True,True,False,False
12655180,D,0.0,0.7552083333333334,0.7916666666666666,0.71875,0.20833333333333334,0.28125,0.625,0.6111111111111112,0.6666666666666666,0.6354166666666666,0.6145833333333334,753.4270833334109,6.624632242758106,328.9468749997516,5.795896263562127,727.3368055555555,6.589389651621241,333.02013888872335,5.808202965295089,831.6979166669771,6.723469293962255,316.7270833328366,5.758040467200596,757.7999999999689,6.63041949858446,392.46458333249524,5.972446299603389,749.0541666668529,6.6188112995496855,265.42916666700813,5.581348012871961,690.6421874992084,789.6218750001863,780.0171875008382,6.537621871273126,6.671554191636471,6.659315954698349,635.5416666660457,776.1916666664183,770.2770833342025,6.4544776536510104,6.6543994828122655,6.646750298603768,855.9437499986963,829.9125000014901,809.2375000007451,6.752204661364228,6.721320273548436,6.696092446286989,763.2937499987893,782.2781250015831,727.8281249995343,6.6376429506388295,6.662210335883594,6.590064928288967,617.9906249996275,796.9656249987894,832.2062500021419,6.426473287439111,6.680811547369215,6.724080306737104,57.92035505979822,0.6629016001843983,46.131103818380325,0.1112364362248458,40.43043017215926,0.18638450966407316,51.59013083695287,0.17945447106929796,37.22850817529479,0.09651679811788372,64.24154681613744,104.17386406621695,67.55982949966089,115.4288925227539,56.54918885700031,72.2422300918063,67.6513416811208,122.11608756853255,61.59861945063386,94.55418031781359,0.0,0.828125,0.7604166666666666,0.8958333333333334,0.23958333333333334,0.10416666666666667,0.625,0.6527777777777778,0.5416666666666666,0.5833333333333334,0.6666666666666666,738.5994791674893,6.6047557972564075,561.4541666668374,6.330530144251742,741.2402777786677,6.608324834244359,552.8888888887855,6.315157057082609,730.6770833339542,6.593971615685886,587.1500000009935,6.375280323812782,770.4760416674739,6.64700855975041,709.118750000683,6.564023001930024,706.7229166675048,6.560638674887901,413.78958333299187,6.0253575918022095,657.7218750005122,758.1671875002794,799.9093750016764,6.488782159599902,6.630903925306249,6.6844984400032175,631.743750000683,769.6666666669771,822.310416668343,6.448483853066509,6.645957520686789,6.712117959619275,735.65625,723.6687500001863,732.7062500016764,6.600762957995856,6.584333760063965,6.596744871225997,626.0312500009313,882.0781249999999,803.3187500014901,6.439400289983413,6.782280629181577,6.688751584126698,689.4125000000931,634.2562500005589,796.5000000018626,6.535839785627255,6.452453052590175,6.680227129352442,52.44448459806256,0.1002455559229527,53.33163408038964,0.10186087382977943,53.905919291233104,0.1696223364381781,56.58746055684531,0.06108504389351188,43.67661432208607,0.3771010572055754,70.52378834300855,74.37293717539428,73.185158400837,76.97576693260321,65.38626514240924,48.43409608584189,83.6035261121315,101.124335177317,63.788387580627074,52.67008491192414,-0.05555555555555547,0.02083333333333326,0.11111111111111116,-0.08333333333333326,5.7006736462210625,14.361622661658082,-0.5742852108434633,12.91084623475924,-0.07514807343922736,0.08293767295141424,-0.06776146260839866,-0.3160160133120635,11.010640642660583,6.0527222304869355,7.7988932584277535,19.81513853150443,43.18666243094759,27.56190725071896,28.54167084676132,48.45425026539285,-104.36111111142156,8.745833333116025,10.563194444713531,63.75312499996903,-0.134079642341014,0.01160819903477428,0.014353218558472491,0.08636988486250896,16.293055555886724,127.0354166654871,-34.26111111220803,295.32916666769114,-1.2010623129780795,-0.7321165872151206,-1.0976719841993174,False,False,False,D,16,28,30,34,24,14,18,4,1,1,1,1,1,1,6,True,True,True,True,False
12655181,D,0.0,0.953125,0.9166666666666666,0.9895833333333334,0.08333333333333333,0.010416666666666666,0.75,0.7430555555555556,0.7708333333333334,0.7395833333333334,0.7604166666666666,744.4114583344199,6.612593917361101,241.07083333252618,5.485090804549173,734.6506944458104,6.599395140595871,248.47916666604578,5.515359005668279,773.6937500002483,6.6511761234566675,218.84583333196736,5.3883675245338765,752.8093749998758,6.6238120417003685,308.495833331719,5.7317083370361415,736.013541668964,6.601248517566361,173.64583333333334,5.157017784277003,582.5203125006519,670.3578125019558,980.3562500006519,6.367364056077622,6.507811618342239,6.887916026015911,574.5479166675359,650.2041666700194,979.1999999998758,6.353583499672416,6.477286416139059,6.886735911757935,606.4375,730.8187499977649,983.82500000298,6.4076016727855185,6.5941654809861125,6.891448035710436,602.3999999985099,707.0531250005588,948.9750000005588,6.40092167648321,6.561105804517102,6.855382454744026,562.640625002794,633.6625000033528,1011.7375000007451,6.332641102838748,6.451516478317406,6.919424428849651,54.330585805176696,0.23598925787207076,52.82394118123098,0.24155268973472788,59.31970507317235,0.7508884996139805,57.465559314984816,0.7677868664188401,55.07218599789087,0.17282869295526315,55.483076649306554,28.19159798804104,54.65226665535696,29.03425903195008,57.99999192955224,25.296394069488997,54.74362895087199,28.811058227767912,56.24993256697387,27.480382666407184,0.0,0.921875,0.875,0.96875,0.125,0.03125,0.703125,0.7083333333333334,0.6875,0.7083333333333334,0.6979166666666666,836.0046875009624,6.7286342201275495,454.74375000068295,6.119734073490004,830.768750000952,6.722351476948049,479.38750000070365,6.1725092474023215,851.7125000009934,6.747249028569796,380.8125000006209,5.942307128010343,841.6375000014281,6.735349398977256,498.78541666766006,6.212175976545398,830.3718750004967,6.721873642618994,410.70208333370584,6.017868093590762,692.2812500004657,780.1359374993482,1035.5968750030734,6.539992303683621,6.659468183344162,6.942733230301444,681.9562499988824,789.8520833340784,1020.4979166698951,6.524965506224035,6.671845691644188,6.928045940768046,723.2562500052152,750.9874999951572,1080.8937500026077,6.583763585374682,6.6213890071451305,6.985543524189331,696.5093750013039,777.1749999998137,1051.2281250031663,6.546081253289078,6.655665550233239,6.9577144025124325,688.0531249996275,783.0968749988824,1019.9656250029801,6.533866051521524,6.663256411197126,6.927524204732956,56.41039957478841,0.14967210303447265,55.62310758317692,0.20318276785305978,63.55821640959709,0.17582657696946957,58.470936304909124,0.17066954105366738,54.21942350512467,0.14124568800190757,56.06029295949564,34.191625635746206,54.68690437936033,33.6592725477661,60.19539390729864,34.17290303573279,59.11090124093974,35.749393250677784,53.38199437086049,30.812234041707264,-0.02777777777777779,-0.02083333333333326,0.02083333333333337,0.01041666666666674,-6.4957638919413725,2.393373317093946,-7.935108826420169,4.251512799784457,-0.5093358098792526,0.5949581734635769,0.027356190883590203,0.02942385305175982,-3.3477252741952768,-1.5063036161018815,-5.508489527938309,5.72890687007925,3.7378649624610816,1.330675561360728,-0.5136304879666866,4.93715920897052,-39.043055554437956,16.79583333091182,-20.943750000041405,11.265625000931323,-0.05178098286079624,0.022563524134007196,-0.02489755162174756,0.013475756358261926,29.63333333407843,134.84999999838564,98.57500000008275,88.08333333395422,0.6128724241583487,0.3131375429570109,-0.4252258432014936,True,True,False,D,61,61,59,64,60,-2,3,5,1,1,1,1,1,1,6,True,True,True,True,False
12655236,D,0.0,0.8958333333333334,0.9583333333333334,0.8333333333333334,0.041666666666666664,0.16666666666666666,0.8125,0.7986111111111112,0.8541666666666666,0.7708333333333334,0.8541666666666666,532.2593749987427,6.277130917519345,161.38802083286768,5.08381153271501,525.2562499986961,6.263886238747503,154.702777777695,5.041505713317589,553.2687499988823,6.315843869001045,181.4437499983857,5.200945688306328,517.4906249983857,6.24899140903028,196.93229166604578,5.282859972533923,547.0281249990998,6.304500217917549,125.84374999968954,4.835041058049261,468.6218749985565,501.51874999841675,626.6374999992549,6.149796206585843,6.217640994536416,6.440368223518367,459.3666666646798,507.3854166660458,609.0166666653628,6.129848729208664,6.229270905455426,6.411845634602026,496.38750000018626,483.91874999552965,679.5000000009311,6.207356871708374,6.181917020714502,6.5213572335925685,456.2468749983236,509.68124999757856,586.5437499992549,6.123034055554502,6.233785530319702,6.374247260365601,480.99687499878934,493.35624999925494,666.7312499992549,6.175860773200642,6.20123152971235,6.502387041180776,41.30370687122129,0.19120377718524134,49.93782570249984,0.07631889847717976,44.21831143946869,0.13313697581279993,39.8714731790529,0.17387147416307158,40.59250652066137,0.9517306436490758,50.69092723901116,37.89654317170888,50.39419383470956,38.450985077540544,51.70191520588709,36.50900061209881,51.94487170283742,34.060498123747976,48.00287700093881,41.426647094138254,1.0,0.9109947643979057,0.90625,0.9157894736842105,0.09375,0.08421052631578947,0.7015706806282722,0.7062937062937062,0.6875,0.6105263157894737,0.7916666666666666,669.8209424080493,6.5070104265300905,281.9251308897559,5.641641542389791,672.9111888109595,6.5116133578030375,297.24825174783496,5.69456765413336,660.6145833327125,6.493170588602685,236.27500000006205,5.464996380881383,767.1273684205194,6.642652848102923,341.47789473737544,5.833282947010578,573.5281249998758,6.3518069763432,222.9927083322158,5.407139072863713,517.1265624999069,658.6365079359402,833.524999999674,6.248287646290004,6.490171801044772,6.725663695741846,512.8062499997517,682.4914893612582,823.6354166666666,6.239898093519223,6.525750057181012,6.7137279764955355,530.0875000003725,588.5624999990687,863.193749998696,6.273042087259922,6.3776831232686995,6.760639173415738,554.5687500005588,775.1129032253258,971.9499999983236,6.318190784678442,6.653008700323881,6.879304362806397,479.68437499925494,545.7999999993481,695.1000000010245,6.173128335534862,6.302252608273044,6.544055720107914,42.701988917966325,0.6970874516197667,44.60065019270202,0.34746044071167026,59.31970507317235,0.7508884996139805,42.304208434934125,0.9356655884741095,58.729992285216746,0.8455844231793875,57.856590303475166,53.31106473535403,56.16834376591042,56.42098403625243,58.813651393128104,35.06413282743235,66.33950178418294,63.79424940424599,49.99999999998755,39.83395349816505,-0.05555555555555547,-0.08333333333333326,0.018793706293706247,-0.18114035087719293,5.719514263031151,-0.721033341608468,-14.719054880470331,-16.42578385028262,-0.056818077335620165,-0.7778591694860042,-0.40342805890231026,0.09008116529472199,-1.3077213711775286,3.941994701898608,-2.645307627217683,16.33950178419539,1.9419844654417346,-7.366148970390277,21.356851208820075,23.960295906080937,-28.01250000018615,-29.53750000071409,12.296605478246988,193.59924342064357,-0.0519576302535425,-0.055508808887268835,0.018442769200352593,0.2908458717597231,-26.740972220690708,71.08854166635625,60.973251747772906,118.48518640515962,-0.4208318618183642,-0.2487513259994882,-0.9265654266068422,False,False,False,D,33,78,85,80,63,52,47,-5,1,1,1,1,1,1,6,True,True,True,True,False
12655291,D,1.0,0.9738219895287958,0.9895833333333334,0.9578947368421052,0.010416666666666666,0.042105263157894736,0.5340314136125655,0.5486111111111112,0.48936170212765956,0.5263157894736842,0.5416666666666666,591.7643979057592,6.383108579159795,388.26701570680626,5.961693287744048,582.2083333333334,6.366828344732502,386.99305555555554,5.95840674856789,621.0425531914893,6.431399603243633,392.17021276595744,5.971695961785559,585.8631578947368,6.373086243356256,444.0736842105263,6.095990504092259,597.6041666666666,6.392928606128081,333.0416666666667,5.808267607278074,493.203125,519.2857142857143,761.671875,6.2009211074420545,6.252454240912306,6.635515852711214,501.1875,504.0416666666667,741.3958333333334,6.216980282567247,6.222658936611903,6.608534670702638,469.25,568.0666666666667,822.5,6.151135675466618,6.342238782725746,6.712348482639527,484.84375,526.2903225806451,744.59375,6.183826674082754,6.265853004542275,6.612838767634923,501.5625,512.5,778.75,6.217728225758435,6.239300711012564,6.657690070101663,47.23348903459928,0.2690242175093657,46.781787392565924,0.23736422738011237,49.99999999999999,1.0,42.53311084530285,0.7681899527720082,48.36185455152654,0.23275349399696754,49.7043937594427,50.50117861546884,49.81055138928604,47.35985304330501,48.345520811201716,57.84362625290095,53.365438098016604,49.19461238930806,45.73025489320432,51.185424206355925,0.0,0.9583333333333334,0.9895833333333334,0.9270833333333334,0.010416666666666666,0.07291666666666667,0.3958333333333333,0.4236111111111111,0.3125,0.3333333333333333,0.4583333333333333,666.640625,6.502251107611014,481.109375,6.176094635108771,676.3819444444445,6.516757923061469,494.6736111111111,6.203898173594997,637.4166666666666,6.457423549533866,440.4166666666667,6.0877212485163374,728.3958333333334,6.590844627536891,552.9270833333334,6.315226136288413,604.8854166666666,6.40503904615415,409.2916666666667,6.014428023326924,519.046875,576.140625,904.734375,6.251994197006546,6.356351771523419,6.807641392330646,518.875,585.5416666666666,924.7291666666666,6.251663006373203,6.372537344752799,6.829500901847454,519.5625,547.9375,844.75,6.252987111291307,6.306161229348804,6.739040725594399,531.03125,618.6875,1035.46875,6.274820870734379,6.4276002986800265,6.9426095017226,507.0625,533.59375,774.0,6.2286342701552835,6.279634781639264,6.651571873589727,45.401396705729454,0.2357569429665754,45.17713271043619,0.21244150387601118,42.53311084530285,0.7681899527720082,47.02169688413487,0.20898813195495675,49.99276507747058,0.22130184639353317,51.4776177328862,66.07304279266461,51.38811948736576,61.991408562733,51.38632038606274,78.11140416259518,50.959235022635006,76.23852001150448,52.11082080725848,56.74732213916869,0.0592494089834516,-0.015350877192982448,0.1111111111111111,-0.125,-3.2182126074340687,-5.82874370622369,2.6440218651333396,-2.971068193335711,-0.7626357726198876,0.5354364587750406,-0.555748448895997,-0.012313714438576429,1.465030578084324,7.635183204812286,0.0017991013030211889,-1.151585784623471,-10.483773209595938,-1.990811817047863,-16.11999559986218,19.49119787233579,-38.83421985815596,-11.741008771929842,38.96527777777783,123.51041666666674,-0.06457125851113066,-0.019842362771824718,0.05933437352760329,0.1858055813827404,-5.1771572104019015,111.03201754385964,54.2569444444444,143.63541666666669,1.0013955102964402,0.3984110610619515,0.5825873954159468,True,True,True,D,27,56,49,61,49,22,34,12,1,1,1,1,1,1,6,True,True,True,True,False
12655423,D,0.0,0.8541666666666666,0.8125,0.8958333333333334,0.1875,0.10416666666666667,0.90625,0.9305555555555556,0.8333333333333334,0.8645833333333334,0.9479166666666666,494.5760416665193,6.203700914097086,402.3369791667986,5.9972899941119735,481.9027777775708,6.177742387849576,380.8256944445893,5.942341775547891,532.5958333333643,6.2777628500923095,466.8708333334266,6.146052631260219,514.8874999995267,6.243948430197941,417.97395833356615,6.03541912994659,474.2645833335119,6.161765358650222,386.70000000003114,5.957649198613332,440.5640624996158,483.7718749999186,559.3921875000235,6.088055866129288,6.181613462959689,6.326850814814104,425.6979166662786,475.51249999979837,544.4979166666357,6.053729978920977,6.164393169757266,6.299864116225449,485.1624999996272,508.55000000027934,604.0750000001866,6.1844838863658715,6.231563539072154,6.403698362411826,472.0781249993014,504.468749999651,568.1156249996277,6.157144490955103,6.2235058953571105,6.342324963144769,409.04999999993015,463.07500000018626,550.6687500004192,6.013837397959536,6.137889028009189,6.311133448699397,58.25513806318653,0.21784271383704945,56.360828672258386,0.21703280940957176,72.8093278188519,0.12002339600653494,59.773400118202666,0.17408267537173644,59.02417583737604,0.7922940353719191,41.39393822712923,98.84944066492149,52.48729318093821,44.6522625208032,20.48222741246284,33.82181884469775,44.17625511447186,78.1718678770939,79.84880583308156,10.019061874232609,0.0,0.828125,0.8229166666666666,0.8333333333333334,0.17708333333333334,0.16666666666666666,0.8177083333333334,0.8263888888888888,0.7916666666666666,0.875,0.7604166666666666,614.7880208334343,6.42127752681852,581.6078124999768,6.365796358900715,598.2673611111888,6.394037746193891,578.4000000000622,6.3602656708446625,664.3500000001707,6.498809119037574,591.2312499997207,6.382207226829246,650.8406250003028,6.478264796568584,570.2343749998059,6.34604746052572,578.7354166665658,6.360845407098633,592.9812500001476,6.385162779611072,564.3484375000698,624.0499999999884,655.9656250002447,6.335671857726003,6.436230493364444,6.486108386656852,552.0749999999535,596.7812499999999,645.9458333336131,6.313683906612795,6.391550630835687,6.470715650938278,601.1687500004191,705.8562499999534,686.0250000001395,6.398875677153958,6.559411604863443,6.530914070210741,589.0500000002794,705.2218750003958,658.2500000002333,6.378511069692602,6.558512469612096,6.489584798376773,539.6468749998605,542.8781249995808,653.6812500002561,6.290914990464003,6.296884847227238,6.482619847325658,49.54429689018222,0.1683334481520623,45.05018143496911,0.20497035017987691,60.08147374373483,0.8454129194125362,57.5447616721539,0.5975267291341851,45.38224303667257,0.15150419568833623,60.5007359317633,101.77160883945007,64.68951948067351,104.39999482016407,59.99936174859359,29.18367914367202,50.000000000256996,121.3655480678708,64.31221511065321,83.96150153864916,0.09722222222222221,-0.08333333333333326,0.03472222222222221,0.11458333333333337,-16.448499146593512,0.7492242808266241,-15.031292308765721,12.162518635481334,0.09700941340303681,-0.6182113600001826,-0.6404425692326592,0.4460225334458489,32.00506576847537,-35.6725507186097,4.690157732079918,-14.312215110396217,10.830443676105446,68.1528060028613,75.21631567649204,37.404046529221645,-50.693055555793535,40.62291666601476,-66.08263888898182,72.10520833373698,-0.10002046224273364,0.08218307154771853,-0.10477137284368343,0.11741938946995045,-86.0451388888373,31.273958333535006,-12.831249999658553,-22.746875000341674,-1.080233726797607,-0.0115083925375885,0.5988720366954094,False,True,True,D,13,27,41,63,61,28,50,22,1,1,1,1,1,1,6,True,True,True,True,False
12655440,D,0.0,0.875,0.75,1.0,0.25,0.0,0.890625,0.9027777777777778,0.8541666666666666,0.90625,0.875,584.1609374995654,6.370176522773824,271.3083333328056,5.603255935495419,581.3624999992963,6.3653744865593795,270.0187499999172,5.5984914010313584,592.5562500003725,6.384445805212572,275.1770833314708,5.6174148298137325,580.506249999317,6.3639005676593445,271.2979166659837,5.603217540556831,587.8156249998136,6.376413335802007,271.3187499996274,5.603294328959892,458.3250000006519,472.11406249925494,822.0437499987893,6.127578539450512,6.157220614228408,6.711793617482651,461.9020833329608,465.5812499988826,816.6041666660458,6.1353529277813585,6.143286624985389,6.705154481329041,447.59375000372523,491.7125000003724,838.3624999970197,6.103886012988461,6.197894196100805,6.731450584509458,468.2593750040978,505.9874999960885,767.2718749977648,6.149022362488638,6.226511965417285,6.642841204006111,448.39062499720603,438.24062500242144,876.8156249998136,6.105664783301483,6.082768131678459,6.776296736518332,61.28154026767559,0.8572592623527169,61.28154026767559,0.8572592623527169,61.28154026767559,0.8572592623527169,50.722314236353,0.11664438901328023,61.51011508407834,0.9710096913526125,59.999900021014454,7.443627183956153,59.999900021011435,7.443653573699359,59.99990002101298,7.443640852902256,59.9999000210147,7.443625731912637,59.99990002101437,7.4436266305612175,0.0,0.875,0.7604166666666666,0.9895833333333334,0.23958333333333334,0.010416666666666666,0.8541666666666666,0.8541666666666666,0.8541666666666666,0.8229166666666666,0.8854166666666666,908.4755208347924,6.811767942877498,431.8755208333023,6.068137400502804,905.8854166687363,6.8089128263767025,430.2159722221808,6.064287343578596,916.2458333329608,6.820284705668514,436.8541666666667,6.079599424678855,1085.8114583355684,6.990082874312675,508.4239583332091,6.231315663171926,731.1395833340163,6.594604389994785,355.3270833333954,5.873038726784966,735.2187500009313,825.2687500012107,1164.9390625022352,6.600168073981959,6.715709090864427,7.060424057766715,717.6437500007451,795.8645833364377,1204.1479166690258,6.575973275999803,6.679429049935454,7.093527472699053,787.9437500014901,913.4812499955297,1047.3125000018626,6.669426704063134,6.817262850150958,6.953982638162722,828.9343750020489,1053.3500000024214,1375.150000002235,6.720140990363788,6.959730840574778,7.226318095061408,641.5031249998137,597.1875,954.728125002235,6.463814055438703,6.392231134434592,6.861426614088484,62.86130041816272,0.34080801352020806,56.88621019683433,0.12147184744488809,57.238009175159405,0.9475214165437187,63.280130362150935,0.25842701330848844,61.28154026767559,0.8572592623527169,61.20660566414739,19.649776706834313,60.0,19.40758163279303,67.92401968547978,11.335599010520529,61.51178436651294,21.9947371240423,59.99990002101255,7.443643363903485,0.04861111111111116,0.03125,0.0,-0.0625,0.0,-10.787800847725343,-0.35179897832507834,1.9985900944753467,0.0,-0.8543653023393323,-0.8260495690988305,-0.5988322490442284,-1.5418777365994174e-12,3.339550858072471e-13,-7.924019685479777,1.5118843455003912,1.2720797103682457e-05,-8.986485804385325e-07,8.0719826222725,14.551093760138814,-11.193750001076182,-7.30937500049663,-10.360416664224545,354.67187500155217,-0.019071318653192115,-0.012512768142662445,-0.011371879291811382,0.39547848431788957,-5.158333331553592,-0.020833333643736296,-6.638194444485862,153.09687499981368,-0.5260264854746519,-0.7837713238596619,-0.6349377935404371,False,False,False,D,22,37,58,56,58,36,34,-2,1,1,1,1,1,1,6,True,True,True,True,False
12655454,D,1.0,0.9685863874345549,0.96875,0.968421052631579,0.03125,0.031578947368421054,0.8481675392670157,0.8461538461538461,0.8541666666666666,0.8229166666666666,0.8736842105263158,954.2842931936626,6.860961628305952,521.5225130890188,6.2567524433825135,948.4279720278756,6.854805847670143,520.2755244755531,6.254358526012684,971.7312500000695,6.879079274460067,525.2374999999689,6.263850541250532,1095.5989583332946,6.999056486615648,547.8854166666666,6.30606617141092,811.4821052630872,6.698862335279701,494.88210526318534,6.204319563015945,769.2656249999126,907.2343749999127,1190.0365079365197,6.645436325987952,6.810400823569466,7.081739264573238,777.0041666665735,875.2791666665192,1198.2042553191013,6.655445712858512,6.774542883091625,7.088579261069909,746.0499999999299,1003.100000000093,1166.0437500001858,6.614792622086337,6.910850483889532,7.061371887647509,851.8343749998602,1070.1593749999302,1364.8031250000934,6.747392112391983,6.975562864962276,7.21876546644764,686.6968749999651,744.3093749998951,1009.6322580644438,6.531892964866262,6.612456775013928,6.917341442608175,49.922036917005514,0.22516857276157032,48.83351535525111,0.21484932052310407,57.465559314984816,0.7677868664188401,51.63814545540965,0.23275349411251428,48.173333654214545,0.22906325962826402,48.32899709222232,34.950121214104456,48.284148085730926,34.402531612992064,48.298081269662745,36.5089891836513,51.90243197667638,35.963972650892494,45.27424287262179,28.855104679463093,18.0,0.9137931034482759,0.9411764705882353,0.8876404494382022,0.058823529411764705,0.11235955056179775,0.8160919540229885,0.8294573643410853,0.7777777777777778,0.8205128205128205,0.8125,1134.7431034484086,7.03416156372252,656.7471264368567,6.487299053126852,1148.34496124044,7.04607702062717,646.5248062016746,6.471611567470659,1095.751111111252,6.999195353317343,686.0511111110449,6.530952130943229,1164.779487179736,7.060287066693033,776.9205128205464,6.655338045032378,1110.3385416667052,7.012420240298152,559.1062500001087,6.326339526650335,932.2915254239375,981.1859649123721,1491.5948275863032,6.837645561294518,6.888762008279149,7.307601180603764,930.2136363638145,990.4232558140659,1538.5452380953357,6.835414276286732,6.898132382888563,7.338592598356674,938.3866666669649,952.8142857143123,1368.3500000000931,6.844162088656657,6.859420011331621,7.221360913412274,1028.7481481486045,1071.9320000002535,1395.3192307692593,6.936097951891098,6.977217906783215,7.240878507336874,850.90625,910.2906249999647,1569.818750000151,6.74630195799248,6.813763916655579,7.358715445818191,47.46613959404345,0.12067695771027254,47.58738449977869,0.11046142722152646,47.21399995437746,0.1541645024154379,41.00510306240661,0.11929338931193467,56.4212927660731,0.25235147388899004,51.252736422676584,25.900230645994995,50.716746550806455,27.26347100286271,50.50901868097792,11.799616602977263,51.49676510738444,30.14392307447876,50.296683827045186,12.143041520170403,-0.008012820512820484,-0.05076754385964921,0.05167958656330751,0.008012820512820484,-8.632043959733707,3.464811801195104,0.3733845454012297,-15.41618970366649,-0.552937545895736,0.0036902344842502655,-0.04370307519391142,-0.13305808457705537,-0.01393318393181886,6.6281891040545915,0.2077278698285383,1.2000812803392549,-2.106457570659238,7.108867971429401,15.463854399885445,18.000881554308357,-23.303277972193882,284.1168530702074,52.59385012918801,54.44094551303078,-0.02427342678992428,0.30019415133594674,0.0468816673098269,0.04786682639488138,-4.961975524415834,53.00331140348129,-39.52630490937031,217.81426282043765,-0.5173639004729902,-0.3703992234740692,-0.9803529921333596,False,False,False,D,9,6,7,10,12,-2,1,3,1,1,1,1,1,1,6,True,True,True,True,False
12655458,D,11.0,0.9005524861878453,0.9333333333333333,0.8681318681318682,0.06666666666666667,0.13186813186813187,0.4530386740331492,0.45925925925925926,0.43478260869565216,0.40229885057471265,0.5,544.0276243093923,6.299000025547183,97.23204419889503,4.577100329964385,531.0962962962963,6.274943353757448,104.33333333333333,4.647590901872044,581.9782608695652,6.366433094576026,76.3913043478261,4.335868872257947,618.0344827586207,6.426544253245123,98.5632183908046,4.590698153379557,475.531914893617,6.164433998331656,96.0,4.564348191467836,525.5081967213115,549.9310344827586,556.7258064516129,6.264365788142669,6.309792878514772,6.322072850234348,491.4347826086956,539.1666666666666,562.7021276595744,6.197329240261581,6.290024737706946,6.332750407593582,630.0,578.1875,538.0,6.4457198193855785,6.359898210531537,6.2878585601617845,570.2258064516129,644.3846153846154,644.6,6.346032434050737,6.468295776692273,6.468629969381338,479.3,473.1875,474.34375,6.1723267061655855,6.159491715863525,6.161932269827132,49.74040786575229,0.06827010352889751,46.57270531974524,0.13772540400947825,41.18235877504015,0.8772334263140016,43.761809324930795,0.24353443416233067,51.59233329063082,0.09394697447333417,86.93572287830342,78.48809317203501,86.45524511565945,77.65914102610907,88.47360369369375,81.83714906171028,82.58033745387218,77.89887641236683,91.0579019457828,77.35728840766727,0.0,0.8802083333333334,0.96875,0.7916666666666666,0.03125,0.20833333333333334,0.40625,0.4027777777777778,0.4166666666666667,0.3645833333333333,0.4479166666666667,771.890625,6.648842862526437,188.671875,5.240009395161102,762.125,6.63611058422798,190.75694444444446,5.251000075501593,801.1875,6.686095002072354,182.41666666666666,5.206293447734862,775.6666666666666,6.653722874634182,202.72916666666666,5.311870933914098,768.1145833333334,6.64393891906751,174.61458333333334,5.162581164163441,725.5,776.59375,813.578125,6.5868610723242424,6.654917369364075,6.701441957696398,706.7083333333334,773.6041666666666,806.0625,6.560618039523893,6.651060330198347,6.69216128292461,781.875,785.5625,836.125,6.661694881221176,6.666400021685056,6.728778123438572,681.78125,780.15625,865.0625,6.524708858592298,6.659494220134983,6.762801758656921,769.21875,773.03125,762.09375,6.645375389392575,6.650319474678427,6.636069579614955,43.75126807368381,0.16947989869035462,44.04853319197624,0.1403348036504144,40.78031803508758,0.8882610267947441,43.42248422980513,0.9518042374677105,55.817333723273705,0.48619780921775513,84.08005635338318,79.28180004126587,84.28997581816738,82.0943971170856,83.22071937000679,70.31070495876045,80.45211521951015,81.32153594268037,86.08502458487989,71.5943027987744,0.024476650563607094,-0.09770114942528735,-0.013888888888888895,-0.08333333333333337,5.390346544705089,-7.830523965700024,3.268215156888658,-12.394849493468577,-0.7395080223045234,0.1495874596889965,-0.7479262231443297,0.46560642824995535,-2.018358578034295,-8.477564491910627,1.069256448160587,-5.632909365369741,-4.178008035601209,0.5415880046995625,11.783692158325152,9.727233143905977,-50.88196457326899,142.5025678650037,-39.0625,7.5520833333332575,-0.09148974081857819,0.26211025491346707,-0.049984417844373574,0.009783955566671665,27.942028985507235,2.563218390804593,8.3402777777778,28.114583333333314,-0.3178704937777388,-0.0369225936080988,0.2203883239261876,False,True,True,D,3,35,17,39,21,14,36,22,1,1,1,1,1,1,6,True,True,True,True,False
12655519,D,0.0,0.9427083333333334,0.9479166666666666,0.9375,0.052083333333333336,0.0625,0.859375,0.8958333333333334,0.75,0.8854166666666666,0.8333333333333334,535.6932291668685,6.283561663581481,351.98697916662786,5.863594183910015,511.4756944447549,6.237300066070584,342.90486111103866,5.837453035836861,608.3458333332092,6.410743525082378,379.2333333333954,5.938151670877724,553.611458333442,6.316463101945913,338.703125,5.825123986235251,517.7750000002949,6.249540784962784,365.2708333332557,5.900639087562025,487.3875000003027,457.5687499999767,662.123437500326,6.189059494576438,6.125927146649679,6.495452000036082,456.6750000005898,446.2333333333954,631.5187500002794,6.123971978164039,6.100841984123882,6.448127632561614,579.5249999994412,491.5749999997206,753.9375000004655,6.362208802486793,6.197614522045052,6.62530947332622,499.63749999995343,455.8187500005588,705.3781249998137,6.2138828354825035,6.12209525243009,6.558734006546815,475.13750000065187,459.3187499993947,618.8687500008382,6.1636042358308005,6.129744413488703,6.427893214662041,46.96966620954968,0.2050302693643461,46.781787392565924,0.23736422738011237,46.70994851511105,0.1409985642061512,46.370234291391654,0.16738574952037694,47.215235241538174,0.26464598705101083,47.702712583500166,24.396194452014377,48.675532185484016,12.66125616730067,55.41415445730093,41.26011524525241,48.728206897932814,29.58019493989374,47.44097241244781,22.057344058532937,0.0,0.96875,1.0,0.9375,0.0,0.0625,0.9583333333333334,0.9583333333333334,0.9583333333333334,0.9791666666666666,0.9375,577.3296875002173,6.358413485480897,409.85572916653473,6.0158052176924075,575.8465277781296,6.355841180363525,417.83263888861984,6.035080966915183,581.7791666664804,6.366090937008965,385.9250000002794,5.955643050068629,610.461458333768,6.414215160245475,456.44999999956536,6.123479165010138,544.1979166666666,6.2993129980924,363.2614583335041,5.895122845885457,521.7765625003958,543.498437499511,666.7140625007451,6.257239455059879,6.298026831671227,6.5023612620980495,517.3104166672565,555.93541666617,654.2937500009624,6.2486431134146105,6.320652130428593,6.483556409638358,535.1749999998137,506.18749999953434,703.9750000000931,6.282593796212938,6.2269071540082885,6.5567428441639946,541.2781250004191,570.696874999674,719.4093750012107,6.2939332410159405,6.346858201795541,6.578430562871373,502.27500000037253,516.2999999993482,614.0187500002794,6.219147778464965,6.2466879918843405,6.420025465140622,42.04051259219718,0.7186989075752479,42.53311084530285,0.7681899527720082,40.95653109598081,0.534045770485847,43.40787739490855,0.7946442575228,41.177619986277634,0.669534639807029,40.01676964620915,8.478035501760852,40.02599507008249,8.629921305291068,39.99993336077985,7.439848718813114,40.13969357896168,10.147859676237669,39.999933360780354,7.439849531978076,0.14583333333333337,0.05208333333333326,0.0,0.04166666666666663,0.07183887745487283,-0.8450009501465203,1.5765797493220433,2.2302574086309193,0.09636566317396117,-0.0972602375306339,0.23414418228616118,0.125109617715771,-6.738622271816915,1.2872344854850013,0.026061709302638292,0.13976021818132978,-28.598859077951737,7.522850881360803,1.190072586477954,2.7080101442595925,-96.87013888845428,35.83645833314711,-5.932638888350766,66.26354166710132,-0.1734434590117937,0.06692231698312856,-0.010249756645440478,0.1149021621530748,-36.328472222356766,-26.567708333255723,31.907638888340443,93.18854166606127,0.6683982318768154,-0.5077600878776299,-0.0120936334608732,True,False,True,D,30,57,44,62,55,14,32,18,1,1,1,1,1,1,6,True,True,True,True,False
12655548,D,1.0,0.9214659685863874,0.9578947368421052,0.8854166666666666,0.042105263157894736,0.11458333333333333,0.4973821989528796,0.4965034965034965,0.5,0.5052631578947369,0.4895833333333333,927.2837696333675,6.832259634831228,433.873821989677,6.072753759086768,887.2944055944681,6.788176838845047,392.34265734270946,5.972135583839192,1046.418749999255,6.953128899119668,557.602083333768,6.323645595690712,855.5600000001882,6.751756225297478,439.03368421094984,6.08457613954153,998.260416666201,6.906014180816211,428.76770833320916,6.060915299862126,862.7265625002328,1001.1904761898849,919.0890624999302,6.76009779557055,6.908945047117135,6.823383030064695,804.7041666670702,927.9510638296921,930.0749999998758,6.690474715052277,6.832978998453628,6.835265228056812,1036.7937499997206,1216.331249997951,886.1312500000931,6.943888297415991,7.103594434967159,6.786865077331398,750.4437500007916,928.5580645157926,889.9593750000931,6.620664698232367,6.833632914664933,6.791175815617061,975.009374999674,1071.5531249991618,948.2187499997672,6.882447086335901,6.976864393711798,6.854585224581481,43.50762188118569,0.29070766013780713,45.513819158293494,0.2121342321307742,50.00306672020976,0.07587128341409666,42.37425451340923,0.1152183583587712,50.72384133875969,0.20566555603721876,173.7980994099561,309.57748524376194,104.17826548243664,141.53569889009847,10.031622482380453,131.77149380472616,120.48681888719824,164.3683392627975,87.22168333136672,361.83749368013844,3.0,0.8783068783068783,0.9893617021276596,0.7684210526315789,0.010638297872340425,0.23157894736842105,0.4603174603174603,0.46808510638297873,0.4375,0.47368421052631576,0.44680851063829785,1278.624867724994,7.153540457326189,511.13333333342797,6.23663048245687,1262.9418439717158,7.1411990753455425,494.90992907809874,6.204375784553309,1324.6937500002484,7.188936579629904,558.7895833334575,6.325772986073513,1270.282105263205,7.146994284913901,472.25157894743114,6.15751184983274,1287.0563829789294,7.160113016254951,550.4287234043821,6.310697471675316,1304.0507936507227,1260.5725806458822,1271.0843749997439,7.173230693914118,7.139321325807931,7.1476256537223115,1213.6468085102895,1209.9782608703752,1361.9666666664805,7.101384997256151,7.0983576722065616,7.2166850125968125,1569.612500000745,1406.0312500004657,998.4374999995343,7.358584052592299,7.248526298297485,6.906191557005488,1301.9343749994878,1151.825806452382,1353.3843749999069,7.171606418272029,7.0491036201457495,7.210363678733629,1306.2354838713522,1369.3193548393826,1188.784374999581,7.174904602825614,7.222069074080461,7.080686530370709,39.821030144002,0.8695293958738959,39.72577741330606,0.9446033644877658,38.37267126564915,0.10319761838262725,30.97130273611506,0.17855523048262417,41.29761813501923,0.7925100863921519,152.75976812403428,240.472387749431,104.41347457919578,128.90832056843945,-9778.525154490939,3337.730814534739,82.74833360038828,83.65286318919725,14719.486874254766,4673.371081946266,-0.003496503496503489,0.015679824561403544,0.030585106382978733,0.026875699888017912,-4.489247561916265,-8.349586825350464,1.3531061476569093,-10.326315398904168,0.13626294871667755,-0.09044719767844756,0.8414057461051385,-0.6139548559095278,94.14664300005619,33.26513555583152,9882.938629070135,-14636.738540654378,9.76420508537231,-197.46915441734095,-3208.822493966299,-4589.718218757069,-159.12434440478683,-142.70041666601276,-61.75190602853263,-16.774277715724338,-0.16495206027462128,-0.1542579555187329,-0.04773750428436152,-0.01311873134105035,-165.2594259910585,10.265975877740686,-63.87965425535873,-78.177144456951,0.2878436384292695,0.034944827474552,0.5847191329538608,True,True,True,D,0,0,2,0,0,2,0,-2,1,1,1,1,1,1,6,True,True,True,True,False
12655627,D,0.0,0.9270833333333334,0.9791666666666666,0.875,0.020833333333333332,0.125,0.7604166666666666,0.7708333333333334,0.7291666666666666,0.8020833333333334,0.71875,551.4041666653939,6.312468055081628,170.98125000080714,5.141553901372669,538.870833331926,6.289475900876749,165.13611111293235,5.106770049680465,589.0041666657975,6.378433257762045,188.51666666443148,5.239186420297424,534.440624998572,6.281220639165732,168.01041666697708,5.124025981451194,568.3677083322158,6.342768583089433,173.9520833346372,5.158779878155362,438.06249999767175,482.96718750055874,733.1828124979512,6.082361594255229,6.179948716563449,6.5973950739258544,448.31041666368645,469.83750000099343,698.4645833310983,6.105485886813118,6.152386890241895,6.548884473519045,407.31874999962747,522.3562499992549,837.3374999985101,6.009596048457618,6.25834982636797,6.730227215020469,413.7343749953435,493.35625000111753,696.2312499992552,6.025224161616474,6.201231529716125,6.545681860895759,462.390625,472.578125,770.1343749966475,6.136410042498655,6.1582030771813425,6.6465650126047695,43.86566471148723,0.1770408908796705,41.346194797132064,0.4213507503432753,49.99999434858453,0.11726738405463638,44.45811480797677,0.17832646855277867,43.27488116591834,0.1817812430366138,48.05292616579972,22.652528533283625,47.28026777415609,20.89514428149318,50.19684996517906,11.88538445806229,47.37371138210105,20.522498002928742,48.7610432545778,24.18973859642295,0.0,0.9375,0.9583333333333334,0.9166666666666666,0.041666666666666664,0.08333333333333333,0.7760416666666666,0.7916666666666666,0.7291666666666666,0.7291666666666666,0.8229166666666666,590.7593750008382,6.38140878559973,322.01406250040355,5.7745952169523,573.6722222233398,6.352058191790563,313.9048611122286,5.749089949909039,642.0208333333334,6.464620753838424,346.3416666649282,5.8474257637343126,620.5125000008071,6.430545749487373,460.1614583336438,6.131577424275809,561.0062500008693,6.329732046282151,183.8666666671633,5.214210857253738,491.3421875005588,548.476562502794,732.4593749991618,6.197140804611934,6.30714454863422,6.59640787860122,482.6520833335817,509.3791666695227,728.9854166669151,6.179296069733214,6.233192663926379,6.591653727236431,517.41250000149,665.7687500026077,742.8812499959024,6.248840428720806,6.50094238802649,6.6105362069052145,490.8187499996274,594.3343750033528,776.3843749994413,6.196074915040269,6.387442081863186,6.654647726156026,491.8656250014901,502.6187500022351,688.5343749988824,6.198205559272601,6.2198319304268415,6.534565244299115,49.214555233955686,0.17810864778349078,47.595479896364346,0.24926378739460403,53.13802169392651,0.10096402450402753,56.4212927660731,0.25235147388899004,41.74709262393659,0.7934862691797064,50.84903313259247,31.248770588112993,50.81596949800808,31.901488945452193,51.042444404324534,28.851640107120524,53.705480671086086,30.091091661656613,45.68265984772496,33.11775979429696,0.04166666666666674,0.08333333333333337,0.0625,-0.09375,-8.653799551452465,1.1832336420584326,-5.542541797562166,14.674200142136513,0.3040833662886389,-0.0034547744838351324,0.1482997628905765,-0.5411347952907164,-2.9165821910229752,-1.38733187247675,-0.2264749063164544,8.022820823361123,9.00975982343089,-3.6672405934942063,3.0498488383316698,-3.0266681326403457,-50.13333333387152,-33.927083333643736,-68.34861110999361,59.506249999937836,-0.08895735688529616,-0.061547943923701,-0.1125625620478603,0.10081370320522165,-23.38055555149913,-5.941666667660115,-32.43680555269958,276.2947916664805,0.0290851134674068,0.6492004372316744,0.1159472202789302,True,True,True,D,9,6,35,18,12,26,9,-17,1,1,1,1,1,1,6,True,True,True,True,False
12655846,D,0.0,0.9739583333333334,0.9583333333333334,0.9895833333333334,0.041666666666666664,0.010416666666666666,0.8125,0.7986111111111112,0.8541666666666666,0.84375,0.78125,732.9088541467985,6.597021347834132,317.01041666418314,5.758934633476777,740.2194444305367,6.606946688764737,319.8340277870496,5.767802198076036,710.9770832955837,6.566640197632009,308.5395832955837,5.731850144014345,744.2041666507724,6.612315414728846,284.6156250089407,5.651139585796431,721.6135416428247,6.581489734707067,349.4052083194256,5.856232304055443,610.93124999851,686.1656249985099,901.6296874433757,6.414984432379989,6.531119034442825,6.804203889693867,627.5520833134652,676.2875000238417,916.8187499543034,6.441826668857881,6.516618281523557,6.820909797272183,561.0687500536443,715.7999999225143,856.0624999105929,6.329843447129398,6.573400798223675,6.7523433873906,656.240625023842,679.2562500238421,897.1156249046329,6.486527528125837,6.520998449624217,6.799184755540563,565.6218749731779,693.0749999731778,906.1437499821184,6.3379257895296295,6.541138218403513,6.809197957896533,52.76651084279965,0.26902421341148075,52.341608832375776,0.25410667632358486,57.465559314984816,0.7677868664188401,56.58943884644672,0.7940190286362183,52.97881171654815,0.2090122354164488,62.06065802133716,25.788774706993973,60.916754876152254,26.117190330837843,68.89366324975086,11.571768484004712,66.5788583427779,17.089564447216215,60.12502024186179,28.672242359259513,0.0,0.9635416666666666,0.9583333333333334,0.96875,0.041666666666666664,0.03125,0.8958333333333334,0.8958333333333334,0.8958333333333334,0.8541666666666666,0.9375,768.4713541492821,6.64440328726672,295.9661458233992,5.690245075564813,805.5069444179538,6.691471823831206,292.7347222235468,5.67926681400603,657.3645833432671,6.488238785947517,305.6604166229565,5.722474736126166,895.6072916289172,6.797502026304808,345.5666666875282,5.845185581721326,641.3354166696471,6.463552590997661,246.36562495927015,5.506816712833195,651.5953124836088,698.8765624761581,954.9421874880793,6.479423682846288,6.5494741350462,6.861650801986616,663.8624999721848,726.3395833075048,1026.3187499741719,6.498075049677608,6.5880176510685455,6.933733649971456,614.793750017881,616.4874999821184,740.8125000298019,6.42128684573424,6.424038046619635,6.607747556879948,758.6906249374154,823.9718749821186,1104.1593749672177,6.631594085522482,6.714136397023697,7.006839577801288,544.5000000298022,573.7812499701977,805.7250000089409,6.299867942427748,6.35224822607052,6.691742493231812,50.76622488884866,0.21084011875724273,48.66691977870913,0.2766778204367551,50.04584850218125,0.08404732341507909,50.007248269870644,0.19548391077722355,47.02169688413487,0.20898813195495675,49.99999999998755,39.83395349816505,48.380338619847976,45.26386681452738,50.50901857991485,11.799615431601634,50.343308471099164,40.85712495236721,47.71348066165415,31.188225055513016,-0.05555555555555547,0.0625,0.0,-0.08333333333333337,-5.12395048260904,3.6106271298985675,-1.3789287234721215,2.985551385735775,-0.5136801900952552,0.5850067932197696,0.192630497021676,-0.0135042211777332,-7.976908373598604,6.453838100916116,-2.1286799600668758,2.629827809445011,14.54542184683313,-11.582677912043298,33.46425138292575,9.668899896854192,29.242361134952944,22.59062500794778,148.14236107468673,254.27187495927012,0.04030649113272755,0.030825680021778545,0.20323303788368907,0.3339494353071464,11.294444491465867,-64.78958331048489,-12.925694399409736,99.20104172825805,0.1851028560510146,-0.3379031236653249,0.58622798822074,True,False,True,D,0,10,19,44,25,19,44,25,0,0,1,1,1,1,4,False,True,True,False,False
12655961,D,0.0,0.9270833333333334,0.96875,0.8854166666666666,0.03125,0.11458333333333333,0.9947916666666666,1.0,0.9791666666666666,1.0,0.9895833333333334,433.23020833342645,6.071269245690586,96.70937499931703,4.571710347080722,434.39444444473423,6.073952979506486,89.98402777707412,4.499632185437132,429.7374999995033,6.063174557160476,116.88541666604586,4.761194110191719,452.64687499962747,6.115112296107996,84.09166666523866,4.431907473665501,413.8135416672255,6.025415489926362,109.32708333339542,4.694344153448496,399.6312500000932,385.40937499934813,514.6500000008382,5.990542246920124,5.95430608105895,6.243487057974197,398.6583333344509,374.8666666665426,529.6583333332092,5.988104742616766,5.9265704071896605,6.272232144579092,402.54999999701977,417.0374999977648,469.6250000037254,5.997819312738586,6.03317614580771,6.151934503902066,417.15937499981374,396.7656249990687,544.015625,6.033468343025343,5.983345741111373,6.2989779688699326,382.10312500037253,374.0531249996276,485.28437500167644,5.945690532907692,5.924397832780581,6.184735059316869,45.228384674370545,0.15265227878678894,45.26679780094876,0.13871174507374906,41.99051078311795,0.6817275447796248,41.33015727672103,0.2331464389020627,50.00000223870287,0.1482080080422462,39.99993336077985,7.439848718813114,0.0,39.247,39.99993336077985,7.439848718813114,0.0,39.247,39.99993336077985,7.439848718813114,0.0,0.9375,0.9479166666666666,0.9270833333333334,0.052083333333333336,0.07291666666666667,0.9895833333333334,0.9861111111111112,1.0,0.9895833333333334,0.9895833333333334,453.1421874997516,6.11620595592351,210.59114583348855,5.349918556240033,456.2381944436994,6.123015029370041,218.73472222251198,5.387859681530192,443.85416666790843,6.095496055028919,186.1604166664183,5.226608757208218,498.29375000049663,6.211189762564703,266.5750000020489,5.585655629911929,407.99062499900657,6.011244196196554,154.60729166492823,5.040888299756031,390.6296874987893,455.14062500000006,513.6562500004657,5.967760020415567,6.120606437133979,6.241554267407706,377.3083333317191,462.918749999255,528.4875000001242,5.933062713478859,6.137551552724038,6.270019153185975,430.59374999999994,431.8062500022352,469.1625000014901,6.065165070194176,6.067976992274787,6.150949190314805,422.25624999962747,531.2281250003725,541.3968750014901,6.045612357235269,6.2751915429209655,6.29415260509389,359.0031249979512,379.0531249996275,485.9156249994412,5.883331093180062,5.937676366762294,6.186034997716079,50.68541431931966,0.17765281529832505,50.924465809129,0.1724766893936861,49.99999928748698,0.19480059400838656,49.86596972194967,0.28854223154545344,52.23365807327124,0.18461146804540052,9.99999999999978,12.057056783482238,9.99999999999978,12.057056741364796,0.0,39.247,19.99996929979131,7.43994809280912,-10.010417749092236,11.5205155775576,0.02083333333333337,0.01041666666666663,-0.01388888888888884,0.0,3.2762870178308106,-8.669844961981838,0.9244665216420245,-2.3676883513215756,-0.5430157997058758,0.0849384308598165,-0.022323904614700463,0.10393076350005293,-39.99993336077985,-39.99993336077985,9.99999999999978,30.010387048883544,31.807151281186886,31.807151281186886,-27.189943258635203,-4.08056748474848,4.65694444523092,38.83333333240199,12.384027775790969,90.30312500149006,0.010778422346009897,0.08969680618163345,0.02751897434112216,0.1999455663681493,-26.901388888971738,-25.23541666815676,32.57430555609366,111.96770833712068,-0.0689946388754014,-0.4072898720561579,-0.350239890714725,False,False,False,D,24,13,21,14,31,-3,-10,-7,1,1,1,1,1,1,6,True,True,True,True,False
12656164,D,0.0,0.9427083333333334,1.0,0.8854166666666666,0.0,0.11458333333333333,0.796875,0.8263888888888888,0.7083333333333334,0.875,0.71875,710.046875,6.565330988982823,358.6875,5.882451535868581,673.3263888888889,6.512230188142603,349.9791666666667,5.857873628902324,820.2083333333334,6.709558373029893,384.8125,5.952756202671429,667.0625,6.502883744674183,337.5104166666667,5.821596374033826,753.03125,6.624106727602776,379.8645833333333,5.939814829560119,552.75,638.140625,939.25,6.314905819737556,6.458558674417395,6.845081684454079,516.7291666666666,627.5208333333334,875.7291666666666,6.247518881671111,6.441776870986022,6.775056872661506,660.8125,670.0,1129.8125,6.493470138492746,6.507277712385012,7.029806968735073,556.90625,621.09375,823.1875,6.322396913373373,6.431482036722806,6.7131839997592655,548.59375,655.1875,1055.3125,6.307358185802806,6.484921454212792,6.961592210579886,41.151815587413815,0.561400589328583,41.35492006797904,0.6548748636682216,49.27775195756029,0.0897419543229403,49.99276507747058,0.22130184639353317,40.45856911658713,0.548041000882324,44.46260971857847,29.896245694627886,42.93910928502204,26.949536831440994,49.65669152244307,40.85712496382769,42.19592115480506,26.739113176244068,45.52480712580509,31.063003001215197,2.0,0.9210526315789473,0.9894736842105263,0.8526315789473684,0.010526315789473684,0.14736842105263157,0.8894736842105263,0.9154929577464789,0.8125,0.9263157894736842,0.8526315789473684,1052.3368421052633,6.958768534162369,611.921052631579,6.416603275223236,980.1267605633802,6.887681910813603,562.8943661971831,6.333091983887622,1265.9583333333333,7.14358469010353,756.9583333333334,6.6293082100908,1172.0842105263157,7.0665388195406384,634.6736842105263,6.453110983676472,932.5894736842105,6.837965097246625,589.1684210526316,6.378712086839568,922.1111111111111,975.09375,1261.031746031746,6.826665727262228,6.882533620221516,7.139685510930935,781.9574468085107,958.4583333333334,1200.4255319148936,6.661800323218821,6.865326090840073,7.090431382845929,1333.8125,1025.0,1439.0625,7.19579666187419,6.932447891572509,7.271747138883726,1157.5,1148.625,1211.3548387096773,7.054017785960389,7.046320853821049,7.099494713605658,679.1290322580645,801.5625,1309.15625,6.520811142285409,6.686562947799189,7.177138124714544,42.13166810662404,0.18387980470999093,41.05872728073768,0.1593839750051086,49.99276507747058,0.22130184639353317,41.33015727672103,0.2331464389020627,43.04721830494077,0.1708563708478446,42.56640111347976,28.25095837024141,42.158961112051514,32.63726252314742,45.62320265533936,17.3708885398791,32.20912958716361,14.933503543872764,44.61449320637355,27.11074532423072,0.11805555555555547,0.15625,0.10299295774647887,0.0736842105263158,-7.9228318895812535,9.534195960883451,-8.934037796732902,-1.7170610282197387,0.5651329093452813,-0.3267391544887908,-0.061917871388424583,0.062290068054218106,-6.717582237421027,-3.3288859710000267,-3.464241543287848,-12.405363619209943,-13.907588132386692,-4.323889824971129,15.26637398326832,-12.177241780357956,-146.88194444444446,-85.96875,-285.831572769953,239.49473684210523,-0.1973281848872901,-0.12122298292859224,-0.25590277928992666,0.22857372229401385,-34.833333333333314,-42.35416666666663,-194.06396713615027,45.50526315789466,-0.6268727927993321,0.0673813195577297,1.4588223188464713,False,True,True,D,54,57,63,61,60,9,7,-2,1,1,1,1,1,1,6,True,True,True,True,False
12656276,D,0.0,0.9322916666666666,0.9375,0.9270833333333334,0.0625,0.07291666666666667,0.9635416666666666,0.9583333333333334,0.9791666666666666,0.9583333333333334,0.96875,611.0312500000022,6.415148103526552,374.68229166666407,5.926078444652598,620.3333333333358,6.430256967974145,384.222222222221,5.951221088907014,583.1250000000015,6.368401571601611,346.06249999999346,5.8466193945831675,580.9687499999997,6.36469696883049,373.7083333333342,5.9234756357700595,641.0937500000045,6.463175702076567,375.6562499999939,5.928674496504511,508.0781250000037,580.3124999999993,744.7031250000034,6.230635225124195,6.363566751547023,6.612985649028466,505.9166666666717,587.9791666666646,767.104166666671,6.226371965342444,6.376691516431934,6.642622602663015,514.5624999999998,557.3125000000036,677.5000000000009,6.243317025058644,6.323126123895105,6.518409552753857,477.7187500000001,592.4062500000005,672.7812499999986,6.169022170201308,6.384192632641839,6.5114202396616,538.4375000000073,568.2187499999982,816.6250000000082,6.288671426722262,6.342506467819665,6.705179993160924,49.29739077355006,0.13964614995947677,49.067731399708606,0.14916211980612643,49.99999434858453,0.11726738405463638,42.56817152522703,0.11765355629335311,58.36756366663253,0.6729896195018519,51.701915205889236,36.50900061218115,47.71348066165049,31.188225055432067,59.99990002101213,7.4436456778371305,46.11996659447065,26.647911480579943,50.85082662216693,11.66770905578609,0.0,0.8802083333333334,0.9479166666666666,0.8125,0.052083333333333336,0.1875,0.953125,0.9513888888888888,0.9583333333333334,0.9583333333333334,0.9479166666666666,726.5312500000041,6.588281496538104,431.01562499999835,6.066144342346855,735.1319444444473,6.600049999352671,436.4652777777748,6.0787088252147745,700.7291666666748,6.5521214595518265,414.6666666666688,6.02747498463102,833.5937500000003,6.725746173370228,472.2395833333306,6.157486448612315,619.4687500000078,6.428862255890497,389.79166666666606,5.965612408360243,673.5625000000052,643.6406250000036,862.3906250000036,6.512580790357058,6.467140534630195,6.759708329270046,667.9791666666717,657.354166666669,880.0625000000009,6.504256985425559,6.488222939704207,6.779992927677531,690.3125000000055,602.5000000000073,809.3750000000116,6.537144393614445,6.401087665364822,6.696262344887917,776.4375000000014,755.8124999999999,968.53125,6.654716149973898,6.6277933295454945,6.875780748717829,570.687500000009,531.4687500000073,756.2500000000073,6.346841774376575,6.2756444001927,6.62837200934506,40.913546295719534,0.12365345332458666,43.88575358277067,0.1014536143892465,42.823360601162236,0.1342144374898685,38.78285352239469,0.09878397501762348,40.6253233189775,0.9557989118332283,46.72004164433704,13.67242566329549,39.98055648438778,8.58299811422526,50.0,11.906957091369891,48.69447168273605,11.480046188927602,39.92733626447601,8.791790460216394,-0.02083333333333326,-0.01041666666666663,-0.006944444444444531,0.01041666666666674,-0.9322629488759233,-15.799392141405498,1.0623929816084328,-1.8424697965828116,0.031894735751490044,-0.5553360632084987,-0.032760823100622005,-0.8570149368156048,-12.286419359361638,-4.730860027696281,-10.019443515612217,8.76713541826004,23.74457937759494,14.980202424793852,-3.323958977144631,2.6882557287112085,37.20833333333428,-60.12500000000489,34.402777777772485,214.1249999999925,0.061855396372534344,-0.09847873324607725,0.04792853980084466,0.29688391747973153,38.159722222227515,-1.9479166666596939,21.798611111106027,82.44791666666453,0.3215855446806372,0.0667994586436537,1.3146081966852925,True,True,True,D,5,27,58,46,71,53,41,-12,1,1,1,0,1,1,5,True,True,True,True,False
12656299,D,0.0,0.9635416666666666,1.0,0.9270833333333334,0.0,0.07291666666666667,0.4635416666666667,0.4583333333333333,0.4791666666666667,0.4375,0.4895833333333333,594.1057291666658,6.387057298753451,310.6567708333217,5.738688671969337,587.3152777777806,6.375561775773952,315.94791666663434,5.755577379327284,614.4770833333218,6.420771635118365,294.7833333333838,5.686240623212864,617.5281250000022,6.425724614023627,336.8083333333295,5.819514024738233,570.6833333333296,6.346834473214573,284.50520833331393,5.650751560370042,433.37031249994465,518.6156250000352,830.331250000018,6.0715925876788965,6.25116300184474,6.721824717558428,433.8520833333217,513.214583333349,814.8791666666712,6.072703654194828,6.240694048809583,6.703039840490316,431.9249999998137,534.8187500000934,876.6875000000584,6.0682519620604145,6.281927904448834,6.776150600479957,427.75624999997666,575.3187500000643,849.5093749999658,6.058553524003902,6.354924235029554,6.744658976954524,438.9843749999127,461.91250000000593,811.1531250000702,6.084463820186428,6.135375479205061,6.6984568464040875,49.99276090980893,0.181639845784543,49.99276507747058,0.22130184639353317,42.53311084530285,0.7681899527720082,41.177619986277634,0.669534639807029,42.53311084530285,0.7681899527720082,82.68239762955956,63.8254511616231,82.56711728444867,64.79982418386575,82.97540816446521,60.96694092965691,81.98432206194117,68.62952448862897,83.13848326607491,59.17057158581847,0.0,0.9114583333333334,0.9895833333333334,0.8333333333333334,0.010416666666666666,0.16666666666666666,0.421875,0.4027777777777778,0.4791666666666667,0.40625,0.4375,776.8401041666657,6.655234543047486,345.998437500001,5.846434259151577,786.1868055555582,6.667194430292311,346.70972222221707,5.84848789447322,748.7999999999884,6.618471925163367,343.86458333335275,5.8402479267709575,719.101041666678,6.578001878677386,393.99062500004476,5.976327114598712,834.5791666666532,6.726927605788206,298.00624999995716,5.69711445943969,617.2593750000378,667.0031249999882,1046.2578124999707,6.425289316445367,6.502794731062052,6.952975088920342,616.8333333333721,692.8812499999766,1048.8458333333253,6.424598863158164,6.540858628085324,6.955445632231983,618.5375000000347,589.3687500000233,1038.493749999907,6.427357820552442,6.379052048877663,6.945526625002349,610.6093750000581,775.3906249999415,771.3031250000347,6.414457433933414,6.653366934629744,6.648081454532983,623.9093750000175,558.615625000035,1321.2124999999069,6.436005125450419,6.32546162483494,7.186305154567782,49.322588325941055,0.07773051307044226,49.927875193318165,0.07685675031231015,47.21399995437746,0.1541645024154379,39.667445284084195,0.7559868059315262,41.526357959245765,0.1706741398338572,81.79913678214979,72.79246774865001,80.46102915094633,74.02616542919635,84.84089761865789,66.05975541907452,80.64681809324811,73.56610506737768,82.87539338741557,71.69603073358996,-0.02083333333333337,-0.052083333333333315,-0.0763888888888889,-0.03125,7.459654232167729,-1.3554908590252168,2.7138752389407017,-1.8589126751615694,-0.546888106378475,-0.0986553129649792,-0.07730775210312774,0.5853126660976691,-0.408290880016537,-1.154161204133743,-4.37986846771156,-2.228575294167456,3.832883254208845,9.458952902810502,7.966410010121834,1.8700743337877128,-27.161805555541264,46.84479166667256,37.38680555556982,-115.4781249999752,-0.04520985934441324,0.07889014080905454,0.048722505128944604,-0.14892572711081975,21.16458333325056,52.30312500001554,2.8451388888643123,95.9843750000876,-0.3405029241954809,-0.8266529213777002,-1.107378267490918,False,False,False,D,0,0,0,0,17,0,0,0,1,1,1,1,1,1,6,True,True,True,True,False
12656304,D,0.0,0.9270833333333334,0.8645833333333334,0.9895833333333334,0.13541666666666666,0.010416666666666666,0.796875,0.7916666666666666,0.8125,0.7708333333333334,0.8229166666666666,584.8322916669227,6.371325125219785,344.45000000001164,5.841948942039239,581.731944444641,6.3660097650778775,336.2513888888319,5.817859061431926,594.133333333768,6.387103761065586,369.0458333335505,5.910920845903174,591.6989583334654,6.382997989217123,357.1927083334497,5.878275435393791,577.9656250003802,6.359514394586148,331.70729166657355,5.804252928426415,423.92031250015134,507.12500000029104,823.451562500326,6.049545495351982,6.228757521527185,6.7135047288232155,424.20416666668217,500.92291666707024,820.0687500001708,6.050214864493191,6.216452230299399,6.709388178207423,423.06875000055874,525.7312499999534,833.6000000007916,6.04753469539193,6.26479015060868,6.725753671000052,446.8125000001164,542.7312500000698,785.5531250002098,6.102139043527331,6.296614261869761,6.666388087490474,401.02812500018626,471.51875000051217,861.3500000004422,5.994031562004645,6.155958867985939,6.758500925892892,59.34492267178513,0.819096716539725,58.988664741299004,0.7390207983560734,60.08980173472469,0.9687461267826654,50.069666405938605,0.05896663987724804,58.965175517628396,0.7619238537028454,59.999998201604164,25.371286794954315,59.27879833625584,26.774146672958533,66.64092272227589,13.836342766540861,62.07735675694427,25.780048569398993,57.27466544594684,23.4560257284476,2.0,0.968421052631579,0.9578947368421052,0.9789473684210527,0.042105263157894736,0.021052631578947368,0.8263157894736842,0.8309859154929577,0.8125,0.8315789473684211,0.8210526315789474,578.3868421052241,6.360242921805065,402.0015789475292,5.9964560163414795,589.1281690141319,6.378643764417429,385.87746478892655,5.955519870333965,546.6104166663717,6.30373633051394,449.7020833333954,6.108585326484177,658.1052631579342,6.489364892934932,442.4505263159151,6.0923286532615615,498.66842105251396,6.211941388013561,361.55263157914334,5.890407623198104,468.3079365079129,551.1015873013272,713.6046875001632,6.149126063532357,6.311919161126971,6.570329150050507,457.8872340426167,573.627659574389,732.8125000001554,6.126622939917822,6.351980509138137,6.596889871074911,498.9187499997206,484.93124999920843,655.9812500001863,6.21244325684212,6.184007128310685,6.486132206218818,523.3499999998605,677.2032258063558,774.3593750003495,6.260250456300627,6.517971413694705,6.652036074617738,411.4903225807413,428.94062499958096,652.8499999999767,6.019785502418329,6.061318506085021,6.481347393854012,50.465798125814594,0.2560724922397366,47.609100337834164,0.31197176155502604,58.36756366663253,0.6729896195018519,48.36185455152654,0.23275349399696754,57.66004450913007,0.9567018712790503,55.17471435894448,22.854865493810998,55.43338359465735,24.051763873783813,51.48042537590486,11.448184101295364,50.31903528493474,11.865426723717029,60.00000000000001,20.236915732465537,-0.02083333333333337,-0.05208333333333326,0.01848591549295775,0.010526315789473717,-1.1011369934256834,-8.89550911168979,-10.758463328798364,-9.298189957603526,-0.229725328426592,-0.7029572138255974,-0.36101785794682584,-0.7239483772820827,-7.362124386020049,4.802691310997432,3.9529582187524923,-9.680964715065265,12.937803906417672,2.324022840951393,12.603579772488448,-8.371489008748508,-12.401388889126906,13.73333333308517,42.517752347760165,159.43684210542028,-0.02109399598770878,0.02348359463097527,0.07490743390348964,0.27742350492137113,-32.79444444471858,25.48541666687612,-63.824618544468876,80.89789473677178,-0.3002759557919714,-0.7153032761052746,-1.0586327269690006,False,False,False,D,14,37,42,39,38,28,25,-3,1,1,1,1,1,1,6,True,True,True,True,False
12656324,D,0.0,0.9270833333333334,0.9375,0.9166666666666666,0.0625,0.08333333333333333,0.8541666666666666,0.8541666666666666,0.8541666666666666,0.84375,0.8645833333333334,675.0739583329608,6.514822252771088,155.08697916536283,5.0439861154357155,669.967361110573,6.50722899643807,150.8784722213944,5.016474693047789,690.3937500001242,6.537262087005363,167.71249999726817,5.122251203900301,648.3510416653007,6.474432280633999,158.54999999888244,5.066070000977308,701.7968750006208,6.55364401030452,151.62395833184323,5.021403497211552,572.1656250003725,533.8453124989755,919.2109374995343,6.349428503663527,6.280106120027507,6.823515625397103,586.3583333330849,531.2624999992549,892.2812499993792,6.373931093022479,6.275256249372177,6.79378138557245,529.5875000022351,541.5937499981375,1000.0,6.272098401629437,6.29451618164621,6.907755278982137,555.4124999968335,513.5406249985098,876.1000000005588,6.3197110809155,6.2413291401604205,6.775480239672956,588.9187500039114,554.1499999994413,962.3218749985099,6.378288228472221,6.317435408220654,6.869348984098698,47.0426726845936,0.2247392583714275,45.94296384572066,0.17999511922085626,52.288897395452466,0.9999993387740904,45.760005255767624,0.191226075576498,48.74517161418293,0.2885119663013059,47.16892762468046,18.235253225684996,46.95388060471942,18.116193839970894,48.936858367206256,13.0423416775513,48.78994528596525,11.517963332044962,46.829239785547266,20.401675548479346,0.0,0.9010416666666666,0.9791666666666666,0.8229166666666666,0.020833333333333332,0.17708333333333334,0.8385416666666666,0.8402777777777778,0.8333333333333334,0.8645833333333334,0.8125,640.2093750005588,6.4617952712907085,246.75104166629413,5.508379899849945,651.4243055559281,6.4791612049429705,253.6118055553072,5.535804773353806,606.564583334451,6.407811208014949,226.1687499992549,5.4212814020570415,667.9833333340163,6.504263223126609,274.98645833289874,5.616721854028301,612.4354166671013,6.417443494683304,218.51562499968955,5.386857522274967,513.7875000014901,528.5328125013039,878.3078124988825,6.241809755850237,6.270104889478213,6.777997115906718,527.3541666666666,548.6979166685293,878.2208333325883,6.267872365832334,6.307548047207948,6.777898080611653,473.08750000596035,468.03749999962747,878.5687499977652,6.159280360825273,6.148548420911886,6.778294162957571,574.6375000029802,556.7125000022352,872.5999999968336,6.353739407212359,6.32204894868668,6.771477260685881,452.9375,500.35312500037253,884.0156250009313,6.1157541468695005,6.2153140991457665,6.784474737821856,39.988679583161776,0.9543952086059972,40.014405403266636,0.9989544010846876,40.334113298655694,0.14266629260762775,39.17414427158271,0.954715503228781,43.67799008713336,0.2294775188966121,46.330042665183505,13.72866408217626,45.394374777784265,13.05766274218162,48.69447167927718,11.480046204135233,48.0198863020861,11.351162073087307,45.652408416285546,13.34346920927363,0.0,-0.02083333333333337,0.00694444444444442,0.05208333333333337,-6.345933549731804,-2.985166358415306,-0.3197078953890582,-4.503845815550648,-0.8200042195532342,-0.09728589072480787,0.8562881084770598,0.7252379843321688,-1.9829777624868328,1.960705500417987,-3.300096901492914,2.367477885800554,5.073852162419593,-8.883712216434384,1.577616538046387,-1.992307136186323,-20.426388889551163,-53.44583333532012,44.859722221477114,55.547916666914944,-0.030033090567292753,-0.07921172967052126,0.07134999692802158,0.08681972844330499,-16.83402777587378,6.926041667039215,27.443055556052286,56.470833333209185,0.9944387951657911,-0.597472849764987,-0.2085718917193559,True,False,False,D,40,53,62,42,57,22,2,-20,1,1,1,1,1,1,6,True,True,True,True,False
12656325,D,2.0,0.8894736842105263,0.9680851063829787,0.8125,0.031914893617021274,0.1875,0.9368421052631579,0.9366197183098591,0.9375,0.9574468085106383,0.9166666666666666,576.4410526316808,6.35687308405912,332.46052631575026,5.80652113520102,565.1767605634433,6.337138532773677,340.72183098578427,5.831066399472861,609.7645833335506,6.413072953716217,308.02083333356615,5.730167421379442,591.2010638297317,6.382156169073732,367.83617021274216,5.9076376494033145,561.9885416669226,6.331481461192823,297.8218749999457,5.696495572891169,504.4396825398481,534.3126984127456,688.787500000093,6.223448273755639,6.280981245128521,6.5349328054460845,508.2170212767384,525.3000000000316,659.9958333333487,6.230908563589125,6.263969527959976,6.492233521869253,493.34375000023283,560.7875000000931,775.162500000326,6.201206192732473,6.3293420458858245,6.653072684793885,540.3354838707996,556.6193548388057,673.9781249999068,6.292190213079633,6.321881621823191,6.513197654895864,469.6656250004887,512.703125,703.5968750002792,6.152021005344126,6.239696973953447,6.556205571409935,51.58512411234963,0.2449281441617397,46.10639034043735,0.6005201028270954,49.94572549805547,0.17880487608804635,56.88413340058935,0.7695614703450526,48.383359413819655,0.1734928234150226,44.802497041997746,33.34455311347083,34.12850252514023,82.71464093875727,49.14190333754789,11.717451354165838,39.88217199528395,10.014229051062424,47.782277557713456,38.57551211698716,192.0,,,,,,,,,,,,,,,,,,,,,,,,,,,,,,,,,,,,,,,,,,,,,,,,,,,,,,,,,,,,,,,,,,,,,,,,,,,,,,,,,-0.0008802816901408717,0.04078014184397172,,,-3.839335157618116,8.500773986769694,,,0.4217152267390491,0.59606864693003,,,-15.01340081240766,-7.900105562429509,,,70.99718958459144,-28.56128306592474,,,-44.58782277010732,29.212522162809023,,,-0.07593442094253966,0.05067470788090933,,,32.70099765221812,70.01429521279647,,,-0.7092775440502754,-0.9874115020097272,-0.4986123933666374,False,False,False,D,13,11,10,18,18,-3,5,8,1,1,1,1,1,1,6,True,True,False,False,False
12656346,D,0.0,0.9010416666666666,0.875,0.9270833333333334,0.125,0.07291666666666667,0.9947916666666666,0.9930555555555556,1.0,1.0,0.9895833333333334,685.2609374970198,6.529799696379148,343.2802083405356,5.8385470475944565,687.4451388865708,6.532982028373528,327.41875000960295,5.79123993272177,678.7083333283664,6.520191482002341,390.8645833333333,5.968361165811983,768.4135416646799,6.644328053936252,423.8552083497246,6.049391907169843,602.1083333293597,6.400437384815348,262.70520833134657,5.571032522651588,639.1562500037253,643.8640625104308,772.7624999769031,6.460148947184268,6.467487620764852,6.64997175684633,666.7250000039736,594.7354166805743,800.8749999751644,6.502377667052031,6.388116628799342,6.685704879928175,556.4500000029802,791.2500000000002,688.424999982119,6.32157731942479,6.673613973458386,6.53440637974729,733.924999989569,711.9062500149012,859.4093749895691,6.598406843543075,6.567946231415159,6.75624538004282,544.3875000178814,575.8218750059605,686.1156249642371,6.299661309488503,6.355798368088545,6.531046163033562,55.03007048870859,0.1616798121738241,53.8093659867042,0.15006838967661906,59.31970507317235,0.7508884996139805,51.81352128023381,0.15860345295654127,57.704234725763484,0.20105469635692158,39.99993336077985,7.439848718813114,39.999933360780474,7.439853798668325,0.0,39.247,0.0,39.247,39.99993336077985,7.439848718813114,4.0,0.7287234042553191,0.5425531914893617,0.9148936170212766,0.4574468085106383,0.0851063829787234,0.8404255319148937,0.8428571428571429,0.8333333333333334,0.8369565217391305,0.84375,513.3255319024655,6.2409102090314805,580.7569148979288,6.3643322784206635,517.0492856962343,6.248138200131595,569.4757142894608,6.344716138061297,502.46458333730703,6.219525156528552,613.6604166726271,6.419441707840579,498.05543477379763,6.210711385636442,616.7423913053844,6.424451418576796,527.9593749841056,6.269019339428144,546.2708333407837,6.303114884521496,425.63225805759436,503.8096774047423,607.4968749843538,6.053575729463448,6.222198572556457,6.409347031142796,434.05217390993374,500.09347823910116,612.837499971191,6.073164743257331,6.214795037426209,6.418099811024035,401.42499998211866,514.4937500059607,591.4750000238419,5.9950207163912035,6.2431834074956765,6.382619417138661,426.5166666587195,477.65333332220723,584.2499999925494,6.0556514439143365,6.168885225278933,6.370328973406215,424.80312499403965,528.3312499821188,630.7437499761583,6.051625826289653,6.269723454383986,6.4468996785955905,62.02774711692171,0.34670588029027266,61.46670434160962,0.744660299127307,57.61901131681543,0.043770937439665925,64.37575655442201,0.10511599571761915,60.85135947147058,0.9875937374265891,88.9182558214966,73.55918306009724,86.8737550164084,47.991181210303104,64.7931027180762,65.53207792996216,72.06309468999196,56.47230229866068,125.73041697422171,93.12726276091968,-0.00694444444444442,0.01041666666666663,0.00952380952380949,-0.006793478260869512,-5.51033908646815,-5.890713445529677,3.8476930247941894,3.524397082951431,-0.6008201099373615,-0.04245124340038031,0.700889361687641,-0.88247774170897,39.999933360780474,-39.99993336077985,22.080652298332197,-53.667322284229755,-31.807146201331676,31.807151281186886,-17.540896719659052,-36.654960462259,8.736805558204424,166.30520833532023,14.584702358927245,-29.90394021030795,0.012790546371187261,0.24389066912090396,0.028613043603042954,-0.058307953791702616,-63.44583332373037,161.15000001837802,-44.18470238316627,70.47155796460072,0.1241484118376763,-0.6143423500568008,0.0531280282181809,True,False,True,D,29,64,80,65,62,51,36,-15,1,1,1,1,1,1,6,True,True,True,True,False
12656354,D,0.0,0.9166666666666666,0.96875,0.8645833333333334,0.03125,0.13541666666666666,0.7135416666666666,0.7222222222222222,0.6875,0.7708333333333334,0.65625,485.12916666666325,6.1844151785038495,237.14375000000294,5.468666497348441,490.80694444443765,6.196050861971452,226.48680555555626,5.422686689608428,468.0958333333402,6.148673047034493,269.11458333334303,5.595137249253485,507.02083333332615,6.228552094134186,256.62291666665755,5.547607757105102,463.23750000000047,6.138239881531042,217.66458333334836,5.382955269352785,437.0437499999862,460.6281250000029,557.7156250000007,6.080033304500921,6.13259104718111,6.323849199857984,442.21458333331975,475.3791666666657,554.8270833333276,6.091795246923692,6.164112731220089,6.318656503639476,421.53124999998545,416.37500000001455,566.3812500000206,6.043893914669918,6.031586296513878,6.339267438018044,471.5656249999885,490.6718749999927,558.8249999999972,6.156058275845421,6.195775625374143,6.325836365107896,402.52187499998394,430.5843750000131,556.6062500000044,5.9977494432078755,6.06514329769505,6.321858077918442,44.729247836253485,0.14881572206184562,44.638229061119645,0.16244576906310848,40.334113298655694,0.14266629260762775,39.35788950190317,0.8047181812452633,49.99999928748698,0.19480059400838656,57.903902378161355,52.188457954889756,60.18501931772787,51.94677416531863,46.734649350252006,29.551162740233444,57.892918397433874,57.1404827815199,57.8804979628547,48.321609883824124,1.0,0.8952879581151832,0.9368421052631579,0.8541666666666666,0.06315789473684211,0.14583333333333334,0.837696335078534,0.8741258741258742,0.7291666666666666,0.8526315789473684,0.8229166666666666,594.4308900523616,6.387604460512795,343.75602094240486,5.839932164296201,598.0118881118935,6.393610633538807,342.50069930069424,5.836273699454047,583.7625000000068,6.369494222030089,347.4958333333345,5.850752674525291,639.2557894736896,6.460304670796205,406.8821052631597,6.008523475822731,550.0729166666728,6.310050845196715,281.28749999999127,5.639377277963833,523.4718750000139,560.8825396825282,698.4140625000144,6.260483303939016,6.329511506920354,6.548812139631979,509.90208333334175,548.7446808510514,734.3625000000197,6.234218713821231,6.307633271132472,6.599002775911091,564.1812500000308,596.537499999991,590.5687499999983,6.335375565119589,6.391142106284474,6.381086055617331,556.5875000000126,566.7774193548343,792.1375000000079,6.321824391060258,6.339966668199428,6.674734987856882,490.3562500000153,555.1718749999817,604.6906250000211,6.195132167754887,6.319277750488682,6.404716963603539,44.49315989758214,0.10637585295028568,42.47687123114418,0.276336868013967,47.00539436812759,0.07559631085189372,43.40985022596644,0.09942497739500739,45.47781165903625,0.11391747503913324,47.0321270117246,37.082568575929756,47.14422061765488,20.059741365406452,57.49309351318011,63.92815277271862,53.360050661397935,55.894475794623794,45.68504604556831,30.523286273144205,0.03472222222222221,0.11458333333333337,0.14495920745920754,0.029714912280701777,4.304115762463951,-10.642109785583806,-4.528523136983409,-2.0679614330698115,0.019779476455480727,0.6099175872368767,0.20074055716207329,-0.014492497644125857,13.450369967475865,0.012420434579176742,-10.348872895525233,7.6750046158296215,22.395611425085185,8.818872897695776,-43.868411407312166,25.37118952147959,22.711111111097466,43.783333333325686,14.249388111886788,89.18287280701679,0.047377814936958806,0.09031221260314393,0.024116411508718016,0.1502538255994903,-42.627777777786775,38.958333333309184,-4.995134032640237,125.59460526316843,-0.3735728854032238,-0.5778289814783073,-0.4395448792266717,False,False,False,D,7,68,21,81,55,14,74,60,1,1,1,1,1,1,6,True,True,True,True,False
12656399,D,0.0,0.9583333333333334,0.9375,0.9791666666666666,0.0625,0.020833333333333332,1.0,1.0,1.0,1.0,1.0,577.7234374995654,6.359095272328754,260.66979166601476,5.563254440293887,580.0187499997103,6.363060430603647,261.0124999991515,5.5645682988929295,570.8374999991307,6.347104580710181,259.6416666666046,5.559302475288883,546.0677083320916,6.302742975990791,284.0385416660768,5.649109939045244,609.3791666670392,6.412440679336184,237.30104166595265,5.469329553090544,539.3234374988824,544.0687500000931,649.7781249997206,6.290315460510455,6.299075617547472,6.476630958463548,548.1624999986961,547.7187500003106,644.1750000001242,6.306571775835177,6.305761925274017,6.467970428320591,512.8062499994414,533.1187499994412,666.5874999985099,6.239898093518618,6.278744194846751,6.502171413820398,521.1031249980442,515.8624999993481,601.2374999988825,6.255947958823007,6.245840257101879,6.3989900311812065,557.5437499997206,572.2750000008382,698.3187500005588,6.323540975591068,6.3496196450795335,6.548675660415982,52.97881171654815,0.2090122354164488,54.0340198868152,0.22388547911482454,49.99999928748698,0.19480059400838656,52.97881171654815,0.2090122354164488,52.97881171654815,0.2090122354164488,0.0,39.247,0.0,39.247,0.0,39.247,0.0,39.247,0.0,39.247,1.0,0.9685863874345549,0.9473684210526315,0.9895833333333334,0.05263157894736842,0.010416666666666666,1.0,1.0,1.0,1.0,1.0,778.9821989523023,6.6579881944572845,425.0900523566607,6.052301034377372,790.5566433559765,6.672737309181697,426.8811188818483,6.056505564352567,744.4999999996895,6.6127128521236465,419.7541666670392,6.039669222452847,917.9978947353991,6.822195097301302,500.32315789429765,6.215254205438688,641.4145833336128,6.463676023722769,350.6406250017074,5.859761838568774,735.6781249998603,767.0460317447072,834.0359374997206,6.600792692908917,6.642546814878935,6.72627649195762,744.7520833332092,771.402127658116,855.116666666232,6.613051388948605,6.648209803947814,6.751237911869207,708.4562499998137,754.2499999990687,770.7937500001863,6.563088307047423,6.6257238780379355,6.647420828048835,866.3624999993481,956.6225806426619,932.2156249987893,6.764303412200835,6.863408936071784,6.8375641452214575,604.9937500003725,583.3937499998137,735.8562500006519,6.405218127399584,6.368862344314552,6.601034787153792,52.4494797552658,0.27540106792939967,51.891529252003096,0.26261864625290954,57.465559314984816,0.7677868664188401,51.63814545540965,0.23275349411251428,57.72950551977422,0.9812090396268733,0.0,39.247,0.0,39.247,0.0,39.247,0.0,39.247,0.0,39.247,0.0,0.0,0.0,0.0,4.0340205993282225,0.0,-5.57403006298172,-6.091360064364572,0.029084885106437974,0.0,-0.5051682201659305,-0.7484555455143591,0.0,0.0,0.0,0.0,0.0,0.0,0.0,0.0,9.181250000579553,-63.31145833494759,46.05664335628694,276.5833114017863,0.015955849893465768,-0.1096977033453932,0.06002445705805037,0.35851907357853285,1.3708333325469084,46.73750000012416,7.12695221480908,149.68253289259025,-0.6433307135644215,-0.8415350363213495,-0.7112074823518937,False,False,False,D,8,14,30,27,40,22,19,-3,1,1,1,1,1,1,6,True,True,True,True,False
12656534,D,0.0,0.890625,0.78125,1.0,0.21875,0.0,0.8645833333333334,0.8472222222222222,0.9166666666666666,0.8541666666666666,0.875,605.291145833054,6.405709575057389,167.72552083230892,5.122328838719485,599.2597222222636,6.395695097166639,172.19444444299572,5.148624329237396,623.3854166654249,6.435164973837643,154.3187500002484,5.039020268514437,613.5281249992549,6.419226106619752,219.14791666499028,5.389746920385638,597.0541666668529,6.392007840712019,116.30312499962753,4.75619992932379,476.253125000745,582.5796874980442,757.0406250003725,6.165949488100737,6.3674659786549865,6.629416917783981,475.44375000086916,559.5729166648041,762.7625000011176,6.164248578459718,6.327173843951794,6.636946711533446,478.6812500003724,651.5999999977648,739.8749999981374,6.171034927050557,6.47943087672446,6.606481253008371,451.91249999962747,646.821874995716,741.8500000024214,6.113488577020796,6.472070947470754,6.609147066400067,500.59375000186253,518.3375000003725,772.2312499983236,6.2157948939054775,6.250626574498844,6.649284051799595,60.67819972856382,0.9533647198691,60.371071472683354,0.9067585413492234,57.238009175159405,0.9475214165437187,50.722314236353,0.11664438901328023,61.35498417256841,0.3771588020466767,59.993853229237935,8.473455461076314,59.992975981725046,8.47043663518021,59.999900021016394,7.443607382736198,59.996753284284516,8.071254781079912,59.99990002101437,7.4436266305612175,0.0,0.9375,0.875,1.0,0.125,0.0,0.8854166666666666,0.8958333333333334,0.8541666666666666,0.9166666666666666,0.8541666666666666,712.3124999989135,6.568516719614428,319.6192708333644,5.767130508799515,718.7291666654249,6.577484606182498,320.07777777790193,5.768564021816499,693.0624999993792,6.541120182712539,318.2437499997516,5.762817598595034,726.069791666232,6.587646141976103,373.2072916657974,5.922134007007929,698.5552083315948,6.549014213986809,266.0312500009313,5.583613783087832,591.8406250011176,617.4390624980442,927.6578124975787,6.383237384114131,6.4255803794188315,6.832662928253387,598.8750000006208,632.0395833315948,925.2729166640592,6.395052895204323,6.448952024039354,6.830088739037422,570.7375000026077,573.6374999973923,934.8124999981374,6.346929384167197,6.351997663712948,6.840345974417553,597.9750000014901,622.0843749996275,958.1499999975788,6.393548947059161,6.4330757346642,6.865004341911977,585.706250000745,612.793749996461,897.1656249975786,6.372818384032049,6.418028419282433,6.799240488266925,59.31970507317235,0.7508884996139805,59.45768410499675,0.6204391996727797,58.36756366663253,0.6729896195018519,59.999999999999964,0.9991622278358729,58.36756366663253,0.6729896195018519,53.25612106261493,10.890890639330182,52.82637772440627,10.898544889372392,59.99990002101298,7.443640852902256,59.999900021016394,7.443607382736198,52.758833795175086,10.921975520629257,-0.06944444444444442,-0.02083333333333337,0.04166666666666674,0.0625,3.1330622975239493,-10.632669936215407,1.0901204383642238,1.632436333367437,-0.040762875194495285,-0.26051441303339645,-0.05255041982907216,0.32617260833402106,-0.006924039291348549,-0.0031467367298532167,-7.173522296606706,7.241066225841308,1.0268292524440117,0.627628150518694,3.454904036470136,-3.4783681378930584,-24.125694443161365,16.47395833240205,25.666666666045785,27.514583334637223,-0.03946987667100377,0.027218265907733574,0.036364423469959384,0.038631927989293935,17.875694442747317,102.84479166536275,1.8340277781503005,107.17604166486609,1.7064430804382615,1.4912952892904872,0.0573098037777419,True,True,True,D,25,57,35,63,35,10,38,28,1,1,1,1,1,1,6,True,True,True,True,False
12657102,D,0.0,0.9427083333333334,0.9375,0.9479166666666666,0.0625,0.052083333333333336,0.7708333333333334,0.7708333333333334,0.7708333333333334,0.75,0.7916666666666666,714.5562500002173,6.571661720653553,226.50885416458678,5.422784035393425,695.8930555561351,6.545195992718005,219.55624999747513,5.391608463910558,770.5458333324641,6.647099138172651,247.3666666659216,5.510871716304966,714.0937499993792,6.571014256240302,225.42708333178118,5.417996751138901,715.0187500010555,6.57230876612787,227.59062499739238,5.427548510706946,579.1921874973923,613.0906250034458,951.3859374998137,6.361634352543714,6.4185127635139825,6.857919803039473,570.2083333327124,574.3666666690259,943.1041666666666,6.346001791125745,6.3532679844850515,6.849176739594015,606.1437499914321,729.2625000067054,976.231249999255,6.407117169146168,6.592033749508305,6.883699494822726,557.293749996461,569.1406250018625,1015.8468749998137,6.323092479720681,6.344127547707006,6.923477903197133,601.0906249983236,657.0406250050291,886.9249999998137,6.398745713514114,6.487745850674984,6.787760424055729,50.6987796676673,0.15886142451797275,50.94695655693322,0.17819018149825322,49.99999434858453,0.11726738405463638,48.579778086500134,0.13223983275009216,52.97881171654815,0.2090122354164488,53.34240855882602,26.859716511271557,53.65812719366712,28.52806762004892,50.69501375108453,11.736117082475856,52.82368821559697,26.527505655353348,54.04866527124495,27.164700435287635,0.0,0.9114583333333334,0.8645833333333334,0.9583333333333334,0.13541666666666666,0.041666666666666664,0.828125,0.8402777777777778,0.7916666666666666,0.8541666666666666,0.8020833333333334,860.9817708328677,6.7580733321163375,374.44635416862246,5.925448546150774,838.3750000002069,6.731465494420148,365.7979166691915,5.902081040667698,928.8020833308498,6.833895673416103,400.3916666669151,5.99244323470429,917.2541666667288,6.821384605788965,469.95208333494764,6.152630739155639,804.7093749990066,6.69048118738745,278.94062500229717,5.6309989455614975,633.3749999995343,774.9984374996275,1174.5718749994412,6.451062663795339,6.652861013221802,7.068658998479802,634.0645833344508,728.5208333320916,1152.5395833340783,6.452150815707315,6.591016222799578,7.049723119907104,631.3062499947847,914.4312500022348,1240.6687499955299,6.447791085522236,6.818302287314651,7.123405827733802,649.5000000027939,839.1968750003725,1263.0656249970198,6.476202836114956,6.732445333291041,7.14129708061823,617.2499999962747,710.7999999988824,1086.0781250018624,6.425274128219254,6.566391096278924,6.9903284362138685,57.58745866116805,0.15557181399050257,57.000099730154915,0.13246770818259723,59.558048025427304,0.9997025133827981,57.704234725763484,0.20105469635692158,55.12482253284053,0.8747156559330057,53.137461887134606,29.54752602603317,52.785989242479054,31.34650006335672,53.016150219072316,22.07181818455467,52.31483106239373,23.604678051572524,53.6827739702351,32.49232274638624,0.0,-0.04166666666666663,0.04861111111111116,0.05208333333333326,0.9469622083486939,-4.399033630048017,-2.5579482952723893,2.579412192922952,0.06092279744361684,-0.07677240266635665,-0.8672348052002009,-0.6736609595760841,2.963113442582589,-1.224977055647983,-0.23016097659326107,-1.3679429078413676,16.791950537573065,-0.637194779934287,9.274681878802053,-8.88764469481372,-74.652777776329,-0.9250000016763806,-90.42708333064286,112.54479166772217,-0.10190314545464574,-0.0012945098875682959,-0.10243017899595497,0.1309034184015152,-27.810416668446464,-2.1635416656112056,-34.59374999772359,191.01145833265048,0.3246796065811099,-0.1241906845809972,0.0226762030922549,True,True,True,D,30,29,33,29,37,3,-1,-4,1,1,1,1,1,1,6,True,True,True,True,False
12657220,D,1.0,0.8795811518324608,0.8631578947368421,0.8958333333333334,0.1368421052631579,0.10416666666666667,0.9633507853403142,0.951048951048951,1.0,1.0,0.9270833333333334,480.3612565445026,6.174538438628229,255.44502617801047,5.543007224763253,476.65734265734267,6.166797873535805,257.54545454545456,5.551196227032146,491.3958333333333,6.197249980875984,249.1875,5.518205625141574,479.1578947368421,6.172030177199671,242.1157894736842,5.489416080626463,481.5520833333333,6.1770143943049245,268.6354166666667,5.593355131936912,440.890625,459.06349206349205,540.796875,6.088796828812807,6.129188527429969,6.293043746235727,434.9583333333333,454.0425531914894,540.5,6.075250241060353,6.1181909231456855,6.292494637079263,458.6875,473.8125,541.6875,6.128369150305281,6.160811673816522,6.294689266894563,463.21875,453.9032258064516,519.5625,6.1381994047141335,6.117884016303109,6.252987111291307,418.5625,464.0625,562.03125,6.036826221670269,6.140019241431119,6.331557453329998,55.69994669567077,0.1297244395555759,50.71378666413345,0.09631633523283639,59.61758697533631,0.7522815441236294,47.830536863449495,0.27936352430654154,59.67777542856572,0.07328918056698674,53.69733687437573,45.293421768693705,53.734821833468544,45.39009650822175,0.0,39.247,0.0,39.247,53.59113539436281,45.01180106679203,0.0,0.8645833333333334,0.9270833333333334,0.8020833333333334,0.07291666666666667,0.19791666666666666,0.96875,0.9722222222222222,0.9583333333333334,0.96875,0.96875,519.1875,6.25226508959929,312.609375,5.744954407940744,526.5,6.26625133157403,316.1875,5.756335392052155,497.25,6.209092917734082,301.875,5.7100130244068374,587.6458333333334,6.376124442165457,362.4479166666667,5.892880785811114,450.7291666666667,6.110866641751095,262.7708333333333,5.5712822961793025,457.71875,522.34375,577.5,6.126254912518581,6.2583258960544725,6.358708442395948,459.7708333333333,534.625,585.1041666666666,6.130728176940269,6.281565566547073,6.371789894058642,451.5625,485.5,554.6875,6.112713790740852,6.18517928773138,6.318404892103835,493.25,616.1875,653.5,6.201016144902725,6.4235513003352604,6.482342533064276,422.1875,428.5,501.5,6.045449528154518,6.060290738037835,6.2176036074019905,37.7249827811772,0.1801026152358065,44.93243267649099,0.229431762608657,38.279146202754866,0.8738146684627099,35.733098291141026,0.17826477498362187,39.683505645845585,0.16080467037152468,74.57119155641766,21.680839656921062,40.1396932171302,10.14785923571117,70.0007,11.91221104895698,70.851077364799,11.664433674824409,40.11294906767694,9.56670496178065,-0.04895104895104896,0.07291666666666663,0.01388888888888884,0.0,-8.903800311202858,-11.847238565116221,6.653286473736124,-3.9504073547045593,-0.655965208890793,0.2060743437395548,-0.6443829058540529,0.017460104612097183,53.734821833468544,-53.59113539436281,-29.861006782869794,30.73812829712206,6.143096508221753,-5.764801066792032,-1.7643518132458098,2.097728713043759,-14.738490675990647,-2.394188596491233,29.25,136.91666666666669,-0.03045210734017889,-0.004984217105253208,0.05715841383994835,0.2652578004143624,8.357954545454561,-26.519627192982483,14.3125,99.67708333333337,0.5802726657871808,-0.2956389912169392,-0.2996610812178331,True,False,False,D,0,15,33,32,43,33,32,-1,0,1,1,1,1,1,5,True,True,True,True,False
12709453,C,1.0,0.8481675392670157,0.8526315789473684,0.84375,0.14736842105263157,0.15625,0.2198952879581152,0.23076923076923078,0.1875,0.2631578947368421,0.17708333333333334,739.2581151842447,6.605647136263466,351.390052356333,5.861896866747671,689.7384615382115,6.536312484488044,330.3727272736443,5.800221493668538,886.7854166713854,6.7876030327167545,414.00416666517646,6.025876038183307,872.6221052627815,6.771502593009924,399.44105263070054,5.990066201455005,607.2833333356926,6.408995458653553,303.83958333482343,5.716499875732149,751.9750000014903,698.0317460336382,767.1234374996275,6.622703078718354,6.548264583151674,6.6426477238808905,661.6083333355685,607.8553191474144,798.0458333318433,6.494673739361064,6.4099368917201405,6.682166031053404,1023.0749999992553,962.9250000119204,674.3562500029805,6.930568077046566,6.869975527157636,6.513758532108515,844.0062499996277,870.4032258102968,903.3874999955298,6.738159899781368,6.768956582218773,6.8061515865026045,659.9437500033529,531.046875,630.8593750037252,6.492154604120774,6.274850294181927,6.447082977171191,51.71330850306779,0.1610247400273095,53.209497936075515,0.1724324756295491,44.96134863827931,0.16864039681294313,46.31615604087934,0.12502441668086078,58.6354977907912,0.9367994768094796,43.451137009685496,132.2007441915637,44.61977314033436,115.26476160740219,-210.19591022229912,1143.166176167198,58.139127347714705,107.85325258938818,24.686129557316672,143.27297086330643,1.0,0.7905759162303665,0.7894736842105263,0.7916666666666666,0.21052631578947367,0.20833333333333334,0.2931937172774869,0.3263888888888889,0.19148936170212766,0.375,0.21052631578947367,620.1314136105058,6.429931413015633,363.6429319372352,5.896172429967923,618.3173611102005,6.427001854951173,357.7722222237951,5.879896533135761,625.6893616965476,6.438854020616766,381.629787229477,5.944450995305159,637.0187500007452,6.456799089991,353.9281249983857,5.869093855791304,603.0663157845798,6.402027167105727,373.4600000017568,5.922810903795638,620.2587301560811,624.9406249942258,615.1968750022352,6.430136697694268,6.437656645214376,6.421942338533271,587.6229166649283,669.0541666634381,598.2750000022353,6.37608544399009,6.505865023462625,6.394050514469039,724.6933333277702,492.59999998658884,665.9625000022352,6.585748576856378,6.199697485659212,6.501233362652179,606.012499999255,650.7218750007451,654.3218750022352,6.406900612918056,6.478082323579562,6.483599393996392,634.9645161244179,599.1593749877064,576.0718750022353,6.453569117212313,6.395527631152412,6.356232435901133,57.90969249735353,0.5299498783448638,50.64380059180744,0.31715779226008217,53.582312612550886,0.027706802619416215,58.74895886503185,0.7821839642573121,57.844564556509205,0.643598414542467,55.00270105363855,164.9363075844488,57.27025177040781,157.59412140776598,47.10430276396679,189.67754410511924,54.100876410828675,160.42321904676493,56.809888247377025,172.5225691750855,0.04326923076923078,0.08607456140350875,0.13489952718676124,0.16447368421052633,8.248149297796203,-12.319341749911857,-2.9385120207434454,0.9043943085226473,0.0037920788166059816,-0.8117750601286189,0.28945098964066596,0.13858554971484505,254.81568336263348,33.45299779039803,10.165949006441018,-2.709011836548349,-1027.9014145597957,-35.41971827391825,-32.08342269735326,-12.099350128320566,-197.04695513317392,265.3387719270888,-7.372000586347099,33.95243421616533,-0.25129054822871044,0.3625071343563704,-0.01185216566559344,0.05477192288527277,-83.63143939153218,95.60146929587711,-23.85756500568192,-19.531875003371056,0.316078991603522,-0.0744248615294309,0.5296129429216654,True,True,True,C,0,0,23,17,15,23,17,-6,1,1,1,1,1,1,6,True,True,True,True,False
12709465,C,0.0,0.9635416666666666,0.9791666666666666,0.9479166666666666,0.020833333333333332,0.052083333333333336,0.9375,0.9444444444444444,0.9166666666666666,0.9791666666666666,0.8958333333333334,795.3192708296701,6.678743632563114,605.9437499983857,6.406787159976264,778.4645833298564,6.657323496764378,608.2847222222222,6.410643065479815,845.8833333291115,6.740381446230312,598.9208333268762,6.395129424651166,825.8687499947847,6.716435862583905,578.4041666674117,6.36027287460044,764.7697916645557,6.639574862610558,633.4833333293598,6.451233690542749,666.1718749981374,687.2328124959023,1032.5531249949709,6.501547707813682,6.532673117632444,6.939789776291172,644.6979166654249,657.3145833276213,1033.381249996523,6.468781860832254,6.488162721738184,6.940591471694405,730.5937499962748,776.9875000007451,1030.0687499903142,6.593857559706845,6.6554242627231135,6.937380826559574,730.1312499921769,722.6406249962749,1024.834374995902,6.593224312491173,6.582912037720372,6.932286293146334,602.2125000040979,651.8249999955297,1040.2718749940395,6.4006103730625235,6.479776120984775,6.947237376235117,47.67356360244719,0.2198504542549874,47.148309043377495,0.18714532460899175,49.99999999999999,1.0,49.99999928748698,0.19480059400838656,42.04051259219718,0.7186989075752479,53.770099034381516,31.41992000123752,53.65241407396857,34.43483855888107,51.38575101488696,14.89027256403149,59.99990002101213,7.4436456778371305,51.01153497183798,34.14656885165237,2.0,0.9631578947368421,0.9895833333333334,0.9361702127659575,0.010416666666666666,0.06382978723404255,0.9105263157894737,0.916083916083916,0.8936170212765957,0.9473684210526315,0.8736842105263158,793.8863157918579,6.676940271892576,602.367368421931,6.400867505732172,786.4937062967907,6.66758472030076,605.2300699314038,6.405608666620748,816.378723404509,6.704878369112141,593.6574468080033,6.386302464138243,848.1578947368421,6.743066815083098,770.2757894739351,6.646748618868798,739.6147368468736,6.6061294247429005,434.4589473699269,6.074101457778928,575.0843750014901,655.0453125005588,1163.0661290374492,6.354516769165243,6.4847044126326345,7.058815011639427,560.1270833363136,642.8729166674117,1164.3531914949417,6.3281636925125815,6.465947063440265,7.059921011385444,619.95624999702,691.5625,1159.0333333373067,6.4296489110284085,6.538953530245369,7.055341603355261,571.7562499977649,761.7125000003725,1222.7096774212775,6.34871276419035,6.635569187904943,7.108824721914993,578.4125000052154,548.3781250007451,1103.422580653621,6.360287281961682,6.306965058126617,7.0061720652416035,41.40768159164269,0.9754920397342137,49.99276625107205,0.23339290615355707,47.71428288632499,0.9999999287744978,41.93036780322106,0.9570514777402606,49.927652211104125,0.17299486046627843,47.77844294968629,23.05158979322611,46.70895188193968,18.89259734843559,51.83663859898858,14.527908832992724,49.85472640888918,15.799993171225884,47.255439538866014,22.182909524953136,0.02777777777777779,0.08333333333333326,0.022466894807320337,0.07368421052631569,-2.851690956622498,7.959486695289797,2.2784833647470606,-7.997284407883065,-0.8128546753910082,-0.5238983135668613,-0.7666070226209407,0.7840566172739821,2.2666630590816155,8.98836504917415,-5.127686717048896,2.599286870023164,19.544565994849577,-26.702923173815236,4.364688515442866,-6.382916353727252,-67.41874999925506,61.09895833022904,-29.885017107718227,108.54315788996848,-0.08305794946593448,0.07686099997334761,-0.03729364881138064,0.13693739034019714,9.363888895346008,-55.07916666194808,11.57262312340049,335.81684210400823,-0.1606963222437354,0.0051739429601247,-0.8351066383997713,False,True,False,C,0,0,22,64,61,22,64,42,1,1,1,1,1,1,6,True,True,True,True,False
12709490,C,0.0,0.9010416666666666,0.9895833333333334,0.8125,0.010416666666666666,0.1875,0.984375,0.9861111111111112,0.9791666666666666,0.9895833333333334,0.9791666666666666,517.1802083333556,6.2483913792153025,155.5067708333275,5.04668927300786,521.0750000000311,6.255893985327794,149.8305555555401,5.0095050259540725,505.4958333333295,6.2255397957625185,172.5354166666898,5.150602529407173,571.2812499999901,6.347881645307341,202.92500000001738,5.312836452647325,463.07916666672116,6.1378980257909515,108.0885416666376,4.68295072149361,398.92499999995925,481.64531250004075,670.9703125000669,5.988773429296389,6.177207976985696,6.508724892326832,397.3666666666589,495.77291666669777,670.0854166667364,5.984859448055826,6.206117992588081,6.507405191821456,403.5999999998603,439.2625000000697,673.6250000000582,6.000424288479108,6.0850971842606345,6.512673576253747,423.92499999990105,553.5750000000988,736.3437499999707,6.049556552792958,6.3163972443244045,6.601697061324607,373.9250000000175,409.7156249999827,605.5968750001632,5.924055242545437,6.015463321487265,6.406214541938464,40.213632645926,0.2021615519010304,38.967387711502425,0.1598902216857614,40.78031803508758,0.8882610267947441,40.45856911658713,0.548041000882324,38.996855745862746,0.1692781581185152,49.14190331465906,11.717451510441004,50.0,11.90695733468313,39.99993336077985,7.439848718813114,39.99993336077985,7.439848718813114,50.0,11.906956677824875,0.0,0.9479166666666666,0.9375,0.9583333333333334,0.0625,0.041666666666666664,0.9947916666666666,0.9930555555555556,1.0,0.9895833333333334,1.0,518.8473958332761,6.2516098049258,156.77135416665988,5.05478840096276,497.0138888888436,6.208617971156552,158.60277777775707,5.066402823409019,584.3479166665736,6.37049655315774,151.2770833333683,5.019113144242134,473.5124999999243,6.160178311432748,136.7072916666609,4.917842082955922,564.182291666628,6.3353774114511285,176.83541666665886,5.175219450654844,408.03124999999994,436.65781249993597,711.8531249998923,6.011343764608312,6.079149850603808,6.567871605019764,407.22083333334496,448.83124999994953,634.9895833332363,6.009355626337544,6.106646981909087,6.4536085945585135,410.462499999965,400.13749999989517,942.4437499998608,6.017284572709804,5.991808238039225,6.848476235843382,380.32499999998254,430.33124999995925,609.8812499998311,5.941026150349146,6.064555260958354,6.413264266084854,435.7375000000174,442.9843749999127,813.8249999999534,6.07703999781545,6.093534498542545,6.701745355174324,50.45459079936673,0.2305431295199784,51.118240555532914,0.21037032045709753,43.25647549273596,0.8103634976914554,48.81480128457134,0.3033078385024034,51.618893343935,0.18886548740645215,80.0006637398833,7.449203246668654,80.00066375791121,7.4486511574672125,0.0,39.247,80.0006637398833,7.449203246668654,0.0,39.247,0.006944444444444531,0.01041666666666674,-0.00694444444444442,-0.01041666666666663,-1.8129303235851566,1.4617133707243823,7.861765062796955,-2.8040920593636613,-0.7283708051089827,0.3787628427638088,-0.5999931772343579,0.11444235109595124,10.000066639220151,-10.000066639220151,80.00066375791121,80.0006637398833,4.467108615870015,-4.46710795901176,-31.79834884253279,-31.797796753331347,15.57916666670161,108.20208333326894,-87.33402777773,-90.6697916667037,0.03035418956527547,0.20998361951638955,-0.16187858200118832,-0.17519910001838035,-22.70486111114971,94.83645833337978,7.325694444388773,-40.128124999997965,1.0696349943346362,0.3789432852700982,0.602608609511174,True,True,True,C,77,63,63,68,64,-14,-9,5,1,1,1,1,1,1,6,True,True,True,True,False
12709508,C,32.0,,,,,,,,,,,,,,,,,,,,,,,,,,,,,,,,,,,,,,,,,,,,,,,,,,,,,,,,,,,,,,,,,,,,,,,,,,,,,,,,,0.0,0.9635416666666666,0.9270833333333334,1.0,0.07291666666666667,0.0,0.78125,0.7708333333333334,0.8125,0.7916666666666666,0.7708333333333334,934.6734374999356,6.840197203575613,392.5802083333692,5.972740868787052,949.2652777777403,6.855688293559947,392.1736111111564,5.971704627233276,890.897916666523,6.792229849264467,393.80000000000786,5.9758431662050455,933.3062499999455,6.838733389216959,426.2906250000233,6.055121331974159,936.040624999926,6.841658878313417,358.8697916667152,5.882959625390502,839.3796874999098,894.1874999999271,1070.4531249999704,6.732663151774087,6.795915484726471,6.975837319121434,857.3374999999261,901.297916666624,1089.1604166666702,6.753831656708608,6.803835854083629,6.993162418481748,785.5062499998608,872.8562499998365,1014.3312499998718,6.666328414379312,6.77177088019636,6.921984807332443,823.1812499999651,858.3999999999069,1118.3374999999646,6.713176407292468,6.75507019131638,7.0195984865131145,855.5781249998545,929.9749999999474,1022.5687499999765,6.751777410027573,6.835157704065495,6.930073122820431,50.69435358774534,0.14989500511419962,50.00724441008312,0.2333950716152261,54.97981146913596,0.5256672818563045,50.69219575223597,0.07628571631565845,49.99999999999999,1.0,48.20713822920538,25.793313460507544,49.02009073507888,23.95211321415361,46.01539507257655,22.145740378851404,50.67292718660054,32.407285028794504,47.559328055467496,20.942042425157005,,,-0.04166666666666663,0.02083333333333326,,,-4.972567059052842,0.6921957522359747,,,-0.2922722102410784,-0.9237142836843415,,,3.0046956625023284,3.113599131133043,,,1.8063728353022057,11.465242603637499,,,58.36736111121729,-2.734374999980446,,,0.0634584442954802,-0.0029254890964587332,,,-1.6263888888514657,67.42083333330811,0.177770685693626,0.908133275410381,0.9663549457941244,True,True,True,C,12,21,11,48,71,-1,36,37,1,0,1,1,1,1,5,True,False,True,False,False
12709675,C,0.0,0.8802083333333334,1.0,0.7604166666666666,0.0,0.23958333333333334,0.9895833333333334,0.9930555555555556,0.9791666666666666,0.9895833333333334,0.9895833333333334,496.620312499992,6.2078257753789,253.8151041666582,5.536606065592485,486.17708333332365,6.186572926532839,244.9229166666628,5.500943535189275,527.949999999997,6.269001582252518,280.49166666664433,5.636544015668116,545.0489583333305,6.300875622432885,271.3041666666516,5.603240577699003,448.1916666666536,6.105220968303868,236.32604166666474,5.465212384073509,396.7218749999811,484.7843750000066,608.3546874999884,5.983235468424955,6.183704204450249,6.410758079472102,391.5624999999757,455.30000000000297,611.6687499999923,5.970145145090325,6.120956542340743,6.416190877809298,412.19999999999703,573.2375000000175,598.4124999999765,6.0215086684563515,6.351300116005317,6.394280315479488,414.80937499998254,543.5625000000147,676.7749999999943,6.027819077353542,6.298144695350011,6.517338869075481,378.6343749999796,426.00624999999854,539.9343749999823,5.936571029687886,6.054454017523246,6.291447604395411,36.33144973651361,0.2142966635878938,39.07824538803747,0.9626239332372832,42.07215836462473,0.12214130656587391,35.907969278299326,0.6539359075619224,40.45856911658713,0.548041000882324,30.0003,11.912705948176733,39.999933360780474,7.439853798668325,19.99996929979131,7.43994809280912,19.99996929979131,7.43994809280912,39.99993336077985,7.439848718813114,0.0,0.875,0.9895833333333334,0.7604166666666666,0.010416666666666666,0.23958333333333334,0.96875,0.9652777777777778,0.9791666666666666,0.9583333333333334,0.9791666666666666,412.07656250002645,6.021209163395771,225.68854166666162,5.4191559145536345,404.8694444444797,6.003564655741234,228.6416666666644,5.432156003634802,433.6979166666666,6.0723482472020835,216.8291666666531,5.379109793112057,429.09479166669917,6.061677854116076,244.64270833334743,5.499798812808433,395.05833333335363,5.97903343332255,206.73437499997578,5.331434756682622,343.62187500001164,398.4906250000277,494.11718750003996,5.839541852228012,5.9876839722321495,6.202772710715314,339.1562500000194,407.1666666667007,468.2854166667191,5.826460915646345,6.009222602029769,6.14907797469824,357.01874999998836,372.46250000000873,571.6125000000027,5.87778830140883,5.920136361611019,6.348461314256074,332.25000000004366,408.1843750000554,546.8499999999984,5.805887697593486,6.011718971838269,6.304174541781232,354.9937499999796,388.796875,441.3843750000815,5.872100183686575,5.963057035002542,6.089916094464962,38.88588177207066,0.8759394228728345,38.83858550738218,0.9938387184705009,42.823360601162236,0.1342144374898685,36.30285681786665,0.5756210693768465,39.667445284084195,0.7559868059315262,40.001970398341506,8.527733012628556,40.00418242193205,8.720226412663765,39.99993336077985,7.439848718813114,40.00643300316353,9.43557909892013,39.99993336077985,7.439848718813114,0.01388888888888895,0.0,-0.01388888888888884,-0.02083333333333326,-2.9939129765872536,-4.550599838287802,-3.9847750937800583,-3.3645884662175476,0.8404826266714094,0.10589490667959844,0.8596242809806324,-0.1803657365546797,19.999964060989164,-19.99996406098854,0.00424906115220125,0.006499642383680282,-9.429414079509257e-05,9.937399600534746e-05,1.2803776938506504,1.9957303801070152,-41.772916666673325,96.85729166667687,-28.82847222218686,34.036458333345536,-0.08242865571967872,0.19565465412901695,-0.06878359146084989,0.08264442079352641,-35.56874999998155,34.978124999986875,11.812500000011312,37.908333333371644,0.7435239164855383,0.2639840206778845,0.346737106109886,True,True,True,C,12,14,34,41,47,22,29,7,1,1,1,1,1,1,6,True,True,True,True,False
12709726,C,0.0,0.9479166666666666,0.9270833333333334,0.96875,0.07291666666666667,0.03125,0.8385416666666666,0.8611111111111112,0.7708333333333334,0.8958333333333334,0.78125,943.5130208320916,6.849610165277333,392.92447916790826,5.973617428436054,892.0451388855776,6.793516735431477,389.88194443782163,5.965843986729123,1097.9166666716335,7.001169723626087,402.05208335816843,5.996581640819231,1048.6510416766007,6.955259894975728,472.9583333333332,6.1590072944073935,838.3749999875827,6.73146549440509,312.89062500248343,5.745853688584825,644.9921874888241,819.7390624992549,1365.8078125081956,6.4692382043019885,6.7089860731523725,7.219501336607419,615.570833320419,788.316666652759,1272.2479166835549,6.422550021570717,6.669899870367745,7.148540627962044,733.2562499940393,914.0062500387428,1646.4874999821186,6.597495231508979,6.817837409547557,7.406399509915216,757.3749999999999,940.7125000134112,1447.8656250163906,6.629858507265153,6.846637566880916,7.277845768236393,532.6093749776483,698.7656249850986,1283.750000000001,6.277788275511147,6.549315385557543,7.157540761242768,52.8187228071681,0.17793907930385544,53.218214135625324,0.23736427625191625,53.13802169392651,0.10096402450402753,49.99999959741909,0.27081257813477067,50.04584850218125,0.08404732341507909,53.65391856263758,32.91642956682349,53.57327227581397,34.13963774183579,53.69045932246768,31.070504145881486,50.0,11.906957912878733,56.26700923257802,34.59465665555366,0.0,0.921875,0.8645833333333334,0.9791666666666666,0.13541666666666666,0.020833333333333332,0.8958333333333334,0.8958333333333334,0.8958333333333334,0.9166666666666666,0.875,663.8520833402872,6.498059358606606,277.1041666616996,5.62439348842748,652.5770833426052,6.480929267610379,293.41388888491525,5.681584202301218,697.6770833333334,6.5477563643878804,228.1749999920528,5.430112878368112,705.6531250054637,6.559123792399014,400.2979166507721,5.992209061515267,622.0510416751107,6.433022149943312,153.91041667262712,5.036370723236766,552.503125000745,589.2249999903142,849.8281250298022,6.314459089485858,6.378808114086014,6.745034123190712,527.2041666706401,600.1895833263794,830.3375000307957,6.267587886553576,6.397245577518072,6.721832244683602,628.3999999910595,556.3312499821188,908.3000000268219,6.443176906367238,6.321363890197233,6.811574720537697,575.6062500104307,664.8562499806286,876.4968750253317,6.3554238332072694,6.499570851846074,6.775933139067234,529.3999999910594,513.59375,823.1593750342727,6.271744289776112,6.241432583298593,6.713149833246537,59.65344369657748,0.9919789021803727,59.27379443072873,0.9254764918722206,60.7337706592097,0.8566597787739867,58.924401108141026,0.9952249279571922,60.3667375765003,0.8183615876285923,53.27485921471111,17.027609803789826,53.382132390490185,17.652549805232074,51.62245799902522,11.392966078356705,53.29763696962158,23.228288771967083,51.858631265345,11.317156214639297,0.09027777777777779,0.11458333333333337,0.0,0.04166666666666663,0.0801924416988129,-0.04584890476215975,-1.4599762284809756,-1.4423364683592723,0.13640025174788872,0.18676525471969158,0.0688167130982339,0.17686334032859985,-0.11718704665371149,-6.267009232578019,1.7596743914649622,1.4390057042765818,3.0691335959543053,-22.687698742674932,6.259583726875368,11.911132557327786,-205.87152778605594,210.27604168901803,-45.09999999072818,83.60208333035303,-0.2076529881946101,0.22379440057063782,-0.06682709677750154,0.1261016424557022,-12.170138920346801,160.06770833084977,65.23888889286246,246.38749997814497,-0.5360380710132113,0.3554450188319449,-1.0683924783446388,False,True,False,C,5,26,17,22,38,12,17,5,1,1,1,1,1,1,6,True,True,True,True,False
12710105,C,1.0,0.9685863874345549,0.9583333333333334,0.9789473684210527,0.041666666666666664,0.021052631578947368,0.93717277486911,0.9375,0.9361702127659575,0.9578947368421052,0.9166666666666666,856.8057591622959,6.753211240822312,458.3109947644143,6.12754798154897,861.5027777777998,6.758678280313105,464.8000000000141,6.141607205537732,842.4148936169219,6.736272640645578,438.42978723406634,6.083199678658807,960.2610526315474,6.867205177320197,545.184210526296,6.3011237385194665,754.4281250000155,6.625960011907478,372.34270833338564,5.919814689135274,780.4603174603025,812.171875,976.5921874999914,6.659883896203391,6.699711986482227,6.884069151902741,765.5645833333838,775.5791666666628,1043.3645833333528,6.64061357905485,6.653610062082855,6.950205946494231,828.126666666443,921.9500000000114,776.2749999999066,6.719166121750908,6.826490992151186,6.654506838848125,835.296774193524,972.140625,1069.4406249999302,6.727787079900607,6.879500469921813,6.974891010384751,727.3374999999942,652.2031249999999,883.7437500000526,6.589390606397766,6.480356054818747,6.784167145050049,50.47898813002934,0.25665026074825115,51.884241198169846,0.26135057107630144,42.53311084530285,0.7681899527720082,48.36185455152654,0.23275349399696754,57.66004450913007,0.9567018712790503,61.8727252630473,24.47913682973643,60.00000000000088,23.873022423616355,69.14036745525331,11.727933012909407,60.000115276891215,38.42334036690413,67.76666774780163,11.282181535683293,1.0,0.93717277486911,0.9157894736842105,0.9583333333333334,0.08421052631578947,0.041666666666666664,0.9476439790575916,0.9370629370629371,0.9791666666666666,0.9473684210526315,0.9479166666666666,614.4062827224867,6.420656407566477,389.659685863889,5.965273757837385,610.7517482517092,6.414690572600735,392.973426573441,5.973741992721665,625.2937500000116,6.438221539321016,379.78750000001554,5.9396118857776345,638.2505263157776,6.4587308807444845,400.9726315789514,5.9938931745508475,590.810416666626,6.38149518196189,378.4645833333586,5.936122497385473,571.4343749999827,570.4714285714316,700.626562499936,6.348149647245109,6.346463086665775,6.551975023975497,550.362499999969,572.3276595744761,708.76458333324,6.310577152030527,6.349711658798416,6.5635234309618316,634.6500000000233,565.0187499999882,676.2125000000233,6.453073665834223,6.336858916436491,6.516507375758094,554.8687500000526,614.8064516129031,744.3437499999127,6.318731599292704,6.421307505449496,6.6125029577000705,587.9999999999127,527.521875000006,656.9093749999593,6.3767269478984785,6.268190333684722,6.487546071375154,50.76043992921422,0.21244893765821338,51.25942622080995,0.27602598831855546,58.09942211865555,0.6559658710751306,53.05902294409767,0.19612742730338178,47.92970449233939,0.27611842226946126,58.81218058273193,44.35205878536202,63.28943666935768,33.73375638812461,39.99993336077985,7.439848718813114,60.300516172119515,32.136621723792686,32.02422899709789,107.19850191863114,0.0013297872340425343,0.041228070175438614,-0.042103729603729545,-0.0005482456140351033,9.351130352866996,-9.298189957603526,-6.839995897845604,5.12931845175828,-0.5068393816957067,-0.7239483772820827,-0.37993988275657514,-0.07999099496607948,-9.14036745525243,-7.766552470910419,23.289503308577828,28.276287175021622,12.145089410706948,27.141158831220835,26.293907669311498,-75.06188019483845,19.087884160877934,205.8329276315319,-14.542001748302482,47.44010964915162,0.022405639667526955,0.24124516541271923,-0.023530966720280766,0.0772356987825944,26.37021276594777,172.8415021929104,13.185926573425434,22.508048245592818,0.1566735172470443,0.3791968529826961,1.1517952404028768,True,True,True,C,34,36,56,57,64,22,23,1,1,1,1,1,1,1,6,True,True,True,True,False
12711998,D,0.0,0.8697916666666666,0.9166666666666666,0.8229166666666666,0.08333333333333333,0.17708333333333334,0.9010416666666666,0.9097222222222222,0.875,0.875,0.9270833333333334,654.5364583333334,6.483927287898361,206.53645833333334,5.330476950489638,660.4166666666666,6.492870948957481,202.31944444444446,5.309847856432892,636.8958333333334,6.456606115250933,219.1875,5.389927527900397,576.3958333333334,6.3567946353229265,224.46875,5.413736499275075,732.6770833333334,6.5967050636648175,188.60416666666666,5.23965046256755,605.6875,660.265625,697.65625,6.406364176494769,6.492642216175527,6.547726502944974,641.1458333333334,629.8541666666666,710.25,6.463256940144763,6.445488311108123,6.565617020734297,499.3125,751.5,659.875,6.213232152242261,6.622071209193029,6.49205042314378,514.53125,584.21875,630.4375,6.243256292010738,6.370275484611487,6.446414022815054,696.84375,736.3125,764.875,6.546561210593676,6.601654621006338,6.639712421782704,40.09538622797469,0.23198168109759143,39.747031811714606,0.8536237848675782,46.70994851511105,0.1409985642061512,39.59450468552486,0.9999410383074352,40.599032519001376,0.8557759675034222,46.86188340235963,18.552738064079175,46.134845214070246,13.644207934754197,60.47349247257666,33.54608774182162,46.83047994701262,20.397603326475302,47.27819793403692,14.756174113924526,0.0,0.8802083333333334,0.9895833333333334,0.7708333333333334,0.010416666666666666,0.22916666666666666,0.8645833333333334,0.8611111111111112,0.875,0.9166666666666666,0.8125,651.2916666666666,6.478957570547525,354.9947916666667,5.872103118006288,653.0138888888889,6.481598398405355,357.00694444444446,5.8777552338157815,646.125,6.4709929835162034,348.9583333333333,5.854952526345322,660.40625,6.492855175962426,420.59375,6.041667403433989,642.1770833333334,6.464864096392937,289.3958333333333,5.667795416489498,484.953125,592.15625,876.765625,6.184052236782085,6.383770535869888,6.776239710361344,468.0416666666667,574.0416666666666,916.9583333333334,6.148557323293623,6.352701983696654,6.821062033201589,535.6875,646.5,756.1875,6.283550968659101,6.471573198211912,6.628289361301697,466.09375,643.03125,872.09375,6.144386794149122,6.466193323367705,6.770896929597926,503.8125,541.28125,881.4375,6.22220417504382,6.293939014370554,6.781554097452459,39.233815368680546,0.8459167566248237,42.92319816988542,0.8476627936313363,44.21831143946869,0.13313697581279993,39.667445284084195,0.7559868059315262,49.349905543170635,0.04258607734922515,48.97329334382843,14.067752531334344,48.84230289355551,12.886267124395756,50.0,11.906957599419993,49.35987978779993,11.78873341688326,49.02134690300534,13.38141882192744,0.03472222222222221,-0.05208333333333337,-0.01388888888888884,0.10416666666666663,-6.962916703396445,-1.0045278334765158,-1.2951132695832754,-9.68246025908644,0.712625220661427,0.14416507080401297,0.7145258178185364,0.7134007285823011,-14.338647258506413,-0.44771798702429777,-1.1576971064444876,0.33853288479459565,-19.901879807067424,5.641429212550776,0.9793095249757631,-1.5926854050441808,23.520833333333258,-156.28125,6.888888888888914,18.22916666666663,0.036264833706548316,-0.2399104283418909,0.010605414889151454,0.027991079569488875,-16.868055555555543,35.86458333333334,8.048611111111143,131.19791666666669,-0.6458167207867858,-0.7998407642893609,-0.3000234893512756,False,False,False,D,33,35,24,60,36,-9,27,36,1,1,1,1,1,1,6,True,True,True,True,False
12712328,D,0.0,0.90625,0.84375,0.96875,0.15625,0.03125,0.8385416666666666,0.8263888888888888,0.875,0.8020833333333334,0.875,750.6453125002637,6.620933253251144,139.04218750000774,4.934777394276001,749.9687500003103,6.620031538996024,144.96805555551933,4.97651341163587,752.6750000001242,6.6236335277252785,121.264583333473,4.797974797500386,759.8760416669147,6.633155316907776,163.9760416667753,5.099720329754684,741.4145833336128,6.608559960517263,114.10833333324018,4.7371482895493715,611.8015625003026,665.9828125004424,974.1515625000462,6.416407985653232,6.501263863150989,6.881566899853086,598.2979166669925,667.1270833339078,984.4812500000304,6.39408881830233,6.5029805575031325,6.892114852697239,652.3125000002328,662.5500000000459,943.1625000000937,6.480523741580628,6.496096026710714,6.84923859016316,634.6625000000929,645.618750000489,999.3468750001623,6.453093361535746,6.470209159285694,6.907101940603253,588.9406250005122,686.3468750003958,948.9562499999302,6.378325372119532,6.531383148617289,6.855362696388048,57.96462615700882,0.13547220775099167,56.44160400603431,0.14443611102302834,62.829449473212364,0.2084651723128516,65.2555754878483,0.09575681997860819,56.4212927660731,0.25235147388899004,53.675916772978816,25.30665673726393,52.97235264154071,27.674441972445894,51.858631265345,11.317156214639297,53.130764117413705,27.566986245891837,53.265299112806,19.22524021535481,0.0,0.9479166666666666,0.9375,0.9583333333333334,0.0625,0.041666666666666664,0.8385416666666666,0.8402777777777778,0.8333333333333334,0.84375,0.8333333333333334,627.1442708334071,6.441176611187639,205.5374999998991,5.325628499039854,614.5923611112198,6.420959220577847,208.450694444253,5.339702535788049,664.7999999999688,6.499486243541192,196.7979166668374,5.282177398519628,630.2989583333257,6.44619424386551,255.72083333324795,5.544086354665498,623.9895833334884,6.436133674854272,155.35416666655024,5.045707456635155,469.71875000023283,536.6453125001281,875.0687499998601,6.152134111333996,6.285337378146309,6.774302454699453,456.4979166670237,545.6208333335042,841.6583333331315,6.123584136316008,6.30192429006254,6.735374152001997,509.3812499998603,509.71875,975.3000000000462,6.233196753858228,6.233859103014304,6.882745115978016,468.3000000003958,558.2281250000234,864.3687499995578,6.149109116190341,6.324767704999581,6.76199947173438,471.13750000006985,515.0625000002328,885.7687500001625,6.155149983472142,6.244288252524054,6.786455912022985,54.08987154692169,0.24153826728421357,52.59808719267619,0.2143005402082771,58.85964228476466,0.9132237031454578,52.784764890863435,0.26464607610865676,55.311453323950865,0.22535267874411669,52.984948389277434,17.003038402616315,52.09622769916233,13.782917455549555,53.46781313604238,20.527635363128574,53.71277454537524,15.159474471867824,51.269221560015964,14.250457591700583,-0.04861111111111116,-0.07291666666666663,0.00694444444444442,0.01041666666666663,-6.387845467178053,8.834282721775203,-6.2615550920884715,-2.526688433087429,-0.06402906128982327,-0.15659465391038185,-0.6989231629371806,0.03929339736454007,1.1137213761957128,-0.1345349953922934,-1.3715854368800535,2.4435529853592755,16.357285757806597,8.341746030537028,-6.74471790757902,0.9090168801672416,-2.706249999813963,18.461458333301948,-50.20763888874899,6.309374999837246,-0.003601988729254657,0.024595356390513246,-0.07852702296334435,0.010060569011238307,23.70347222204633,49.86770833353512,11.652777777415594,100.36666666669771,-0.0204988772332668,-0.0855254380462993,-0.381526490656442,False,True,False,D,37,43,22,44,41,-15,7,22,1,1,1,1,1,1,6,True,True,True,True,False
12712776,D,0.0,0.8958333333333334,0.9270833333333334,0.8645833333333334,0.07291666666666667,0.13541666666666666,0.9895833333333334,0.9861111111111112,1.0,0.9791666666666666,1.0,403.01718749819946,5.998979209916152,144.671875,4.974468247088375,411.2597222220567,6.0192249424616815,147.24583333440953,4.992103525590829,378.2895833266278,5.9356599957764695,136.94999999677137,4.919615895685512,388.34687499701977,5.961898947960664,140.54687500124177,4.945541063033797,417.6874999993791,6.034733545269803,148.79687499875823,5.002582120826029,367.54843749664724,402.8968750014901,438.606249996461,5.906855112679643,5.998680635903856,6.083602085760191,379.2020833318433,409.2020833355685,445.37499999875826,5.938069264384349,6.0142091253049035,6.098916623923212,332.5874999910592,383.98124999925494,418.29999998956913,5.8069029833437975,5.950593723268655,6.036198878423217,366.0249999947846,387.25937500037253,411.7562499959022,5.902701637065297,5.959094688172107,6.020431548046136,369.0718749985099,418.5343750026077,465.45624999701977,5.910991408266538,6.036759025152774,6.14301810733145,45.24344187223714,0.11315261194188991,44.64467148675482,0.11992319357016157,46.860195113228485,0.10095748647512842,45.19138675231025,0.0952277704362548,45.41386941457706,0.15887010775574217,40.13969357896168,10.147859676237669,40.139693226721114,10.147859252873946,0.0,39.247,40.13969357896168,10.147859676237669,0.0,39.247,0.0,0.921875,0.9791666666666666,0.8645833333333334,0.020833333333333332,0.13541666666666666,0.984375,0.9930555555555556,0.9583333333333334,0.9791666666666666,0.9895833333333334,434.33385416710126,6.073813487612812,178.54322916486612,5.184830752094133,429.9763888919519,6.063730297626424,172.9868055532376,5.153215323110795,447.40624999254925,6.103467018543948,195.21249999975166,5.274088708812692,452.3364583328366,6.114426279763757,202.81562499701977,5.312297315085501,416.33125000136596,6.031481217445026,154.27083333271244,5.038709715789984,374.6437499932945,446.0390625046566,482.31875000335276,5.925975574416517,6.10040653227596,6.178605202544339,370.18124999354285,433.6708333417773,486.0770833405356,5.913992750541069,6.072285797811561,6.186367219020198,388.03124999254936,483.14374999329436,471.043749991804,5.961085877597914,6.180314228406549,6.1549509771587045,387.528124993667,468.8687500040978,500.61250000074506,5.959788426788373,6.150322878543223,6.215832348723373,361.75937499292195,423.2093750052154,464.02500000596035,5.890979280843852,6.04786703295755,6.139938430098007,41.048952735107434,0.8772534191577083,44.073184512765174,0.254442627189493,40.62786190327945,0.8759913239382069,42.06074972433577,0.1900037345366834,41.535604538503,0.9379724543109016,113.37155414843727,17.07835870420489,39.999933360780474,7.439853798668325,110.2229143098383,11.91757967419237,40.01944809071447,9.891814071699777,110.20497549345149,11.883683381633523,-0.01388888888888884,-0.02083333333333337,0.03472222222222221,-0.01041666666666674,-2.2155236264736686,-0.22248266226680613,3.4453226094857214,0.5251451858327698,0.018965707095033146,-0.06364233731948737,-0.6215486967487138,-0.7479687197742182,40.139693226721114,40.13969357896168,-70.22298094905783,-70.18552740273702,-29.099140747126054,-29.09914032376233,-4.477725875524045,-1.9918693099337457,32.97013889542893,-29.34062500235933,-17.42986110059735,36.00520833147067,0.08356494668521197,-0.07283459730913844,-0.03973672091752434,0.08294506231873111,10.295833337638157,-8.249999997516454,-22.22569444651407,48.544791664307326,-1.0675167689671103,-0.3745599673606572,-0.3064795482310207,False,False,False,D,8,55,31,66,23,23,58,35,1,1,1,1,1,1,6,True,True,True,True,False
12713580,D,0.0,0.875,0.96875,0.78125,0.03125,0.21875,0.921875,0.9305555555555556,0.8958333333333334,0.9270833333333334,0.9166666666666666,662.6177083329918,6.496198215033866,155.6895833342957,5.047864174445807,628.3083333327538,6.443031022623115,139.0569444458104,4.934883521509935,765.5458333337059,6.640589087026745,205.58749999975169,5.32587173406618,652.5572916654249,6.480898938661022,138.03958333438888,4.927540479784135,672.6781250005588,6.511266946293465,173.33958333420253,5.155252579954622,558.4328124998137,573.0671874987894,856.3531250003725,6.325134311361833,6.35100296551062,6.752682820281006,542.6291666657975,531.4083333301049,810.8875000023592,6.296426152310935,6.275530715043374,6.698129326863589,605.8437500018625,698.0437500048429,992.7499999944123,6.4066221145425555,6.548281779888153,6.900478870005732,591.1531250001863,556.5781249962748,809.9406249998137,6.382075078601817,6.321807547198882,6.696960942510361,525.7124999994412,589.556250001304,902.7656250009313,6.264754485361701,6.379370135274781,6.805462968233682,37.558051438141206,0.30271795697464154,38.996104325686446,0.7314220524304831,43.06861805343348,0.12042870382025317,39.667445284084195,0.7559868059315262,35.914120746018014,0.3387153558989895,41.87562363829433,24.547148562203745,33.460747871146296,13.585775395948348,51.04978565992963,12.960159155504098,46.00006944706216,16.603085151296938,40.00032739924563,28.27499047868859,0.0,0.90625,0.9375,0.875,0.0625,0.125,0.453125,0.4652777777777778,0.4166666666666667,0.3958333333333333,0.5104166666666666,602.5911458310051,6.401238933310798,296.45520833289874,5.691896139008653,602.6243055539412,6.401293960356637,306.37986111164923,5.724825708263896,602.4916666621964,6.4010738340030935,266.6812499966473,5.586054124991938,554.8072916638727,6.3186208312235825,270.5583333317191,5.600487725062251,650.3749999981374,6.477549119607604,322.3520833340784,5.775644374692401,475.42187499813735,600.8812499968335,731.4703124980442,6.1642025677466155,6.398397327652575,6.595056635218351,473.70416666505236,600.3291666650524,733.839583331719,6.16058300589071,6.397478115892509,6.598290453409512,480.5749999973923,602.5374999921769,724.3624999970199,6.174983303633498,6.401149904078857,6.585291957685619,463.47187499888236,618.3874999973923,582.5624999953436,6.138745703550766,6.427115283610625,6.367436475813383,487.3718749973923,583.3749999962748,880.378125000745,6.189027435376367,6.3688302042635945,6.78035150268386,45.32457329357644,0.17876553047605714,42.425780641136846,0.18443548602509002,46.90895857350879,0.1785359089828908,49.404302407667856,0.04808820200837782,48.59265861688412,0.171367720992535,87.30626156356584,106.01489647845658,90.68629234267453,111.05956880256126,80.31621291303624,94.6616301368693,82.1679935143014,83.97926045390501,96.65435218449748,143.2697694304969,0.03472222222222221,0.01041666666666674,0.048611111111111105,-0.11458333333333331,-4.072513727747037,3.753324538066181,-4.4831779323719445,0.8116437907837337,0.6109933486102299,0.41727145003253674,0.005899577042199233,-0.12327951898415718,-17.589037788783337,5.999742047816532,10.370079429638295,-14.486358670196083,0.6256162404442502,-11.671905327391652,16.397938665691953,-59.29050897659188,-137.23750000095208,-20.120833335133852,0.13263889174481847,-95.5677083342647,-0.19755806440362988,-0.030368007632443295,0.0002201263535432929,-0.15892828838402107,-66.5305555539413,-35.29999999981365,39.69861111500194,-51.793750002359275,-0.6965499547107354,0.1404836300894663,-0.9790344011153268,False,True,False,D,4,0,2,47,0,-2,43,45,1,1,1,1,1,1,6,True,True,True,True,False
12714052,D,1.0,0.7853403141361257,0.59375,0.9789473684210527,0.40625,0.021052631578947368,0.5706806282722513,0.5486111111111112,0.6382978723404256,0.6210526315789474,0.5208333333333334,1046.5010471205906,6.9532075424785695,409.08848167542385,6.013931469260139,1050.4444444448584,6.956968634017357,421.44513888905453,6.043689612123927,1034.4191489355994,6.9415953394050165,371.2297872336621,5.916821243472865,1087.3326315788847,6.991482849122284,430.11999999927855,6.064064239520648,1006.0947916670702,6.91383157252988,388.27604166744277,5.961716534260905,1028.7587301582098,1066.6734375006054,1043.793750000419,6.936108238135792,6.972300147756379,6.950617191454674,991.3208333322158,1064.2708333345752,1095.7416666677843,6.8990382289909356,6.9700451801188,6.999186734129944,1148.5600000013908,1073.8812499986961,887.9499999983238,7.0462642628206495,6.979034700984302,6.788915435098716,985.7548387098697,1169.8375000003725,1103.231249999255,6.8934076814039384,7.064620129257277,7.005998652763228,1070.4187499987893,963.5093750008382,984.3562500015832,6.975805206035559,6.870582217958447,6.89198787421515,74.71089917650502,0.09035353474311592,55.87966120438875,0.018382616484963588,58.17905052594517,0.04917499618719218,65.68376228233102,0.10618189750654322,76.07519366961074,0.10842105966973942,79.65040424152936,65.49842200847027,78.75732917450918,70.24598233973366,81.04659343059066,47.95955471595458,66.18048054081923,52.385318285287255,88.1409151077376,61.992500978562724,2.0,0.9210526315789473,0.8947368421052632,0.9473684210526315,0.10526315789473684,0.05263157894736842,0.8947368421052632,0.8811188811188811,0.9361702127659575,0.9895833333333334,0.7978723404255319,972.4731578952387,6.879842473975682,485.2289473682642,6.184620835983309,986.7587412594706,6.894425573140122,510.9867132866716,6.236343588469716,929.0085106381076,6.834117899846265,406.85957446757783,6.008468100029285,946.1843750003414,6.852437449638951,514.7979166661389,6.243774428833711,999.3212765964105,6.907076325141544,455.0308510640517,6.120365221188704,808.3174603184065,901.4349206352517,1203.9921875002328,6.694954877791174,6.80398784994908,7.093398137060532,794.6000000013316,952.5229166671634,1209.1500000003725,6.677838843382174,6.859114166204516,7.097672912398028,848.6124999998137,737.9533333331345,1188.5187499998137,6.7436026628032835,6.603880588635179,7.080463062864122,776.3468750016764,843.7718750000931,1218.434374999255,6.654599424174892,6.7378821677767045,7.105322014412821,841.319354838902,960.9580645167058,1189.5500000012107,6.734971320162697,6.86793077067862,7.0813303633288704,52.85900333387741,0.13203493064370714,53.61106515147828,0.14185041263621434,49.99999434858453,0.11726738405463638,49.99276507747058,0.22130184639353317,57.64955638484386,0.10744900424664389,65.710947296253,35.210783931513596,68.62301841062032,42.6316515262712,59.99990002101276,7.443641933232057,39.99993336077985,7.439848718813114,66.68491901709814,31.37895944715636,-0.0896867612293144,0.10021929824561404,-0.05505133164707632,0.19171099290780147,-2.2993893215564185,-10.391431387279724,3.6110708028937495,-7.6567913073732825,-0.03079237970222859,-0.0022391621631961955,0.02458302858157796,0.11385284214688929,-2.2892642560814807,-21.960434566918366,8.623118389607555,-26.68498565631829,22.286427623779076,-9.607182693275469,35.18800959303914,-23.93911072834325,16.025295509258967,81.23783991181449,57.750230621363016,-53.13690159606904,0.01537329461234016,0.07765127659240445,0.060307673293857,-0.05463887550259283,50.21535165539245,41.84395833183578,104.12713881909377,59.7670656020872,-1.2361922059187336,-0.7644201236959857,-0.8753502411085157,False,False,False,D,3,2,0,1,0,-3,-2,1,1,1,1,1,1,1,6,True,True,True,True,False
