ID,Safe_om2,Safe_al,Safe_logal,Safe_zeta0,Safe_logzeta0,Safe_zeta1,Safe_beta0,Safe_beta1,Safe_beta2,Safe_beta3,Safe_beta4,Safe_sa,Safe_logsa,Threat_om2,Threat_al,Threat_logal,Threat_zeta0,Threat_logzeta0,Threat_zeta1,Threat_beta0,Threat_beta1,Threat_beta2,Threat_beta3,Threat_beta4,Threat_sa,Threat_logsa,Delta_om2,Delta_al,Delta_logal,Delta_zeta0,Delta_logzeta0,Delta_zeta1,Delta_beta0,Delta_beta1,Delta_beta2,Delta_beta3,Delta_beta4,Delta_sa,Delta_logsa
10369536,-4.49710623456694,0.0453007450194842,-3.09443180028216,0.70163443284164,-0.354342761532022,4.21121808142115,7.26117186673537,-0.00229486123429473,-3.25076990211205,-1.67991958157781,0.335969049555965,0.123338086420359,-2.09282602421111,-1.2140976125889,0.0440518213871177,-3.12238857927956,0.735069861811496,-0.307789734202605,3.72036388574565,6.05880548887909,-0.00562145186112851,0.393487686848016,1.0395933798603,0.72847766025912,0.120316844282639,-2.11762664682869,3.28300862197804,-0.0012489236323665,-0.0279567789973987,0.0334354289698565,0.0465530273294167,-0.490854195675498,-1.20236637785628,-0.00332659062683378,3.64425758896007,2.7195129614381,0.392508610703155,-0.00302124213772048,-0.0248006226175783
10369701,-2.5995515709139,0.0634009816178348,-2.75827593472767,0.428940590673923,-0.846436852921383,1.47497921042775,6.27839804280894,0.113940192606573,2.04359553980969,-1.17933927966078,0.649705997185449,0.154477927899429,-1.86770405434238,-5.16990629269389,0.797587710136653,-0.226163469008069,0.545604313797745,-0.605861265963348,0.761230124431866,5.80560485172646,0.232679672609986,0.387204433771818,-0.204896784486448,0.375664847896318,0.70751838164428,-0.345991668679591,-2.57035472177999,0.734186728518819,2.5321124657196,0.116663723123821,0.240575586958034,-0.713749085995887,-0.472793191082483,0.118739480003413,-1.65639110603787,0.974442495174335,-0.27404114928913,0.553040453744851,1.52171238566279
10369772,-0.818266074247159,0.100446572645565,-2.29812930830763,0.391992965071914,-0.936511385597827,1.15852501196671,5.93785417853681,0.128146360250591,1.5025552902622,-1.31733911125315,0.261669539345599,0.355503682421133,-1.03421967136455,0.678511704807721,0.0360412677068079,-3.32309067186596,0.243721590470883,-1.41172872781121,-0.25891410323737,5.72649691477149,0.0592398940480962,1.5980500382594,-0.107606585143923,0.362247159737982,0.187195855326694,-1.6755998555326,1.49677777905488,-0.0644053049387568,-1.02496136355833,-0.148271374601031,-0.475217342213381,-1.41743911520408,-0.211357263765318,-0.0689064662024951,0.095494747997199,1.20973252610922,0.100577620392383,-0.168307827094439,-0.641380184168055
10369779,-1.86434823986075,0.033037719779216,-3.41010534665718,0.415279738097096,-0.878802918129187,1.22107392081709,6.96136699005081,0.13882506244713,-0.434828643181456,-4.59418049160802,0.83999814203141,0.161557770822442,-1.822892486213,-2.8417915450743,0.0447956388000739,-3.10564449251248,0.552849924521267,-0.59266869852034,2.07027478438092,6.08835614639231,0.0763057328604962,1.45814525621377,-2.36653985175753,0.601547537659661,0.102406665563785,-2.27880347509887,-0.977443305213547,0.0117579190208579,0.3044608541447,0.137570186424171,0.286134219608848,0.849200863563831,-0.873010843658504,-0.0625193295866335,1.89297389939523,2.22764063985049,-0.238450604371749,-0.0591511052586569,-0.455910988885872
10369781,-3.09282605778089,0.0651214496972299,-2.7315012956003,0.497345064286923,-0.698471199456436,1.2489762530003,6.32080600765365,0.122036440429673,1.27868934906568,-3.39344919022947,0.461453126065583,0.107776615176893,-2.22769457189763,-1.56575476235477,0.0635420405951587,-2.75605353552962,0.428626131018501,-0.847170229489205,-0.683683447404788,6.59196635844857,-0.0262954504003976,-1.13979136564844,-0.0325243960749874,0.583936177275997,0.169402079557043,-1.77548022082393,1.52707129542612,-0.00157940910207124,-0.0245522399293217,-0.0687189332684224,-0.148699030032769,-1.93265970040508,0.271160350794918,-0.148331890830071,-2.41848071471411,3.36092479415448,0.122483051210414,0.0616254643801507,0.452214351073702
10369795,-4.13636823816944,0.0672524402571726,-2.69930197480651,2.11004520495608,0.746709371408281,3.30185348673749,6.11581838713701,0.0922723829016419,1.31281268210988,-2.99481496369081,-0.0856585263795278,0.18139666335404,-1.70706913532893,-2.38449701033424,0.0513636590406079,-2.9688243791356,1.52911941280533,0.424692022527428,4.73078176363691,5.92102689182382,0.105359852724397,1.50320447039322,-1.20394066561763,-0.0706452188906498,0.126883163684483,-2.06448858694489,1.7518712278352,-0.0158887812165648,-0.269522404329091,-0.580925792150744,-0.322017348880853,1.42892827689942,-0.194791495313195,0.0130874698227555,0.190391788283346,1.79087429807318,0.015013307488878,-0.0545134996695563,-0.357419451615967
10369812,-1.44787412946859,0.0274078482950394,-3.59692587247701,0.649287816178628,-0.4318791841923,2.21569831292045,6.20581262756671,0.254995828371808,3.13884154495396,-3.6215976001373,1.12326995446438,0.176647260484545,-1.73360041345152,0.0802551928424522,0.0231406225272886,-3.76616565492987,0.605232213704443,-0.502143070288136,1.21176256656904,6.57147009325439,0.095754071824679,-0.354054574878748,-0.772645608891885,0.484778278146524,0.108305078796101,-2.22280323045056,1.52812932231104,-0.00426722576775081,-0.169239782452867,-0.0440556024741843,-0.0702638860958354,-1.00393574635141,0.365657465687679,-0.159241756547129,-3.49289611983271,2.84895199124541,-0.638491676317852,-0.0683421816884441,-0.489202816999034
10369815,-6.13090622560084,0.0497054368732355,-3.00164095803495,1.71317311877196,0.538347275982206,-1.0962073162013,6.13320705330027,0.12985421355876,-0.532532815606941,0.0067688002117048,1.8169181546237,0.112546031108597,-2.18439297561325,-2.11695330497268,0.0256757826863313,-3.66220703925703,0.559450725048784,-0.580799824726415,-1.66078378957027,6.40587622356087,-0.0128363722613151,-0.779152017252777,-1.27641635791137,2.14832101970281,0.10870811139241,-2.21908886581375,4.01395292062816,-0.0240296541869042,-0.660566081222083,-1.15372239372317,-1.11914710070862,-0.564576473368977,0.272669170260596,-0.142690585820075,-0.246619201645836,-1.28318515812308,0.331402865079108,-0.00383791971618715,-0.0346958902004948
10369821,-2.45085214071162,0.0336545048623476,-3.39160835778494,0.680673937704282,-0.384671886753089,-0.493591178013171,6.68490416737329,0.150663769458614,0.538984924714485,-5.95618570407734,0.808485921997214,0.0770380290310079,-2.56345609552919,0.829796940741003,0.0265299942900167,-3.62947932605992,0.518433456697951,-0.65694359764319,0.204742105242715,5.79710013198691,0.0329812411507178,0.57814148597018,0.4063802238461,0.526628077031968,0.062531804878501,-2.77207997361829,3.28064908145262,-0.00712451057233089,-0.237870968274986,-0.162240481006331,-0.272271710890102,0.698333283255886,-0.887804035386378,-0.117682528307896,0.0391565612556952,6.36256592792344,-0.281857844965245,-0.0145062241525069,-0.208623878089099
10369833,-2.48657463266369,0.038944570111891,-3.24561592301006,0.66463371876389,-0.408519188922987,0.189535801336968,6.2841470626454,0.126099561355939,0.848022853629667,-3.77529754891161,1.30144334210484,0.161414879301659,-1.82377733841365,-4.32227570787603,0.0483464683688755,-3.02936210279351,1.44539051315804,0.368379536373528,0.356661930707507,5.98996063249241,0.0611157878278057,-0.364852598208912,0.0524881160144117,1.75928568231148,0.156074866966747,-1.85741947040216,-1.83570107521234,0.00940189825698448,0.216253820216549,0.78075679439415,0.776898725296515,0.167126129370539,-0.294186430152997,-0.0649837735281334,-1.21287545183858,3.82778566492602,0.457842340206642,-0.00534001233491199,-0.0336421319885096
10369836,-0.89381582098797,0.0233008329805962,-3.75926616880932,0.280376203140976,-1.27162299496604,-1.64376824718416,6.16060791424228,0.215877827367622,2.05608653513371,-2.72966093039268,0.721110265358482,0.11946649942761,-2.12471928643095,-2.43343425843536,0.0778785044567509,-2.55260530183727,0.763380201533757,-0.269999073597626,-1.43619553350583,5.81513547842223,0.0375617220257891,3.46383650725556,-3.26231623195919,0.38376303392535,0.0803193678235576,-2.52174449379233,-1.53961843744739,0.0545776714761547,1.20666086697206,0.48300399839278,1.00162392136841,0.207572713678328,-0.34547243582005,-0.178316105341833,1.40774997212185,-0.532655301566514,-0.337347231433133,-0.0391471316040521,-0.397025207361382
10369838,-1.79272966001283,0.0391741151531042,-3.23973907802503,2.47252844287761,0.905241288140214,-1.3148776989914,6.38999137155054,0.193147020006931,2.13383661962963,-4.86292255641839,0.634065214511492,0.0650690972129394,-2.73230553966186,-4.056730501311,0.0365260682215005,-3.30972907546228,1.12131405028059,0.114501256755426,-1.60851250972405,6.19507972569666,0.0591603945909746,-0.459685812977892,-2.24605311112143,0.97779959180945,0.0905186856934485,-2.4021989778378,-2.26400084129817,-0.0026480469316037,-0.0699899974372493,-1.35121439259701,-0.790740031384788,-0.293634810732652,-0.194911645853877,-0.133986625415957,-2.59352243260753,2.61686944529696,0.343734377297957,0.0254495884805091,0.330106561824061
10369844,-1.91729575629836,0.0663164584646181,-2.71331717029541,0.823277008555943,-0.194462551029138,-0.807442119231679,6.22958300383337,0.114756539479264,2.85693734831665,-3.62827570864813,0.172482292798911,0.0524296976157635,-2.94828209980392,-0.532318408825628,0.0244798500750317,-3.70990494574273,0.419614008765391,-0.868420017017793,-2.25601910354842,6.28829728444526,0.230255478603959,1.85823109938309,-1.9615801275525,0.357734814235713,0.067959106694833,-2.68884912683759,1.38497734747273,-0.0418366083895864,-0.996587775447317,-0.403662999790552,-0.673957465988656,-1.44857698431674,0.0587142806118885,0.115498939124694,-0.998706248933553,1.66669558109563,0.185252521436802,0.0155294090790696,0.259432972966334
10369854,-3.34828483855596,0.0460164067577039,-3.07875727743845,0.935804091441885,-0.0663491284267677,-2.66473909413997,5.98587220063435,0.0281751607348447,1.38164698392485,-1.03959583157628,0.713553569551471,0.118845947855373,-2.12992718036909,-4.21793824634083,0.0722335488228009,-2.62785067587102,1.27185217952123,0.240474247096683,-2.24369373794576,6.51162878441832,0.0157926329398233,-0.852839768810667,0.409949556961483,0.442541904313491,0.164567125548672,-1.80443673396311,-0.869653407784875,0.026217142065097,0.450906601567423,0.336048088079342,0.306823375523451,0.421045356194211,0.525756583783963,-0.0123825277950214,-2.23448675273552,1.44954538853776,-0.27101166523798,0.0457211776932993,0.325490446405978
10369855,-0.348954860206526,0.0502024288720984,-2.99169186954857,0.493151647517712,-0.706938550783269,1.56422815130761,5.6638263943463,-0.152133051189886,-0.0779396640536034,2.10602398839623,1.05504539351511,0.148355322458869,-1.90814505517491,-0.616889995663627,0.0412485585281386,-3.18813911158443,0.328074767911125,-1.11451374562631,1.37641174193998,6.00209532453906,0.11659927032054,0.83733246978256,-0.404368579844808,0.339643531910493,0.125273872694522,-2.07725295682364,-0.267935135457101,-0.00895387034395977,-0.196447242035852,-0.165076879606588,-0.407575194843042,-0.187816409367632,0.33826893019276,0.268732321510426,0.915272133836164,-2.51039256824104,-0.715401861604618,-0.0230814497643472,-0.169107901648724
10369881,-0.520869504162539,0.0803518475527993,-2.52134019325091,0.685645019054515,-0.377395250122546,1.13122216486947,6.32538394647725,0.068845073202896,1.37501891265262,0.480853742916368,0.819797921221886,0.202643392149455,-1.59630753364668,-0.786475024681513,0.0653595866923541,-2.72785115200678,0.662089177044131,-0.41235502359163,2.16630494141198,6.15618831423357,0.0727915756590169,1.72371350309286,0.19875308097977,0.476684135598928,0.154289386318558,-1.86892530798953,-0.265605520518975,-0.0149922608604452,-0.206510958755872,-0.0235558420103837,-0.0349597734690837,1.03508277654251,-0.169195632243682,0.00394650245612098,0.348694590440236,-0.282100661936598,-0.343113785622957,-0.0483540058308966,-0.272617774342852
10369924,-1.6755063066647,0.0686697804176534,-2.6784460540006,0.492608254370516,-0.708041036695296,-0.0690443919575657,5.70160656113908,0.211557268229273,3.71610951733846,-2.00970815877554,0.763574641538898,0.150984017611605,-1.8905812914008,0.340462928724148,0.0543247391845747,-2.91277555387142,0.62703457587196,-0.466753594938286,-1.75870670439917,5.74027344940582,0.126805118649418,1.91537317742921,-0.308401805352149,1.16707449034434,0.11668644896067,-2.14826486502086,2.01596923538885,-0.0143450412330787,-0.23432949987082,0.134426321501444,0.24128744175701,-1.68966231244161,0.0386668882667349,-0.0847521495798552,-1.80073633990925,1.70130635342339,0.403499848805444,-0.034297568650935,-0.257683573620058
10369935,-3.46203555785032,0.111059034405851,-2.19769337755321,0.966837647308623,-0.0337246907903282,0.221376204073517,5.86768505515508,0.0919789984234672,1.20250174221578,-0.90430620839168,0.437860680446799,0.15353389082701,-1.87383394917814,-2.62919157924123,0.0593771629599438,-2.82384558849179,0.75350411110887,-0.28302080491339,-0.948808077017904,6.09792193001335,0.146327284126599,1.4228061770831,-3.36059552888819,0.596481662768301,0.155344309868309,-1.86211127163295,0.832843978609088,-0.0516818714459071,-0.626152210938578,-0.213333536199752,-0.249296114123062,-1.17018428109142,0.230236874858274,0.0543482857031318,0.220304434867321,-2.45628932049651,0.158620982321502,0.00181041904129922,0.0117226775451811
10370011,-5.49523482747998,0.181090841499769,-1.70875648688028,1.12660165792904,0.11920571909912,0.699104444770887,5.8849687384274,0.132549075674318,1.49137939015876,-0.048535769787685,1.07870151691361,0.220340652708459,-1.51258050879604,-4.23780430193884,0.149521952878581,-1.90031205493443,0.908901861584484,-0.0955181536864606,0.931595158894139,6.49350342790565,0.0373172212123787,-0.611791752349941,-1.41205674295939,0.607640946274798,0.195083137036696,-1.63432946749915,1.25743052554114,-0.0315688886211881,-0.191555568054149,-0.217699796344552,-0.214723872785581,0.232490714123252,0.608534689478251,-0.0952318544619391,-2.10317114250871,-1.3635209731717,-0.471060570638811,-0.0252575156717632,-0.121748958703107
10370042,-6.33493699332842,0.111341067498146,-2.19515710854015,1.17122873154712,0.158053395641155,1.53449638741251,6.15271459148323,0.262758867148063,0.415102586421702,0.174047857674517,0.527606483961886,0.133473642862664,-2.01385125237439,-6.259724513252,0.170765380476537,-1.76746470859055,2.14983946089804,0.765393170001927,0.457848481063565,5.979596267821,0.425770905559676,-0.194142484028685,-0.053681441575761,0.856193785673568,0.198759658869177,-1.61565892854464,0.0752124800764209,0.059424312978391,0.427692399949603,0.97861072935092,0.607339774360771,-1.07664790634895,-0.17311832366223,0.163012038411612,-0.609245070450387,-0.227729299250278,0.328587301711682,0.0652860160065124,0.39819232382975
10370097,-1.42780911171916,0.0294607867258745,-3.5246951634205,0.344429559506262,-1.06586568111554,0.720365668164645,6.3121270745659,0.230369417547613,1.74042204973595,-3.8048829248421,0.770270235350818,0.143774573109901,-1.9395086705406,-3.75065268184266,0.0575710402845461,-2.85473561055068,1.04731396426329,0.0462287572928029,1.39193657375408,6.74952802732823,-0.0504963275563086,-3.03986920790228,-0.0819789077691085,0.776338734446675,0.107209172126167,-2.23297347312713,-2.32284357012349,0.0281102535586716,0.669959552869824,0.702884404757027,1.11209443840835,0.671570905589436,0.437400952762323,-0.280865745103921,-4.78029125763822,3.72290401707299,0.00606849909585705,-0.036565400983734,-0.293464802586528
10370100,-2.87488655044449,0.15396693780597,-1.87101738918923,0.945740210674628,-0.0557873663820693,0.153701118647292,5.75681986235001,0.0423479219736826,3.33512314376207,-3.71542877761789,0.367315643876497,0.1193228877125,-2.12592211821627,0.113132831657771,0.0275961366789737,-3.59007949145601,0.244659271295428,-1.40788876580552,1.44804321045939,6.41430537097517,0.464612167864618,1.20337729079129,-2.95379091808976,0.276884262875951,0.089468758455513,-2.41386578217575,2.98801938210226,-0.126370801126997,-1.71906210226677,-0.7010809393792,-1.35210139942345,1.2943420918121,0.657485508625162,0.422264245890935,-2.13174585297078,0.761637859528125,-0.0904313810005463,-0.0298541292569872,-0.287943663959481
10370108,-2.31662349010175,0.0652396708336341,-2.72968754671057,0.700586509801354,-0.355837423612023,-1.47957730158726,6.26237665573568,0.109284848779693,2.72318326628884,-4.03691546578,0.31163455120098,0.151474898844819,-1.88733535195247,-0.189558080948503,0.0423952765863479,-3.16071832421519,0.747274846323209,-0.291322228021979,-1.52074760303966,6.14019735951657,0.190544820032363,0.963032765263733,-1.04236888865228,0.483921885356522,0.0996741633932327,-2.30584877909599,2.12706540915325,-0.0228443942472862,-0.431030777504619,0.0466883365218554,0.0645151955900435,-0.0411703014523945,-0.122179296219111,0.0812599712526709,-1.76015050102511,2.99454657712773,0.172287334155542,-0.0518007354515867,-0.418513427143524
10370132,0.873652052616072,0.0568201067483834,-2.86786502384643,0.692677524656684,-0.367190720478684,-1.20460173473515,6.33488332341723,-0.005451970473494,1.51803565636418,-0.00529653218083664,0.807974233052438,0.206934540815718,-1.57535276367076,-3.49278054177118,0.060271411462963,-2.80889739276418,0.786302690928649,-0.240413457723387,-0.788415305596192,6.51419483187798,0.0609486692814489,-0.915628140908537,-0.858773579214471,1.02450245181243,0.193951973315353,-1.64014471079704,-4.36643259438725,0.00345130471457961,0.0589676310822553,0.0936251662719649,0.126777262755298,0.416186429138953,0.179311508460746,0.0664006397549429,-2.43366379727272,-0.853477047033635,0.216528218759988,-0.0129825675003647,-0.0647919471262797
10370470,-3.32547853396037,0.0743037332753693,-2.59959408255342,0.715827752323309,-0.3343157103438,-0.0323136727556812,6.06405126580734,0.105580948534233,2.61894303663093,-4.90162405241423,0.278287122219601,0.0979167559589936,-2.32363759027066,-0.827070470927951,0.0296264072339677,-3.51908917908648,0.377680149740633,-0.973707606269304,-2.01836415635113,6.6891112350421,0.358887491511814,2.72613386729844,-4.55764813779097,0.405047534205424,0.0712218546525675,-2.64195556029539,2.49840806303242,-0.0446773260414016,-0.919495096533051,-0.338147602582676,-0.639391895925504,-1.98605048359545,0.625059969234762,0.253306542977581,0.107190830667509,0.343975914623268,0.126760411985823,-0.0266949013064261,-0.318317970024734
10370626,-3.57454227854765,0.0415428070691386,-3.18103088772967,0.947731411572808,-0.053684137995858,-0.934456903889323,5.18671194203114,0.145746381853239,4.41092853722119,-0.916759156582521,1.27944602309342,0.16760104555582,-1.78616885255373,-2.04476886752176,0.0499014822780868,-2.99770457169417,1.0091175647656,0.00907625070451077,-2.73085030776477,6.18912300479385,0.0906855535628685,1.5151325184583,-2.36633667457003,1.11837147463651,0.127513704391004,-2.05953143474016,1.52977341102589,0.00835867520894824,0.183326316035504,0.0613861531927916,0.0627603887003687,-1.79639340387545,1.00241106276271,-0.0550608282903706,-2.8957960187629,-1.44957751798751,-0.161074548456904,-0.0400873411648165,-0.273362582186432
10370698,-2.73029641326535,0.0966674867361481,-2.33647816122832,0.592732693291258,-0.523011751778337,-0.138619857515679,6.51415337602769,-0.0178980446972869,-0.27527808839971,-1.58634864318244,0.202626580225281,0.174924994112275,-1.74339800200875,-0.795619361453541,0.0769157481346472,-2.56504463625,0.58970712340125,-0.528129266344975,-0.0881525569554847,5.716297527808,-0.101313478556523,-0.642725535493691,1.96293960054181,0.639699547989131,0.133032623925852,-2.01716088816413,1.93467705181181,-0.0197517386015008,-0.228566475021684,-0.00302556989000879,-0.00511751456663867,0.0504673005601948,-0.797855848219688,-0.0834154338592361,-0.367447447093982,3.54928824372425,0.43707296776385,-0.0418923701864229,-0.273762886155388
10371655,-5.00450437280774,0.0963978823242391,-2.33927104519781,2.35593323145131,0.856936925596298,-1.07618359340208,6.59898832385568,0.230176638780901,-1.15821016272107,0.0325137737802524,0.450919853332381,0.16268425574751,-1.81594403804734,-1.31183318141432,0.043791909738618,-3.12830618782455,0.772422119987882,-0.258224090842133,-3.45593866567528,6.42457658308213,0.176430474240136,2.46463280630235,-3.79198598893768,0.473610904450217,0.136582403992441,-1.99082715425367,3.69267119139342,-0.0526059725856211,-0.789035142626739,-1.58351111146343,-1.11516101643843,-2.37975507227321,-0.174411740773548,-0.0537461645407652,3.62284296902342,-3.82449976271793,0.0226910511178359,-0.0261018517550689,-0.174883116206336
10391960,-0.616780599869868,0.0253775884481735,-3.67388883901283,0.409406753705844,-0.893046109296378,2.67804981516513,6.39625031291906,0.28716434405909,2.2936225580974,-2.87549101280482,1.3764780600098,0.166282937685945,-1.79406449765041,-4.16030209416626,0.0451169367086558,-3.0984975661925,0.808050962659626,-0.213130149851488,0.589203640645051,6.8909981023668,0.0206183023675649,-2.28959130587663,0.473504460934984,1.08617137067279,0.133723958346206,-2.0119776161169,-3.54352149429639,0.0197393482604823,0.575391272820335,0.398644208953781,0.67991595944489,-2.08884617452008,0.49474778944774,-0.266546041691525,-4.58321386397403,3.34899547373981,-0.290306689337014,-0.032558979339739,-0.217913118466484
10392073,-0.38491868699171,0.0404510512010355,-3.20766264815065,0.40240613066454,-0.910293425062813,-0.824018764966799,5.90691921772155,0.230392845610921,1.48807519710584,-1.56545009888416,0.320536081543796,0.0987796091919274,-2.31486408022566,-5.47546211471105,0.099175945247194,-2.31085978152362,1.31619068679124,0.274741721183853,0.276712269772291,5.58450723065813,0.0961764784877732,0.71931911190978,-0.313012091016325,0.350693031854819,0.110175361992603,-2.20568198264475,-5.09054342771934,0.0587248940461585,0.896802866627031,0.913784556126705,1.18503514624667,1.10073103473909,-0.322411987063425,-0.134216367123147,-0.768756085196058,1.25243800786783,0.0301569503110224,0.0113957528006759,0.109182097580908
10393020,-5.74689945691303,0.049018030120358,-3.01556708691283,1.26455151339509,0.234717524451597,2.11822174770766,5.85766613603351,0.0775059898696407,0.555273142019589,0.269905151131534,0.734088386292776,0.0845196461138785,-2.47077127325348,-2.3588468539464,0.041167104441095,-3.19011577744212,0.45955411663561,-0.77749857124706,2.33458567273549,6.02893049471845,0.0206351164634986,0.376660630649231,-0.327547899072883,0.742802404071075,0.104533165199888,-2.25825088759473,3.38805260296663,-0.00785092567926298,-0.174548690529284,-0.804997396759478,-1.01221609569866,0.216363925027831,0.171264358684944,-0.056870873406142,-0.178612511370358,-0.597453050204417,0.00871401777829917,0.0200135190860095,0.21252038565875
10611650,-3.44421357318864,0.0386564110507699,-3.25304264316957,0.367214531470658,-1.00180904729699,-0.16890145913345,6.19929657475817,-0.0925926131908439,1.40916774047189,-0.400870081727044,0.596187688524883,0.228731760232898,-1.47520531469243,-2.9860089316,0.0375972885108254,-3.28082334526043,0.498544768076895,-0.696061888042022,2.090360959245,6.71080913249766,0.0113631199047055,-0.344508122615151,-4.40103846050397,1.45584114585193,0.175276150566583,-1.74139254555987,0.458204641588644,-0.0010591225399445,-0.0277807020908569,0.131330236606237,0.305747159254965,2.25926241837845,0.511512557739493,0.103955733095549,-1.75367586308704,-4.00016837877693,0.859653457327049,-0.0534556096663154,-0.266187230867444
10611659,-5.04524616600055,0.0941169053114032,-2.36321759590788,1.02456967797904,0.0242726980766974,-1.3122811872651,5.44374387079362,0.0906063013155618,1.34276134400689,-0.410300049859619,0.663983935226183,0.160210077761778,-1.83126933894957,-2.35072850660134,0.0261267376114394,-3.64479605946629,0.452252682871584,-0.793514222448852,-1.22828974961454,6.93759143795826,0.0536583793089515,-1.12321369197546,-5.68425015017245,1.08982730318696,0.142543627122668,-1.94810717088259,2.69451765939921,-0.0679901676999637,-1.28157846355841,-0.572316995107454,-0.817786920525549,0.0839914376505573,1.49384756716464,-0.0369479220066103,-2.46597503598235,-5.27395010031283,0.425843367960779,-0.0176664506391106,-0.116837831933024
10611671,-2.97142702224655,0.0556502855886443,-2.88866806940234,0.878234892664238,-0.129841189618949,-4.41348724235795,6.29801548617921,-0.00212983018234265,1.15651151613795,-1.47433793123823,-0.0575837167181044,0.0916533434609251,-2.38974182460978,-3.01222027801025,0.0718245460974628,-2.6335289936987,0.721018788174864,-0.327090083541748,-2.08471557293314,6.41673642444108,0.063803531010777,1.41590572079513,-2.86267024326384,0.490029593168878,0.0706896552107395,-2.64945603629399,-0.0407932557637003,0.0161742605088186,0.255139075703632,-0.157216104489374,-0.197248893922799,2.32877166942481,0.118720938261878,0.0659333611931197,0.259394204657171,-1.38833231202561,0.547613309886982,-0.0209636882501855,-0.259714211684205
10611694,-2.01703600675166,0.0340202067929452,-3.38080061346308,1.12549337643017,0.118221496345261,0.260772851283336,6.33173500221399,-0.0319833146769607,-0.606575040933517,1.12653522090389,1.02838827709931,0.089432676157683,-2.4142691584639,-4.76395316297323,0.0444622170968628,-3.11311550446353,1.22405493140704,0.202169061683646,-1.50666713595011,5.83225633432913,-0.0741897767762552,3.51136179105872,-1.630226341192,0.992362061376642,0.0924730841753268,-2.38083765869556,-2.74691715622158,0.0104420103039176,0.267685108999547,0.0985615549768766,0.0839475653383855,-1.76743998723345,-0.499478667884857,-0.0422064620992945,4.11793683199224,-2.75676156209589,-0.0360262157226695,0.00304040801764385,0.0334314997683363
10611707,-5.66426071280346,0.043486204119354,-3.13531153787066,1.31683593383112,0.275231839322224,-3.5812524642481,6.12355424388274,0.113143421599035,0.181905940142926,-0.17568006364166,0.419431769621982,0.191116750773099,-1.65487077708703,-3.99597594833988,0.0306217886578072,-3.48604347576869,0.588442214120936,-0.530276548911031,-2.62862780916604,6.94874792368773,0.000997212556604062,-3.20128097550543,-0.576335221803659,0.650773030502433,0.116224658993216,-2.15223024543245,1.66828476446358,-0.0128644154615467,-0.350731937898029,-0.728393719710181,-0.805508388233255,0.952624655082059,0.825193679804988,-0.112146209042431,-3.38318691564835,-0.400655158161999,0.231341260880451,-0.0748920917798827,-0.497359468345427
10611711,-0.117188085099084,0.0419913650787531,-3.170291275199,0.249286597358669,-1.3891520509942,-0.765865315524015,6.3437325604507,0.285342153917552,1.24128473896812,-1.83168496827276,0.159882878036637,0.326988343093759,-1.11783075675161,-0.768286322889211,0.0238669363830971,-3.73526119277975,0.340906159632979,-1.07614803126295,0.402817067514743,6.23860937902964,0.262003686207482,2.65287851301697,-2.91222128140841,0.65695961869343,0.176644308504129,-1.73361712474992,-0.651098237790127,-0.018124428695656,-0.564969917580746,0.0916195622743099,0.313004019731252,1.16868238303876,-0.105123181421058,-0.0233384677100697,1.41159377404885,-1.08053631313565,0.497076740656793,-0.15034403458963,-0.615786367998315
10611718,-0.0472752456535612,0.0333836494417198,-3.39968903653523,0.913009855793072,-0.0910086034913566,-1.02157319071031,6.24478863215398,0.109438929230731,-0.0505202756983949,-0.826131926087135,1.39033290183878,0.123310588323535,-2.09304899801762,-1.52316251773852,0.0601012932675853,-2.81172391907707,0.97812009531997,-0.0221228196355506,1.69138464383625,6.1943533757128,0.225320639189612,2.33833019385831,-3.73742034228831,1.01567630318443,0.133021622461998,-2.01724358907201,-1.47588727208496,0.0267176438258655,0.587965117458161,0.0651102395268978,0.068885783855806,2.71295783454657,-0.0504352564411796,0.115881709958881,2.3888504695567,-2.91128841620118,-0.374656598654353,0.00971103413846272,0.0758054089456039
10611731,-4.1378197633373,0.0391070848036374,-3.24145163138104,0.461896054708482,-0.772415403022883,-0.467181692275876,6.58348065280001,0.00497882236398478,-1.44793852096199,0.751922819442408,0.770752383289899,0.0972140267627642,-2.33084026966829,-2.92791959386613,0.0469200556724271,-3.0593100686582,0.719269834098091,-0.329518700847146,0.101470590816209,6.55936836701218,0.0595647672148221,0.640217855231101,-4.18513611832996,0.995005666509222,0.10085594854374,-2.29406203224863,1.20990016947117,0.00781297086878976,0.182141562722843,0.257373779389609,0.442896702175737,0.568652283092085,-0.024112285787826,0.0545859448508373,2.08815637619309,-4.93705893777237,0.224253283219323,0.00364192178097547,0.0367782374196577
10611749,-0.581735499243628,0.0919183463991037,-2.38685463516934,0.578242380197489,-0.547762155307192,1.59155761066419,5.36109676297517,0.0324196372608876,1.43383498653809,-0.0255329687424482,0.906701113929317,0.205791697360958,-1.58089079963721,-3.77158002995834,0.0468489598548465,-3.0608264721483,0.575805636984927,-0.551985111020569,0.119309133674659,5.71487676981224,-0.00501359883431867,1.13412654613089,-0.699525209929863,1.04940369907649,0.191144800605391,-1.65472401980923,-3.18984453071471,-0.0450693865442573,-0.673971836978959,-0.0024367432125616,-0.00422295571337716,-1.47224847698953,0.353780006837079,-0.0374332360952063,-0.299708440407203,-0.673992241187415,0.142702585147171,-0.0146468967555669,-0.0738332201720209
10611753,-1.42262189350377,0.0767149492924728,-2.56765868357101,0.619666208045103,-0.478574320039185,-1.05210412937526,6.35584664898092,0.160846062960254,1.58587871330177,-1.71227855309387,0.684377617036874,0.149944577448269,-1.89748953684,-2.38419906453414,0.0465930888929288,-3.06630305586781,0.441051437648118,-0.818593771679187,-1.11637689919568,6.42134094134699,0.102153716909797,2.66264967139145,-4.3829881669655,0.64970030539786,0.159717390090335,-1.83434933745196,-0.961577171030371,-0.030121860399544,-0.498644372296798,-0.178614770396985,-0.340019451640003,-0.0642727698204195,0.0654942923660684,-0.0586923460504573,1.07677095808968,-2.67070961387163,-0.0346773116390138,0.00977281264206534,0.0631401993880358
10611777,-4.20450324396209,0.0434461423406098,-3.13623321508775,0.525398165211113,-0.643598893912065,-0.572444412357031,5.83943934794979,0.046095130366908,1.14144017222401,0.328547692112434,0.684772845558751,0.14445366968358,-1.93479644786797,-2.27570739964415,0.043948412847035,-3.12473876819848,0.556097918439751,-0.586810887935796,0.805809456357738,5.98926971906236,0.121505469167596,3.17085190949693,-4.30796180272968,0.673509306634548,0.105569436464272,-2.24838637702385,1.92879584431794,0.000502270506425158,0.0114944468892708,0.0306997532286374,0.0567880059762691,1.37825386871477,0.149830371112575,0.0754103388006876,2.02941173727292,-4.63650949484212,-0.0112635389242035,-0.0388842332193084,-0.313589929155874
10611780,-1.50921727070921,0.0351467056659006,-3.34822438728265,0.629118195047701,-0.463436130478662,-0.284927680170749,6.98945543165517,0.0118700794465903,-1.84106041789063,-0.304074059982874,0.773153649676081,0.201710178148726,-1.60092337347695,-1.46230702271981,0.0275599287825258,-3.59139241692834,0.436771893913658,-0.828344202057464,-0.949795010981699,6.43515086944716,0.116748730159869,2.70394755176342,-2.72325957169046,0.755424221247659,0.134932177589203,-2.00298301501108,0.046910247989391,-0.00758677688337479,-0.243168029645692,-0.192346301134044,-0.364908071578802,-0.66486733081095,-0.554304562208007,0.104878650713278,4.54500796965405,-2.41918551170758,-0.0177294284284215,-0.0667780005595234,-0.402059641534134
10611794,-2.44034266731846,0.0492227844771591,-3.01139866355193,0.655129340443542,-0.422922596514775,-1.24745537686055,6.0321645844442,0.092266039068358,2.88466207587797,-5.22964427142651,0.213485785454919,0.109871668507894,-2.20844224418375,-1.83243658020526,0.0292543451209625,-3.53172716519288,0.31329493678222,-1.16061024207951,-0.629661239314332,6.59863821245691,0.125549394674677,1.22986630083006,-4.72123832277136,0.357682015555221,0.119606394660044,-2.12354897183769,0.607906087113198,-0.0199684393561966,-0.520328501640952,-0.341834403661322,-0.737687645564733,0.617794137546222,0.566473628012713,0.0332833556063189,-1.65479577504791,0.508405948655148,0.144196230100303,0.00973472615214993,0.084893272346052
10611795,-1.93599984010121,0.0206338283325217,-3.88082339797985,0.955925427529614,-0.0450753736493944,-1.01855349337872,6.09279509094319,0.018535579022289,1.63520213589091,0.184256577223096,0.351581779894632,0.0745560868440407,-2.596203593297,-1.66828517857723,0.00468495760361435,-5.36339841272131,0.149068421096589,-1.90334987644712,-0.0122320475935965,6.66066962906032,0.155295133168553,1.40059427784963,-3.16334110147763,0.319674002643877,0.0582928242271973,-2.84227627678262,0.267714661523976,-0.0159488707289073,-1.48257501474146,-0.806857006433025,-1.85827450279772,1.00632144578512,0.56787453811713,0.136759554146264,-0.234607858041281,-3.34759767870073,-0.0319077772507544,-0.0162632626168434,-0.246072683485615
10611796,-2.50531735214611,0.0349426036903906,-3.35404845815192,0.404029031423279,-0.906268543644178,-2.83239394946103,6.26500076585381,-0.0261707293318488,0.829459062130571,-1.49296076114895,0.35589805917418,0.163850838744302,-1.8087987848739,-3.01486900139713,0.106458251731477,-2.24000237320707,1.20579359900265,0.1871379385524,-1.76746373026232,6.21201463532002,-0.00120379047710989,3.43494898932315,-5.14458929182558,-0.296983767650658,0.231239597491648,-1.4643008874213,-0.509551649251022,0.0715156480410865,1.11404608494485,0.801764567579369,1.09340648219658,1.06493021919871,-0.0529861305337844,0.0249669388547389,2.60548992719258,-3.65162853067664,-0.652881826824838,0.0673887587473464,0.344497897452597
10611807,-5.67370417499385,0.0494269502640988,-3.00725945164277,1.19288287582862,0.176372962125707,-0.769584917618238,6.44153224219818,0.0511531195934808,-0.990688486549265,-0.156985225562537,0.499992126755633,0.0339291885777245,-3.38347961506894,-2.35102866074205,0.04579078845234,-3.0836723335852,1.04339437057712,0.0424792163233645,-0.741208555816367,6.451002686426,0.180327179435117,3.04747820466448,-7.27955268033618,0.654516891195816,0.0462043829863749,-3.07468061555935,3.3226755142518,-0.00363616181175875,-0.0764128819424359,-0.149488505251499,-0.133893745802342,0.0283763618018704,0.0094704442278255,0.129174059841637,4.03816669121375,-7.12256745477364,0.154524764440183,0.0122751944086504,0.308798999509588
10611808,-2.40120220227952,0.0469006831057026,-3.0597230384824,1.13725650933296,0.128618791200074,-3.5651376057543,6.55489298427308,0.0972690603368261,0.484182695575769,-4.77081976737142,1.1596658154596,0.133805577474468,-2.01136744699636,-2.6771337915388,0.0396239040614042,-3.22832270492354,1.08475930026493,0.0813581193078119,-3.30746746534377,6.52021470719694,0.00805091272318108,1.50553726168312,-3.75974165778508,0.829733387652399,0.182274848951059,-1.70223957197709,-0.275931589259278,-0.00727677904429837,-0.168599666441135,-0.0524972090680254,-0.0472606718922616,0.257670140410533,-0.0346782770761367,-0.0892181476136451,1.02135456610735,1.01107810958634,-0.3299324278072,0.0484692714765902,0.309127875019272
10611812,-4.40731487129582,0.0448667269467832,-3.10405880690152,0.419364090410071,-0.869015785519874,-1.2224553600394,6.42366417899355,-0.0196873502115152,-0.185809511870954,-0.110289815754433,1.1173572980815,0.127286828455739,-2.0613122473051,-3.21741801946015,0.0327138635743644,-3.41995632840686,0.315923674033067,-1.15225463244024,-1.19877138013584,6.6230580103695,0.0259766061576906,-0.933840676116768,0.0671744263859778,1.038480068002,0.137335608846446,-1.98532764916775,1.18989685183567,-0.0121528633724188,-0.315897521505336,-0.103440416377004,-0.283238846920362,0.0236839799035575,0.199393831375954,0.0456639563692059,-0.748031164245815,0.17746424214041,-0.0788772300794973,0.0100487803907078,0.0759845981373486
10611825,-2.09815755354119,0.0636375110261216,-2.75455218648917,0.766538206093104,-0.265870737042157,-0.286257124364163,5.48836850899681,0.0487906430878439,1.97743297955776,0.312472911926126,0.676844368114251,0.234209521983293,-1.45153917115871,-2.15911084926625,0.0316862660210448,-3.45187194052565,0.276189330526308,-1.28666866827406,-0.562029393990228,6.62088395334391,-0.0346244501596,0.403393233473184,-3.255902774886,0.894232896898316,0.339620281314784,-1.07992710514213,-0.0609532957250618,-0.0319512450050768,-0.697319754036486,-0.490348875566797,-1.0207979312319,-0.275772269626065,1.1325154443471,-0.0834150932474439,-1.57403974608458,-3.56837568681213,0.217388528784065,0.105410759331491,0.371612066016577
10611841,-1.30905386367079,0.0545013241572335,-2.90953028114509,0.587521909477876,-0.531841740930881,-0.200340843724486,5.78769887936566,0.124890918749652,1.21052827573845,0.962306518238343,1.52963697318698,0.255042096150149,-1.36632666450664,-6.33262865958697,0.239361639312459,-1.42977973548761,1.93231975648215,0.658721227521357,-0.105028480256362,5.68307446922283,0.272426519159501,1.99558992200454,0.0814867112832531,1.11080503250763,0.198338090891065,-1.61778217470627,-5.02357479591618,0.184860315155226,1.47975054565748,1.34479784700427,1.19056296845224,0.0953123634681243,-0.104624410142829,0.147535600409849,0.785061646266093,-0.88081980695509,-0.418831940679355,-0.0567040052590837,-0.251455510199634
10611848,-2.18511634217641,0.0395821020581916,-3.22937823111761,0.392461957925729,-0.935315668939181,2.68565299420737,6.66267956652115,0.015252599855666,0.787162320217285,-2.51882240338379,0.328853822409161,0.0966188571287296,-2.3369813484424,-4.59339751895149,0.0863405006990407,-2.44945648971664,0.724730045072577,-0.321956045091574,1.42877924789875,6.92024450928,0.0228498416050368,-1.37468200629683,-1.28396273842716,0.548484250478584,0.148956401169313,-1.90410162545714,-2.40828117677508,0.0467583986408491,0.779921741400969,0.332268087146848,0.613359623847608,-1.25687374630862,0.257564942758851,0.00759724174937078,-2.16184432651412,1.23485966495662,0.219630428069422,0.0523375440405837,0.432879722985253
10611879,-4.20781557572343,0.0853609051710381,-2.46086706788556,1.37650251523323,0.319545872866004,0.558273045796293,6.40516873242388,0.1174454999379,-0.986474830665516,-0.517396418761523,0.847104712415644,0.0818813663490286,-2.50248383111493,-3.04764841495081,0.0544715511763413,-2.91007671036506,0.796518519263173,-0.227504899101108,-1.48953133430817,6.54423215571189,0.077191366780293,1.86054816614686,-7.01905680784753,0.658884198044986,0.0881893141296247,-2.42826947830217,1.16016716077262,-0.0308893539946969,-0.4492096424795,-0.579983995970057,-0.547050771967112,-2.04780438010446,0.13906342328801,-0.0402541331576069,2.84702299681238,-6.50166038908601,-0.188220514370658,0.00630794778059607,0.0742143528127661
10611888,-5.95712252268614,0.0663744045345082,-2.71244377069179,1.01676768650069,0.0166286607861284,-1.9908990634288,6.47924897094412,0.0812734440557781,-0.508545675859729,0.00295779500917414,0.624654372371152,0.177622641414702,-1.72809397110651,0.0822187613870743,0.0259942602506523,-3.64987952492194,0.408839873441438,-0.894431707076544,-3.60142845668703,6.49249083778352,0.24993580327141,1.40909596810507,-1.35873626799614,0.594768442693088,0.153253053116325,-1.87566478190864,6.03934128407321,-0.0403801442838559,-0.937435754230145,-0.607927813059252,-0.911060367862673,-1.61052939325823,0.0132418668394045,0.168662359215632,1.9176416439648,-1.36169406300532,-0.0298859296780647,-0.0243695882983768,-0.147570810802133
10611904,-5.20510038796327,0.0384766184126259,-3.25770453613599,0.90606930771301,-0.0986394772855436,-0.96980712353676,6.57346469676249,0.0432489190268344,-1.65645429214343,-0.461170907147163,0.711454285207864,0.150870803478759,-1.89133141450797,-2.25756211348842,0.0562889797712614,-2.87725650418171,0.996596132554439,-0.00340967378209876,-1.89402681716779,6.47969734578657,0.0930989783990639,1.58694854636417,-3.94746656516871,0.829118521736272,0.123856591407118,-2.08863090357383,2.94753827447485,0.0178123613586355,0.38044803195428,0.0905268248414289,0.0952298035034449,-0.924219693631028,-0.09376735097592,0.0498500593722295,3.2434028385076,-3.48629565802155,0.117664236528407,-0.0270142120716407,-0.197299489065858
10611905,0.942690123123448,0.0227981037577245,-3.78107791500129,0.171251174197421,-1.76462394523603,0.287884281228268,6.3844497848022,0.0984092272338193,1.43717939579044,-0.356385002461974,0.429099897118946,0.209550329794959,-1.56279133078763,-2.08649746797649,0.0880204801062271,-2.43018576310115,0.731622140973048,-0.312491099154847,0.217717196827085,6.42593437024662,0.0507923923488474,1.45102675711284,-1.12238152971613,0.250928851021562,0.355301278598492,-1.03478917731685,-3.02918759109994,0.0652223763485025,1.35089215190014,0.560370966775627,1.45213284608119,-0.0701670844011829,0.0414845854444188,-0.047616834884972,0.0138473613224079,-0.765996527254152,-0.178171046097384,0.145750948803533,0.528002153470783
10611981,-3.34877889767072,0.0355733399200606,-3.33615880032383,0.310136820638192,-1.17074172197486,0.95603890880838,6.19587299906787,0.0507644285306248,0.737943813758934,-1.25397963792553,NaN,NaN,NaN,NaN,NaN,NaN,NaN,NaN,NaN,NaN,0,0,0,2,0.135335283236613,-2,NaN,NaN,NaN,NaN,NaN,NaN,NaN,-0.0507644285306248,-0.737943813758934,1.25397963792553,NaN,NaN,NaN
10611992,-2.55552656248793,0.0328757743151105,-3.41501923545024,0.341400123304809,-1.07470010744785,-1.78076247918952,6.12154632963996,0.0943305784365767,1.39514399666026,-1.72607484301104,1.05351110132502,0.153438835598426,-1.87445325652005,-0.281007964427714,0.0321868190733612,-3.43619825578432,0.691927859858435,-0.368273577558234,-0.301882441228541,6.63909698545978,0.0847133908119293,-0.520186761981941,-0.597271943088281,0.722481445351184,0.0762979721887419,-2.57310891786348,2.27451859806021,-0.000688955241749258,-0.0211790203340843,0.350527736553626,0.706426529889612,1.47888003796098,0.517550655819816,-0.00961718762464747,-1.9153307586422,1.12880289992276,-0.331029655973832,-0.0771408634096841,-0.698655661343427
10612047,-4.752406851751,0.0820313029494039,-2.5006543612779,0.844715787427591,-0.168755054441584,1.58586380326368,5.58286206974215,0.024624146686369,3.02901101705599,-0.200933241039648,0.619966666083396,0.124529607906952,-2.08321177683709,-1.91731371715651,0.059586535948083,-2.820325637343,0.492940275437382,-0.707367257435554,1.55997183776417,6.44255983723628,0.111429203720188,1.30130332179329,-3.68855732723648,0.668835830308712,0.11438503106829,-2.16818505590285,2.83509313459449,-0.0224447670013209,-0.319671276065102,-0.351775511990209,-0.53861220299397,-0.0258919654995133,0.859697767494122,0.0868050570338187,-1.7277076952627,-3.48762408619683,0.0488691642253164,-0.0101445768386622,-0.0849732790657609
10612048,-4.27507023311917,0.0326683902784285,-3.42134732674626,0.465272027603759,-0.765133038844368,1.45968125496922,6.55097626212476,0.0241882467184522,-2.84985842101027,-0.313277095747411,1.75943146790839,0.140045801016756,-1.96578575975508,-3.5003625370116,0.0414731536040609,-3.18270896218325,0.90082466349293,-0.104444642427863,-0.636721159568185,6.22273726150198,0.0690162500232359,-0.290075511090277,-2.39535539731196,1.81235574651281,0.14843715092762,-1.90759363640145,0.774707696107561,0.00880476332563245,0.238638364563011,0.435552635889171,0.660688396416505,-2.09640241453741,-0.328239000622779,0.0448280033047836,2.55978290992,-2.08207830156455,0.0529242786044188,0.00839134991086415,0.0581921233536307
10612179,-4.814160384867,0.0967565038606062,-2.3355577259662,0.844852939799719,-0.168592702510918,2.96110308877996,6.07878134937298,0.0198616674020279,-0.514186886120327,-0.926130886146098,-0.129675453073713,0.176720236529751,-1.73318738142758,-3.41227145846562,0.187992421673728,-1.67135362721079,0.605186302581488,-0.502218930203298,1.47747636552381,5.82217675890253,-0.0536006062130666,2.07267629607203,-2.11335998350853,0.216477203042691,0.348815444415965,-1.05321230921209,1.40188892640138,0.0912359178131222,0.664204098755403,-0.239666637218231,-0.33362622769238,-1.48362672325615,-0.256604590470454,-0.0734622736150944,2.58686318219235,-1.18722909736243,0.346152656116405,0.172095207886214,0.679975072215491
10612196,-2.61963754356635,0.0490087310789229,-3.01575681146048,0.413021796690026,-0.884254910924568,2.72732255169773,5.56514162538566,0.0368248219721475,1.22090792571272,1.38970963018407,0.0485674644878338,0.0812963762421989,-2.50965383608844,-6.14535126072447,0.0675909253812695,-2.69428154486625,0.726132391074557,-0.320022923930324,1.94545069469511,5.59345494619026,0.127112619377838,1.67280675765498,0.198075243251303,0.343391614915511,0.190841682767918,-1.65631108068332,-3.52571371715813,0.0185821943023466,0.321475266594229,0.313110594384531,0.564231986994244,-0.781871857002621,0.0283133208046005,0.0902877974056903,0.451898831942265,-1.19163438693277,0.294824150427678,0.109545306525719,0.853342755405118
10612243,-1.90102180682623,0.0604079721549824,-2.80663419343029,0.687886447814348,-0.374131501451983,-1.60839751307287,6.97051736702207,0.0327771950248738,0.198101506835389,-1.35529422911616,0.56702239345131,0.0689814946913,-2.67391700323473,-2.03423474734879,0.022059901675484,-3.81399372230706,0.16567930439949,-1.79770126036155,-1.48909330075467,6.87260295664,0.0372936327719577,1.47786729539806,-2.06485353727921,0.373176088014234,0.0750757271900488,-2.58925797897852,-0.133212940522563,-0.0383480704794984,-1.00735952887677,-0.522207143414859,-1.42356975890957,0.119304212318202,-0.0979144103820691,0.00451643774708389,1.27976578856267,-0.709559308163046,-0.193846305437075,0.00609423249874882,0.0846590242562124
12640809,-2.13491954434702,0.0477527229743277,-3.04171918804093,1.12505084739221,0.117828232316962,-1.61906123171342,6.01738911307599,0.0936313869850637,1.28310789049312,-2.32237262690123,0.83639170057244,0.13701670546705,-1.98765242287212,-2.16487562569278,0.0414766697878892,-3.18262418361022,0.610415923881335,-0.4936147117353,-1.76913209173046,6.41787196395155,0.0715749344803842,-0.00440066156608034,-4.22138847596157,0.80067325625036,0.180546561702177,-1.7117665749062,-0.0299560813457602,-0.00627605318643847,-0.14090499556929,-0.514634923510873,-0.611442944052262,-0.150070860017037,0.400482850875553,-0.0220564525046795,-1.2875085520592,-1.89901584906034,-0.0357184443220798,0.0435298562351271,0.275885847965915
12640826,-2.13197275860688,0.0635721827960926,-2.75557928173339,0.902558321088102,-0.102521969158725,-0.622433914794515,5.9461496575858,0.21930516751968,0.745716436474523,-1.22295253492391,0.4052673216402,0.158717358952831,-1.84063027524612,-6.34518427175033,0.059965488180639,-2.81398607923864,0.648091556595831,-0.433723301567553,-0.717127002685919,6.05808158818184,0.201807688615793,-0.193380853434768,-0.0333787455565269,0.14212857216106,0.171711267242319,-1.76194089155251,-4.21321151314345,-0.00360669461545352,-0.0584067975052447,-0.254466764492272,-0.331201332408828,-0.0946930878914036,0.111931930596046,-0.017497478903887,-0.93909728990929,1.18957378936738,-0.263138749479139,0.0129939082894879,0.0786893836936042
12640834,-2.41982348416412,0.0640439857425107,-2.74818515446257,0.609838885899065,-0.494560478177944,-0.47224340342869,6.63853404404328,0.093314189321438,1.03158881974737,-7.42968469087751,0.451276869847393,0.0740029869096555,-2.60364982294856,-3.69510275685381,0.0440911662832777,-3.12149582763106,0.537146661667536,-0.621484108786904,-0.155421209036889,5.61807981045224,0.0485448906951455,1.88656250576887,-0.392060918526328,0.467557972980729,0.0762745958636747,-2.57341534680478,-1.27527927268969,-0.019952819459233,-0.373310673168486,-0.0726922242315285,-0.126923630608961,0.316822194391801,-1.02045423359103,-0.0447692986262925,0.854973686021499,7.03762377235119,0.0162811031333368,0.00227160895401921,0.0302344761437792
12640835,-2.92249427583274,0.0617795407401144,-2.78418302531483,1.35623646865137,0.304713561225614,-0.307365779219126,6.16077907296812,0.0838934772243075,2.20625459600112,-3.83611362247221,0.843173526737038,0.168824004123915,-1.77889850240482,-3.93363838893962,0.0381665514389414,-3.26579576372755,0.956947101676826,-0.0440071642117424,-2.42452067893931,5.6987106440664,-0.00760819782113809,2.06653264809634,-1.40678198574294,1.40143094537208,0.175243269707536,-1.74158015775618,-1.01114411310688,-0.023612989301173,-0.481612738412721,-0.399289366974545,-0.348720725437356,-2.11715489972018,-0.462068428901715,-0.0915016750454456,-0.139721947904779,2.42933163672926,0.558257418635042,0.00641926558362155,0.0373183446486451
12640856,-2.16390743534057,0.07182791622882,-2.63348207307788,0.620598416808526,-0.477071078036973,-0.252465763115436,6.20555533014244,0.205613753357292,2.47625006747047,-5.21851959563689,0.612457186647303,0.12692190949218,-2.06418326753175,-0.419278712533125,0.0447315694729569,-3.1070757744499,0.473064273300072,-0.748524015366316,-1.89243797304759,5.90063813057043,0.262342094583982,2.24766875481559,-1.62290011989889,0.631288258937282,0.10106600757124,-2.29198143529604,1.74462872280745,-0.0270963467558631,-0.473593701372024,-0.147534143508454,-0.271452937329343,-1.63997220993215,-0.304917199572012,0.0567283412266899,-0.228581312654879,3.59561947573801,0.0188310722899792,-0.0258559019209403,-0.227798167764292
12640861,-2.8018538355834,0.0280973884543156,-3.57207864453024,0.33191727533267,-1.10286951179855,-0.240186037264306,6.74090750689038,-0.0123358228566885,-0.281598087616003,-2.72058643460013,0.260754104163125,0.118288077261083,-2.13463229700682,-3.3773526649548,0.0280681890954689,-3.57311840456659,0.335933147087635,-1.09084310581658,-2.20529584178997,6.68895486169442,-0.0413084749925129,-0.408994623891024,-1.42212912928145,0.356354747359863,0.0578199753996087,-2.85042096785911,-0.575498829371399,-2.91993588466682e-05,-0.00103976003634632,0.00401587175496543,0.0120264059819726,-1.96510980452566,-0.0519526451959651,-0.0289726521358244,-0.127396536275022,1.29845730531868,0.095600643196738,-0.0604681018614742,-0.715788670852293
12640863,-3.10278471379982,0.0416312696874018,-3.17890371890329,0.946594535221042,-0.0548844345870365,0.864270251327298,6.74114364553316,0.0982321388338978,0.758109410415313,-6.29564889720145,0.682602121087503,0.0601321697202786,-2.81121031075864,-4.55836655631177,0.0543402855538563,-2.91248942005007,1.12909025251392,0.121412222197382,-0.666762918341119,6.54662061033588,0.0405776808252735,-0.644203607676789,-0.997919784064947,0.467322973647529,0.0711802971422548,-2.64253922438991,-1.45558184251195,0.0127090158664545,0.266414298853215,0.182495717292878,0.176296656784419,-1.53103316966842,-0.194523035197274,-0.0576544580086243,-1.4023130180921,5.2977291131365,-0.215279147439975,0.0110481274219762,0.168671086368728
12640870,-3.56953760750569,0.106605615644349,-2.2386190890474,1.08518803934246,0.0817532801260374,0.430721822951326,6.02420278119338,0.0429147956292665,3.70368487508109,-6.1521139381468,0.550818761135066,0.115315118659932,-2.16008673575912,-3.10948552209643,0.0326963616649116,-3.42049147133922,0.501177455336001,-0.690795038344619,-0.219479743964443,6.65241020037668,-0.0531522768964954,-1.49717844877291,0.935254158372423,0.800554617101436,0.0877409879654169,-2.43336612315911,0.460052085409255,-0.0739092539794373,-1.18187238229182,-0.584010584006463,-0.772548318470656,-0.650201566915768,0.628207419183294,-0.0960670725257619,-5.200863323854,7.08736809651922,0.24973585596637,-0.0275741306945155,-0.273279387399991
12640879,-2.01977123092427,0.053589303187439,-2.92640579822013,0.713416328266076,-0.337690118365702,4.14412789478513,5.86578513033756,0.195109123195337,2.39818478673278,-3.07115078157299,0.538240998752602,0.170179983026357,-1.77089867830008,-2.8853279139469,0.0468910745011042,-3.05992793078589,0.737689573792105,-0.304232174590016,4.41091708353202,6.7458123972655,0.100895406426021,-1.85515615947446,-3.17725020093728,0.0080432969940544,0.174898574883457,-1.74354904516998,-0.865556683022624,-0.0066982286863348,-0.133522132565756,0.0242732455260292,0.0334579437756865,0.266789188746889,0.880027266927948,-0.0942137167693158,-4.25334094620724,-0.106099419364285,-0.530197701758548,0.00471859185709989,0.0273496331301
12640880,-4.64003175296107,0.179916850293273,-1.71526047763553,1.59042655724534,0.46400225524991,-0.920636130281147,7.11871793694688,0.0219155171023331,-0.139789896212501,-0.980374224585543,0.302708420469512,0.112281847964014,-2.18674306909153,-4.89509124837176,0.0807621514105956,-2.51624684633567,0.87062549700264,-0.138543363590927,-2.67714235682229,7.11037428272371,0.145632130419305,-0.336862347094338,0.0289363171491927,0.13141891788383,0.0990980794118295,-2.31164521813844,-0.255059495410689,-0.0991546988826775,-0.800986368700143,-0.719801060242705,-0.602545618840836,-1.75650622654114,-0.00834365422317429,0.123716613316971,-0.197072450881837,1.00931054173474,-0.171289502585682,-0.0131837685521841,-0.124902149046907
12640939,-3.05983039604209,0.0211391694967183,-3.85662758518128,0.789211034054562,-0.236721523615446,-1.25532377826659,6.75269782003548,0.0312074288793048,-0.539419788552478,-3.5698815640374,1.34630772861733,0.0769777147802444,-2.56423931745644,-2.69630907225837,0.0322451827863306,-3.4343866178638,0.624436532445862,-0.470905583971255,1.21793520529145,6.29455316149203,-0.0411911460265277,-0.406310290780597,-0.309503034154366,1.38268215860051,0.092147779793029,-2.3843616885583,0.363521323783718,0.0111060132896123,0.422240967317475,-0.1647745016087,-0.234184060355808,2.47325898355804,-0.458144658543452,-0.0723985749058325,0.133109497771882,3.26037852988304,0.0363744299831725,0.0151700650127846,0.179877628898133
12640942,-1.59602350579397,0.0515735530422287,-2.96474627582839,0.520517956499744,-0.652930892963589,-0.190716183364385,5.75326623962779,0.237147757820758,2.95955108738063,-3.07730862129516,0.252127200786661,0.18422536969275,-1.69159543558526,-3.10118816878226,0.0555183431025759,-2.89104180648222,0.616877732068176,-0.483084439919617,0.201413690050799,6.00344021288431,0.015531795294318,0.827676600274941,-2.44712914841356,0.635963617038443,0.216152373238708,-1.53177168833725,-1.50516466298829,0.00394479006034719,0.0737044693461697,0.0963597755684317,0.169846453043971,0.392129873415185,0.250173973256516,-0.22161596252644,-2.13187448710569,0.630179472881599,0.383836416251782,0.0319270035459576,0.159823747248011
12640943,-0.182736143884752,0.066347702206015,-2.71284615021257,0.789518474061839,-0.23633204586187,-0.297612357224121,6.08376151550836,0.174840495131976,1.42384644422517,-0.868084968465957,0.995386849517593,0.180449357835549,-1.71230510658325,-4.40015154797586,0.0323398590751882,-3.43145478244353,0.243378566481909,-1.41313716113147,1.16674622871767,6.38770143777314,0.038338570351957,-1.11053920866225,-0.0687416283386433,0.418739167744137,0.175300276811203,-1.74125490798487,-4.21741540409111,-0.0340078431308268,-0.718608632230961,-0.54613990757993,-1.1768051152696,1.46435858594179,0.303939922264774,-0.136501924780019,-2.53438565288743,0.799343340127313,-0.576647681773457,-0.00514908102434544,-0.0289498014016225
12640955,-1.41008843358047,0.0393719780851624,-3.23470093182504,0.439707090871774,-0.821646476312318,0.253098863832342,6.06946066597303,0.130431051762089,1.91577948081375,-1.58311036999305,0.588659441245482,0.213846254650881,-1.54249795837009,-3.04203136251335,0.0371473499008815,-3.29286284546697,0.34441494989585,-1.06590809884615,-1.43628904435345,5.54436721712135,0.0733154517138481,2.62737459321419,0.396062130405534,0.222581824021027,0.192079269650622,-1.64984712939508,-1.63194292893288,-0.00222462818428096,-0.0581619136419325,-0.095292140975924,-0.244261622533829,-1.6893879081858,-0.52509344885168,-0.0571156000482412,0.711595112400444,1.97917250039858,-0.366077617224455,-0.0217669850002588,-0.107349171024988
12640956,-5.68829825727363,0.16188652202226,-1.82085967054552,1.48008213107228,0.392097580204047,-0.700077161675096,4.84592546940388,0.0265623749780085,5.61739387971418,-0.494305539791042,0.7372713728065,0.113531981594797,-2.17567070558652,-5.18822665984884,0.083932491985607,-2.47774247009016,0.706650531530702,-0.347219032984432,-0.912609105527278,6.06339652330829,0.0557588473339309,1.36079769243684,0.0696794112753523,0.77414282184979,0.257629828536083,-1.35623149744901,0.500071597424798,-0.0779540300366527,-0.656882799544642,-0.773431599541578,-0.739316613188479,-0.212531943852182,1.2174710539044,0.0291964723559224,-4.25659618727734,0.563984951066395,0.0368714490432902,0.144097846941286,0.819439208137504
12640966,-3.02209088512926,0.0487181866361214,-3.02170287638563,0.413128710336786,-0.883996087268471,-1.82914686711759,5.8124543014342,0.0621548463324176,2.54111944401421,-3.78911098803055,0.419522137213663,0.102810497964084,-2.2748678109018,-2.05488900973699,0.0567528792489665,-2.86904888824303,0.75782355882531,-0.277304692433644,-4.35049498535003,5.70290572226456,0.0824305792363072,2.99870326335543,-2.87085376822079,0.0290555278253475,0.08277992388202,-2.49156971218336,0.967201875392265,0.00803469261284501,0.152653988142603,0.344694848488523,0.606691394834827,-2.52134811823244,-0.109548579169638,0.0202757329038896,0.457583819341217,0.918257219809764,-0.390466609388316,-0.0200305740820643,-0.216701901281557
12640969,-3.71279960041884,0.0705958790462071,-2.65078350663689,0.532635063743878,-0.629918772726382,1.35682680251818,6.71108272143235,0.0506153433315167,-0.95833381862259,-1.43295017584005,0.419634423832844,0.120150268425881,-2.11901208271243,-0.491434482895406,0.0565364460524316,-2.87286978591847,0.3507656989948,-1.04763680264111,0.598445812008038,6.45301051801385,0.124881903720307,0.762752447897112,-1.29187278109304,-0.0206927792308045,0.119664353140576,-2.12306451243596,3.22136511752343,-0.0140594329937755,-0.222086279281588,-0.181869364749078,-0.417718029914725,-0.758380990510145,-0.258072203418505,0.0742665603887901,1.7210862665197,0.141077394747003,-0.440327203063649,-0.00048591528530452,-0.00405242972353381
12640992,-3.2616184246906,0.0516333353310154,-2.96358778153765,0.549796696678715,-0.59820671149255,0.219462176081286,5.77994184610657,0.0423845389893153,3.33505181466304,-2.95177225599437,0.541792163872192,0.149589094463562,-1.89986311406979,-4.45590134228762,0.0565685244662739,-2.87230255329279,0.76885644356956,-0.262851006266635,-0.00391105426154899,6.58781564813053,-0.062530461421686,-1.23403449123941,-1.24658459394112,0.407610057575789,0.158628508865739,-1.84119023268325,-1.19428291759702,0.00493518913525854,0.091285228244856,0.219059746890845,0.335355705225915,-0.223373230342835,0.807873802023964,-0.104915000411001,-4.56908630590244,1.70518766205325,-0.134182106296403,0.00903941440217673,0.0586728813865396
12641008,-2.06030989951467,0.0319197412821641,-3.44453061162874,0.33053219760429,-1.10705120354507,-2.20326900437779,6.00044952382434,0.17158027442332,3.42918062554949,-4.30089773731271,0.564227494466633,0.127406682517255,-2.06037108418001,-1.70922875143325,0.0402421721773087,-3.21283977409813,0.498072294445175,-0.697010042924941,-0.998394806424318,6.10821184287397,0.168015539747979,1.87310350996477,-2.74227070349575,0.753002910456564,0.153338512006419,-1.87510730478253,0.351081148081425,0.0083224308951446,0.231690837530607,0.167540096840886,0.410041160620124,1.20487419795347,0.107762319049634,-0.00356473467534152,-1.55607711558472,1.55862703381696,0.188775415989931,0.0259318294891634,0.185263779397477
12641009,-2.64288669098345,0.0756687085746525,-2.58139056496485,0.987364066898511,-0.0127164454556701,1.41573461398639,6.13965659344976,0.072927039450146,0.483847556351331,-2.56364450938051,0.788548062751034,0.113932248649607,-2.17215131735105,-2.29210287705312,0.0573318209845781,-2.85889946936067,0.588302675796599,-0.530513708768171,2.42732844180338,6.02806807782506,0.0216251101327113,0.510330110491256,-0.905544723026516,0.776046849478655,0.155133849240724,-1.86346699121352,0.350783813930327,-0.0183368875900744,-0.277508904395814,-0.399061391101912,-0.517797263312501,1.01159382781699,-0.1115885156247,-0.0513019293174348,0.0264825541399246,1.65809978635399,-0.0125012132723782,0.0412016005911167,0.308684326137535
12641010,-3.39982309085146,0.0448066104823367,-3.10539959503712,0.482407213522987,-0.728966680275102,3.11524196301207,6.74722510866681,0.0170196157338086,-0.422639120165602,-1.07733708359411,0.271990622952039,0.172970298133401,-1.75463538631444,-0.765388148523484,0.0452018564812688,-3.09661712039297,0.486996378229714,-0.719498592827173,2.01729131571275,6.15646051304992,0.0727951455346662,1.93088346637298,-0.846759664723038,0.809625784369439,0.160334901550772,-1.83049051661037,2.63443494232798,0.00039524599893203,0.00878247464415827,0.00458916470672682,0.00946808744792937,-1.09795064729932,-0.590764595616887,0.0557755298008576,2.35352258653858,0.230577418871074,0.5376351614174,-0.0126353965826283,-0.0758551302959274
12641036,-3.51186037299038,0.0378146652089914,-3.27505828310507,0.403327232493714,-0.908007055222503,-1.66084122068168,6.34219971537621,-0.00874986606793693,1.07532393140967,-0.92993396362267,0.595078142597415,0.0966862852500778,-2.33628371439859,-0.724839802708216,0.0314922643341025,-3.4580133400046,0.397940969375875,-0.921451602848992,0.11859055039207,6.80488203348271,0.195500481328077,1.01082246437455,-2.86902926204162,0.425757967736203,0.110824554150336,-2.19980692136533,2.78702057028217,-0.00632240087488896,-0.18295505689953,-0.00538626311783907,-0.0134445476264892,1.77943177107375,0.462682318106501,0.204250347396014,-0.0645014670351212,-1.93909529841895,-0.169320174861211,0.0141382689002583,0.136476793033265
12641063,-4.03254434019891,0.033716977465003,-3.38975378613524,0.43297213620749,-0.837081903610303,1.9133610588433,7.14514337738823,-0.0230347568565927,-2.85174061542201,0.0785282106075392,0.830552860618252,0.149029321639457,-1.90361220287064,-0.885103900220028,0.0388539411159024,-3.24794576288885,0.439627082492575,-0.821828451224344,-1.8069078679039,6.53913035957849,0.271773638870273,1.4889428039938,-2.9463458588701,0.265627398695843,0.183296759757031,-1.69664880155933,3.14744043997888,0.00513696365089941,0.141808023246394,0.00665494628508556,0.0152534523859589,-3.7202689267472,-0.606013017809744,0.294808395726866,4.34068341941581,-3.02487406947764,-0.564925461922409,0.0342674381175745,0.206963401311314
12641073,-2.33376804090801,0.0235733565539063,-3.74763816428572,0.381909441327074,-0.962571763068624,-0.290803443064568,6.03264034956351,0.173632935580075,2.84963273021938,-4.43460636444166,0.818415796173214,0.185459545368245,-1.6849185049867,-1.92895684892153,0.0392307023413287,-3.23829561575171,0.445003603828197,-0.809672898358359,-2.46040723789864,6.28267051571725,0.140837383732876,2.19850537198115,-4.53446124560649,0.360593598622179,0.115746261167825,-2.1563548874634,0.40481119198648,0.0156573457874224,0.509342548534014,0.0630941625011229,0.152898864710265,-2.16960379483407,0.250030166153748,-0.0327955518471993,-0.651127358238228,-0.099854881164827,-0.457822197551035,-0.0697132842004199,-0.471436382476696
12641083,-0.300581279283951,0.0416162976913616,-3.17926341701035,0.527589042306998,-0.639437627295143,0.838772461314155,6.45049594733555,0.218911748478573,1.36098902262935,-1.73310822194143,1.55897227987492,0.0887148528428837,-2.42232795337048,-2.51529960423303,0.0234380378598561,-3.75339502682763,0.388143884429905,-0.946379171942049,1.45778914689558,6.65273463608015,0.0549348119637212,-0.0319121422170137,-2.71975100613935,1.45726797728004,0.0806459286743563,-2.51768695709425,-2.21471832494908,-0.0181782598315055,-0.574131609817284,-0.139445157877093,-0.306941544646906,0.619016685581429,0.202238688744593,-0.163976936514852,-1.39290116484636,-0.986642784197922,-0.101704302594885,-0.00806892416852736,-0.0953590037237628
12641097,2.03200269958767,0.835678929207587,-0.179510795637604,1.60147614241821,0.470925792933455,0.428930334329765,5.24974626832312,0.0419835434929051,3.87124444582787,0.577011687024139,0.0967541518177461,0.17391440957684,-1.74919199977328,0.927437168623068,0.551299317499996,-0.595477391370222,1.59815732520048,0.468851293812512,-0.0170321774142377,6.12384354793549,0.0698840799524563,2.71740101513168,-0.521531811528965,0.369832673986595,0.114333556020879,-2.16863517278173,-1.1045655309646,-0.284379611707591,-0.415966595732618,-0.00331881721773319,-0.00207449912094265,-0.445962511744003,0.874097279612367,0.0279005364595512,-1.15384343069619,-1.0985434985531,0.273078522168849,-0.0595808535559618,-0.419443173008448
12641108,-1.6535985858278,0.0464294753611933,-3.06982077657923,0.673428768575884,-0.395373051789786,-3.6314634468255,6.67423373761734,0.148906610339124,2.1172572803084,-5.2545537420493,0.410502823142629,0.147871820332639,-1.9114094593145,-4.02802703460296,0.0711242609571126,-2.64332677735079,0.870214806188768,-0.139015194143951,-2.63058876540929,5.83346001112672,0.0231774496684891,1.82284357129193,-1.06024180250037,0.575473578966288,0.176171358597905,-1.7362981292155,-2.37442844877516,0.0246947855959193,0.426493999228443,0.196786037612884,0.256357857645836,1.00087468141621,-0.840773726490621,-0.125729160670634,-0.294413709016475,4.19431193954893,0.164970755823659,0.0282995382652654,0.175111330099
12641111,-3.38505275787456,0.0325925316728117,-3.4236721066456,0.451696375883948,-0.794745059634819,-1.74035699019255,6.09959781606071,0.0177619143553631,1.49411822308594,1.25495127925283,0.454277300832388,0.114459189282565,-2.16753694500229,0.18675605230196,0.0580336408336872,-2.84673242220512,0.691911448439226,-0.368297296235845,-2.13009131940239,6.606957161814,0.017796413465068,0.277905796879545,-0.0825259217049239,0.42923589193705,0.111386706332174,-2.19474729135497,3.57180881017652,0.0254411091608755,0.576939684440478,0.240215072555278,0.426447763398974,-0.389734329209848,0.507359345753299,3.44991097048497e-05,-1.21621242620639,-1.33747720095776,-0.0250414088953385,-0.00307248295039042,-0.02721034635268
12641115,-2.35279990072269,0.0461341741081469,-3.07620129974517,0.531374287797524,-0.632288632605142,-0.605812388393955,6.19970396972799,0.150785339238864,3.51187172172367,-7.44521624526593,0.440514042604704,0.0703752227689622,-2.65391402707135,-1.72788384279484,0.0456497107384127,-3.08675800846917,0.551440954519916,-0.595220509447446,-0.770749608324554,6.12394194223498,0.0579133210849526,0.756283515256203,-1.25894927663525,0.659431244420547,0.110110944952824,-2.20626683099514,0.624916057927855,-0.000484463369734192,-0.0105567087240002,0.0200666667223925,0.0370681231576953,-0.164937219930599,-0.0757620274930053,-0.0928720181539114,-2.75558820646747,6.18626696863069,0.218917201815844,0.0397357221838617,0.447647196076204
12641120,-2.01859212936201,0.0439718854814835,-3.12420481561978,0.342018677648225,-1.07288993040426,2.01421672850885,6.11347618933297,0.0889380263154852,1.5119610029273,-0.971600989785332,0.00928930683410629,0.113066023878486,-2.17978334878563,-0.784316822808123,0.0609817569947944,-2.79718052519699,0.555108081008675,-0.588592443639012,2.33079513183043,5.77100069872769,0.0538356280229554,1.83949140352674,-0.144286409302741,0.314320089264779,0.115379155513984,-2.15953156935175,1.23427530655388,0.0170098715133109,0.327024290422796,0.21308940336045,0.484297486765249,0.316578403321577,-0.342475490605286,-0.0351023982925298,0.327530400599437,0.827314580482591,0.305030782430673,0.00231313163549821,0.0202517794338846
12641138,-5.33947561286433,0.0556682171303183,-2.88834590298092,0.743120636144393,-0.296896883857925,2.03710233693691,6.84977274969364,0.132443473745207,-1.8043871087339,-0.0529751360979558,0.886808351246628,0.148850296835376,-1.90481419733104,-4.04617505891048,0.0330463207459352,-3.40984504275629,0.419405789233105,-0.868916357001801,1.41935137513108,6.65061609756568,-0.01266399252339,-2.06067069491351,-0.698784392649749,1.43191081564347,0.109379011106089,-2.21293626200684,1.29330055395386,-0.0226218963843832,-0.521499139775366,-0.323714846911288,-0.572019473143876,-0.61775096180583,-0.199156652127956,-0.145107466268597,-0.256283586179608,-0.645809256551794,0.545102464396845,-0.039471285729287,-0.308122064675807
12641167,-5.75281824662365,0.492053567708974,-0.709167690959285,3.143318052237,1.145278946535,0.267442075332296,6.26948272865197,0.377462816673593,-0.259032806588127,0.265214043513797,0.203076342260783,0.16741165761063,-1.78729948410039,-0.939150110002019,0.0928235849659641,-2.37705452314007,1.02079799223531,0.0205846667523285,1.75533182675427,6.21607152998734,0.127743771578413,0.275040796691883,0.687492985725323,0.681903560653548,0.206354900190442,-1.57815777608008,4.81366813662163,-0.39922998274301,-1.66788683218079,-2.12252006000169,-1.12469427978268,1.48788975142197,-0.0534111986646302,-0.24971904509518,0.53407360328001,0.422278942211526,0.478827218392765,0.0389432425798119,0.209141708020308
12641173,-1.93376427483051,0.0370458216937118,-3.2955997083982,1.07829164175332,0.0753779755573987,2.86071183696652,5.39295298283654,0.114717854530521,2.56144334826872,-1.60182701704654,0.745045507881163,0.106027344698915,-2.24405824928062,-0.426469268765839,0.0526426211441356,-2.94422919943317,0.785198327121121,-0.241818947095192,0.314104530665232,5.42249636074375,0.270791470187491,2.17657243883763,-1.48710752349317,0.485887756739957,0.104109349503455,-2.26231349468083,1.50729500606467,0.0155967994504238,0.351370508965029,-0.293093314632195,-0.31719692265259,-2.54660730630129,0.0295433779072152,0.156073615656969,-0.384870909431092,0.114719493553375,-0.259157751141206,-0.00191799519546017,-0.0182552454002054
12641192,-2.31743835532643,0.0318995703775892,-3.4451627370692,0.655287546228911,-0.422681137803816,-1.19844153277278,6.32035616068573,0.0332626640581982,-0.586597623618887,-0.518735403404087,0.249026560914666,0.141420114979773,-1.95602027976881,-4.82042047988533,0.0333060473321899,-3.40201629691604,0.771586755330571,-0.259306163299324,-2.80616385100979,5.20313017787406,0.0968029129586977,2.97449689123834,-0.050109497978342,0.934464943101369,0.0982562067369819,-2.3201768573326,-2.5029821245589,0.0014064769546007,0.0431464401531589,0.11629920910166,0.163374974504492,-1.60772231823701,-1.11722598281167,0.0635402489004995,3.56109451485723,0.468625905425745,0.685438382186704,-0.0431639082427907,-0.364156577563793
12641202,-2.12872449678641,0.0303507945684153,-3.4949325816409,0.373428643362821,-0.985028341221416,1.10698177400316,6.56018625852451,0.179281798882686,3.74612324783093,-7.552565388141,0.567528969279668,0.0985786887881922,-2.31690017878553,-3.55160697846553,0.0350698560005342,-3.35041332089682,0.584016132501037,-0.537826672389839,2.11810980945724,6.5936066034753,-0.00764802468816006,-1.21140621473465,-1.52380767992616,0.276676998979582,0.15207127722551,-1.88340593893356,-1.42288248167912,0.00471906143211885,0.14451926074408,0.210587489138216,0.447201668831577,1.01112803545409,0.0334203449507866,-0.186929823570846,-4.95752946256558,6.02875770821484,-0.290851970300086,0.0534925884373176,0.433494239851968
12641205,-3.80236055421025,0.0739758992705072,-2.60401592435871,0.584505602946672,-0.53698891223628,-1.06219003199678,5.62249389661564,0.133948365260777,3.60385015879411,-1.46322420660317,0.212153252397975,0.209976323191004,-1.56076050133056,0.585067812436819,0.0790985338627846,-2.53706093961691,0.501120425395312,-0.690908836731002,-0.429032373679472,6.12111377108764,0.0577748087642547,1.33612981275681,0.199092515828669,0.294902747635567,0.299034886742354,-1.20719503432973,4.38742836664706,0.00512263459227742,0.066954984741793,-0.0833851775513605,-0.153919924494723,0.633157658317306,0.498619874472003,-0.076173556496522,-2.2677203460373,1.66231672243184,0.0827494952375921,0.0890585635513501,0.353565467000828
12641208,-1.40000984873468,0.0577275146807181,-2.85202136157707,0.474096313711549,-0.74634478444378,0.154041241023617,6.0054793988888,0.157539735643467,2.00271050978134,-0.710817032600759,-0.0298638234593846,0.253351881208715,-1.37297592175242,-5.54391341723288,0.164208213385037,-1.80662006259947,0.898039389697875,-0.107541347835829,0.0936229363645596,5.92897616518697,-0.101193765410413,1.76528992788211,-0.459446749698942,0.322948180189703,0.178879936676455,-1.72104044301561,-4.1439035684982,0.106480698704319,1.04540129897761,0.423943075986326,0.638803436607951,-0.0604183046590577,-0.0765032337018328,-0.25873350105388,-0.23742058189923,0.251370282901817,0.352812003649088,-0.0744719445322603,-0.348064521263187
12641255,-2.87940362149054,0.049339573198739,-3.00902881812631,0.545760176340097,-0.605575637202617,-0.537814450327286,5.49546473292761,0.127208052816701,3.56441857691317,-3.12836768871043,0.169519437009368,0.147141387085855,-1.91636133754233,-1.45091566175386,0.066465588123766,-2.71107093707815,0.370792579242643,-0.992112458320677,-1.53104081437035,5.73008250650511,0.0189658110765532,2.26613412279535,-0.695816601330262,0.574067079456343,0.348409242498987,-1.05437750594295,1.42848795973668,0.017126014925027,0.297957881048159,-0.174967597097454,-0.38653682111806,-0.993226364043069,0.234617773577508,-0.108242241740148,-1.29828445411781,2.43255108738017,0.404547642446975,0.201267855413132,0.861983831599376
12641299,-1.50712060173076,0.0605639462679534,-2.80405550903089,0.729556437144278,-0.315318549866061,-0.647015361343496,6.40689878897347,0.0853516173862829,1.35560087259496,-1.37744152865502,0.689824768644619,0.121308077790268,-2.10942187175995,-1.61157137776896,0.054077723930933,-2.91733293520906,0.470361979933658,-0.7542527106352,-1.94807915169895,6.32985407872887,0.103880210824458,1.70658444613937,-2.26714525652485,0.472780203952038,0.134349832088371,-2.00730819372885,-0.104450776038194,-0.00648622233702038,-0.11327742617817,-0.259194457210621,-0.438934160769138,-1.30106379035545,-0.0770447102446008,0.0185285934381746,0.350983573544403,-0.889703727869833,-0.217044564692581,0.0130417542981031,0.102113678031096
12641325,-0.973546509383468,0.0458987504635242,-3.08131738530309,0.367064404874713,-1.00221795620232,1.13583422569819,6.30929737064433,0.158415962846053,2.09436100825147,-1.54873546654153,0.15100411083364,0.0862062201023339,-2.45101294495603,-3.2057908056187,0.06899992448893,-2.67364986874881,0.514190684478863,-0.665161100847198,-0.594346135252934,5.80636880395291,0.063284005173493,1.76437985120874,0.208534039307084,0.16628417820251,0.0963034146281053,-2.34025150257091,-2.23224429623523,0.0231011740254058,0.407667516554282,0.14712627960415,0.337056855355125,-1.73018036095112,-0.502928566691422,-0.0951319576725596,-0.329981157042724,1.75726950584861,0.0152800673688697,0.0100971945257713,0.110761442385122
12641384,-2.64886161812367,0.184938714485185,-1.6877307818399,0.413881085293653,-0.8821765800065,0.548716078639044,5.95729102194718,0.0696755183502743,2.73332182652132,-0.473185421485408,-0.0564585581224258,0.375130709705404,-0.980480754529967,-2.0465134808811,1.12840178952635,0.120802286041601,0.374699752277845,-0.981630234304024,-1.77233137408396,6.96730583356585,0.0710892765447591,-1.50963162550351,-0.745777717904072,0.0788741473357228,0.841511189392413,-0.172555968479,0.602348137242571,0.943463075041164,1.80853306788151,-0.0391813330158085,-0.0994536542975242,-2.32104745272301,1.01001481161867,0.00141375819448476,-4.24295345202483,-0.272592296418664,0.135332705458149,0.466380479687009,0.807924786050968
12641400,-5.29207855431791,0.123596373392518,-2.0907340758735,0.834845657218116,-0.180508412871557,0.434444961246564,6.4994860538348,0.0341147573376826,-1.43466345433692,-0.109083260694726,0.644485407924938,0.197967885611679,-1.61965045532286,-4.10184954218724,0.10715633083078,-2.2334664749929,0.824792468958198,-0.192623477070105,0.43108265594219,6.23016708847195,0.0144126381386659,-0.187212875328742,-0.0163720489936016,0.577606943973684,0.15794514938869,-1.84550746199547,1.19022901213066,-0.0164400425617375,-0.142732399119402,-0.0100531882599176,-0.0121150641985479,-0.00336230530437392,-0.269318965362848,-0.0197021191990166,1.24745057900817,0.0927112117011246,-0.0668784639512541,-0.0400227362229897,-0.225857006672611
12641486,-2.8625987108888,0.0352215514523195,-3.34609712656287,0.779575065478392,-0.249006295597534,0.597847846166775,7.30696357012784,0.178596388892218,-0.135563739136207,-2.78086409912369,0.15193787737432,0.129286015945342,-2.04572815106136,-6.07088813515036,0.0921307654562457,-2.38454634745941,1.36772101740441,0.313145863756964,-0.446315582381044,6.01910464603833,0.463494160535031,2.18586019014844,0.102173168199522,0.382704726760653,0.161505445727608,-1.82321641721233,-3.20828942426156,0.0569092140039262,0.961550779103459,0.588145951926021,0.562152159354498,-1.04416342854782,-1.28785892408951,0.284897771642813,2.32142392928464,2.88303726732321,0.230766849386333,0.0322194297822667,0.222511733849033
12641498,-4.1687000494743,0.0559262122223001,-2.88372209598391,0.757493579909727,-0.277740217001227,1.19242617381599,5.59237863317273,-0.00672698790570511,3.86748021016932,-2.54177412173461,0.709818014522976,0.159495927762974,-1.83573688834978,-1.79550423390739,0.0434955925431469,-3.135095666868,0.318037502227641,-1.14558597162187,1.32383510050411,6.58538709686199,0.139077518746976,0.876167985593474,-2.99429257619782,0.748777775726841,0.207312787120568,-1.57352657731077,2.37319581556691,-0.0124306196791532,-0.251373570884092,-0.439456077682085,-0.867845754620647,0.131408926688122,0.993008463689264,0.145804506652681,-2.99131222457585,-0.452518454463208,0.0389597612038648,0.047816859357594,0.262210311039016
12641604,-1.87490671609594,0.0343083126788626,-3.37236760201935,0.687580403362657,-0.374576505933886,-1.48233941352062,6.1068273140153,0.23290527751137,3.05769951286064,-4.20073903942095,0.306296861055288,0.0747751174522929,-2.59327010372456,-5.70882295937341,0.18653374896639,-1.67914309666417,2.40315194176603,0.876781184787039,-0.551228389793851,5.5611417387474,0.254932801896353,2.28753664155807,0.0870297174609596,0.798353936782071,0.116317709252067,-2.15142995889096,-3.83391624327747,0.152225436287528,1.69322450535518,1.71557153840338,1.25135769072092,0.931111023726768,-0.545685575267901,0.0220275243849825,-0.77016287130257,4.28776875688191,0.492057075726783,0.0415425917997739,0.441840144833598
12641693,-2.2203062130221,0.091878631846989,-2.38728679192308,0.559271401296346,-0.581120411491888,0.536958487442115,6.04899664573465,0.0773364214809824,2.01761770671183,-1.07431104205698,0.291135039858299,0.109799768009915,-2.20909686275124,-5.34915513660581,0.0644853326333751,-2.74131748207289,0.514729628312645,-0.664113509743456,-0.866279422544195,6.66942439767662,0.0350184046124654,-1.7096498039128,-0.0401638135224678,0.243594302077203,0.106507142976537,-2.23954322587953,-3.1288489235837,-0.0273932992136139,-0.354030690149815,-0.044541772983701,-0.0829930982515672,-1.40323790998631,0.62042775194197,-0.042318016868517,-3.72726751062463,1.03414722853451,-0.0475407377810964,-0.00329262503337766,-0.030446363128291
12641694,-2.10291803555991,0.0503165992705828,-2.98942025093686,0.618242605174774,-0.480874333550204,-1.36162539219406,5.72294163875455,0.0670909632376507,2.42147829689872,-2.3451134387187,0.372490524013979,0.103574025897557,-2.26746869586563,-2.62524419876499,0.05633801199413,-2.87638580302566,0.528369525157824,-0.637959381809005,-1.06222563819291,6.02561720520136,-0.00473457458272561,-0.667887717875717,-0.656544321199568,0.808959257651216,0.10181851940826,-2.28456327188002,-0.522326163205078,0.00602141272354721,0.113034447911204,-0.0898730800169499,-0.1570850482588,0.299399754001145,0.302675566446807,-0.0718255378203763,-3.08936601477444,1.68856911751913,0.436468733637237,-0.00175550648929707,-0.0170945760143959
12641701,-4.29488217015463,0.0486912294962937,-3.02225635759076,0.527043630857496,-0.64047194286682,1.38738637760149,6.26501183471756,0.132519541573495,-0.701050795649891,1.39961279107485,0.650055031501374,0.138068267685136,-1.98000702277481,-4.7515766647062,0.0591777239119462,-2.82721009317642,0.460880101945487,-0.77461735236057,1.6786940611963,5.97792670116374,0.011045945726511,1.2593385986272,0.853890141164799,0.482911151213779,0.160591063047458,-1.82889412629394,-0.456694494551575,0.0104864944156526,0.195046264414338,-0.0661635289120089,-0.134145409493751,0.291307683594814,-0.287085133553814,-0.121473595846984,1.9603893942771,-0.545722649910052,-0.167143880287595,0.0225227953623218,0.151112896480861
12641779,0.0892361046101353,0.0615399949717852,-2.78806799079469,0.503726386719469,-0.685722041818485,-0.507909702124174,5.86894451303851,0.0370760592195429,0.767036441865496,-0.122915231120327,0.869588528693306,0.128275902901917,-2.05357184338007,-0.532993061507794,0.025777685118469,-3.65824607920066,0.213680345829144,-1.5432740917376,-0.448537749653314,6.27514107826587,0.393215687379463,2.7953036465656,-3.66986333344049,0.443290774888613,0.126103260401856,-2.07065418066069,-0.622229166117929,-0.0357623098533162,-0.870178088405966,-0.290046040890325,-0.857552049919115,0.0593719524708604,0.406196565227353,0.35613962815992,2.02826720470011,-3.54694810232016,-0.426297753804693,-0.00217264250006072,-0.0170823372806184
12641993,-1.96422337815973,0.0294259118396396,-3.52587963771306,0.461227071147479,-0.773864795112363,0.362517064859803,6.0744392999388,0.162291714355968,2.91922778893611,-1.94872355788748,1.10730822994503,0.141135051026486,-1.95803803831155,-0.413886328805981,0.0549283288430503,-2.9017260554829,0.791815902742165,-0.233426360220097,1.04900522641954,6.08425173952673,0.130479822811226,1.62819496549002,-0.518330411907031,1.27116304452147,0.170462024504837,-1.76924273724353,1.55033704935375,0.0255024170034108,0.624153582230157,0.330588831594686,0.540438434892266,0.686488161559734,0.00981243958792977,-0.0318118915447411,-1.2910328234461,1.43039314598045,0.163854814576435,0.0293269734783503,0.188795301068022
12642121,-0.852831462651439,0.0326075422930108,-3.42321165868745,0.689084335699373,-0.372391612412134,1.22392034305547,6.88949940286776,0.338282198228152,2.64083557229046,-4.38722455444937,0.554684841184157,0.0941541997323362,-2.36282141805135,-3.47919115841842,0.0491161948206026,-3.01356646515125,1.17793258668124,0.163760856665928,-0.0403422179456536,6.48132167569455,0.013770759085281,0.319048271987922,-1.26698744414189,0.756063310672939,0.0756432845139255,-2.58172661315835,-2.62635969576698,0.0165086525275918,0.409645193536204,0.488848250981864,0.536152469078062,-1.26426256100112,-0.40817772717321,-0.324511439142871,-2.32178730030254,3.12023711030748,0.201378469488782,-0.0185109152184107,-0.218905195107002
12642557,-2.42128790110344,0.0601693806574348,-2.81059168301484,0.557879089167255,-0.583613026160835,-0.798122284234838,6.34834798727392,0.148992451222419,3.50258459962333,-6.69471329038629,0.235075155072382,0.0757166339820238,-2.58075740711532,-2.52197186110787,0.0470540504612821,-3.05645832821232,0.628541988200529,-0.464352446181686,-2.08809246867121,6.15423999701177,0.057069244338151,2.31643065282273,-3.09887798241166,0.250331572637273,0.0617473793931329,-2.78470374335221,-0.100683960004428,-0.0131153301961526,-0.245866645197478,0.0706628990332739,0.119260579979149,-1.28997018443637,-0.194107990262156,-0.0919232068842681,-1.1861539468006,3.59583530797464,0.0152564175648907,-0.0139692545888909,-0.203946336236899
12642560,-2.79512114618189,0.0430902564520602,-3.14445837582742,0.565042692068695,-0.570853989506767,0.406043351444045,7.16615352464801,0.0791139421432823,0.786216606962489,-5.51605949739611,0.717508078181397,0.0955827360629917,-2.34776306034739,-2.26685498519993,0.0315608133070549,-3.45583901315099,0.548894608083756,-0.599848826604881,3.78674022928029,6.74908683130945,0.12666634620209,1.45615994331027,-2.68659091237633,0.499993506422037,0.0890539573605075,-2.41851283047524,0.528266160981965,-0.0115294431450053,-0.311380637323569,-0.0161480839849387,-0.0289948370981133,3.38069687783625,-0.417066693338554,0.0475524040588074,0.669943336347777,2.82946858501978,-0.21751457175936,-0.00652877870248426,-0.070749770127851
12642591,-3.16117027910912,0.0532003899614283,-2.93368955255937,0.547783394887941,-0.601875334974872,0.327419754259857,6.74493997048051,-0.0419415851680754,-0.549331775006816,-2.84098995137146,0.620609780422166,0.153274902778912,-1.87552221962547,-0.865422414826029,0.0213694104977031,-3.84579479553914,0.278368676851819,-1.27880886815987,0.18501592924429,6.15357371109048,0.191082799619429,1.59887924966022,-2.57756946792564,0.489040314679863,0.132697483120953,-2.01968330450845,2.29574786428309,-0.0318309794637252,-0.912105242979774,-0.269414718036122,-0.676933533184994,-0.142403825015567,-0.591366259390033,0.233024384787504,2.14821102466703,0.26342048344582,-0.131569465742302,-0.0205774196579588,-0.144161084882981
12642640,-2.44411789753496,0.0268564546993159,-3.61724908843359,0.504304136887578,-0.684575746705704,-1.70727949345156,6.10500782371058,0.177876700722984,3.28525722700067,-8.02450480439069,0.462781967493816,0.0430739717126962,-3.14483636887407,-2.92567022201215,0.0343202191574877,-3.37202061867508,0.549973238504845,-0.597885659203341,-3.38348710180891,5.73318105152544,0.0204386616959455,1.67412672224894,-2.21993429937696,0.543714963597436,0.0433698308125699,-3.13799122216692,-0.481552324477188,0.00746376445817181,0.245228469758505,0.0456691016172677,0.086690087502363,-1.67620760835736,-0.371826772185133,-0.157438039027038,-1.61113050475173,5.80457050501373,0.08093299610362,0.000295859099873688,0.00684514670715242
12642686,-1.70731936838384,0.105706526913256,-2.24708863859651,0.589043485099713,-0.529255269363541,-0.961002529084885,5.76570926278993,0.140706169842066,3.79390888528158,-1.82743322625487,0.152608861534947,0.209837728378731,-1.56142076897425,-3.29815643405821,0.0700824232940177,-2.65808325398469,0.456155706681737,-0.784921065731287,-1.68457102989779,5.60798785042934,0.0144471579324869,3.54296684427451,-0.836205086440521,-0.0550690180073225,0.167186942187783,-1.78864267834428,-1.59083706567437,-0.0356241036192381,-0.410994615388185,-0.132887778417977,-0.255665796367746,-0.723568500812902,-0.157721412360599,-0.126259011909579,-0.250942041007067,0.991228139814353,-0.207677879542269,-0.0426507861909475,-0.227221909370033
12642779,-3.51459529128107,0.405311903909509,-0.903098375166033,2.05281009435738,0.71920963222752,0.227802373376901,5.96295592069041,0.343371426967554,2.17113063616805,2.32089586202968,0.269020089947741,0.218649756520205,-1.52028411468338,-4.31635570321739,0.336578866217412,-1.08892278524109,2.26539279962505,0.817748165367246,0.475572732985601,6.64337291642464,0.403984708709628,-0.70805629559148,-0.1461290580806,0.0968993410288834,0.262941686151147,-1.33582299705018,-0.801760411936325,-0.0687330376920976,-0.185824410075053,0.212582705267672,0.0985385331397264,0.2477703596087,0.680416995734232,0.0606132817420739,-2.87918693175953,-2.46702492011028,-0.172120748918858,0.0442919296309421,0.184461117633197
12643239,0.470804298403707,0.522491906832296,-0.649145784579312,0.236140302438096,-1.44332914874641,-1.17802564435679,5.58666580368764,0.00449751466755696,0.702081556886579,1.76306429678201,-0.0700700115197565,0.341123867887023,-1.07550961872199,-2.28560800656616,0.416929888290481,-0.874837204915343,0.328618720116895,-1.1128571056867,-0.0528441924165423,5.95978603475922,0.064737956246147,-1.8690895547246,-0.707854814235557,0.165579159102067,0.444255334289073,-0.811355804615812,-2.75641230496987,-0.105562018541815,-0.225691420336031,0.0924784176787987,0.330472043059706,1.12518145194025,0.373120231071582,0.0602404415785901,-2.57117111161118,-2.47091911101757,0.235649170621824,0.103131466402049,0.264153814106178
12643280,-3.17446719255356,0.0221022969128027,-3.81207374315305,0.57589261918384,-0.551834060693606,-0.027119361238874,5.43190386579443,0.179771822592732,5.49671855793202,-3.88762600504337,0.656466594699476,0.154424274754497,-1.86805143383667,-0.0747255858427177,0.0542849428013919,-2.91350838697131,0.628220874176885,-0.464863463876822,-0.326835369663219,6.38863979397895,0.19064124761199,1.91615147095962,-1.29333092871138,0.799573509411125,0.169728034789459,-1.77355791832704,3.09974160671084,0.0321826458885892,0.898565356181743,0.0523282549930441,0.0869705968167839,-0.299716008424345,0.956735928184516,0.0108694250192577,-3.5805670869724,2.59429507633199,0.143106914711649,0.0153037600349615,0.0944935155096294
12643404,0.309422109142547,0.0549794601365677,-2.90079561556266,0.401312780221427,-0.913014155165719,-0.891533824377891,6.0190766608877,0.32972008830363,1.98333651125585,-1.84973339768528,0.423793603580681,0.192233624829345,-1.64904385066444,-0.453658773345013,0.0313362829886515,-3.46297865187525,0.361219331229087,-1.01826993941105,2.51274628017085,6.29638861857384,0.316642229393984,1.76209819549308,-3.02316962242887,0.166250424186472,0.148647456923315,-1.90617783749927,-0.763080882487561,-0.0236431771479162,-0.562183036312594,-0.0400934489923398,-0.105255784245328,3.40428010454874,0.277311957686147,-0.0130778589096462,-0.221238315762778,-1.1734362247436,-0.25754317939421,-0.0435861679060299,-0.25713398683483
12643461,-4.84800547930987,0.0760601695181557,-2.57623054774199,0.565749941970233,-0.569603097039891,0.415395051974165,5.53945996663345,0.13664100011644,2.69196842252956,-0.0451480305531068,0.424634298030184,0.0837380876557188,-2.48006135534024,-1.28314032872315,0.0371385315048542,-3.29310026328855,0.38980966888836,-0.942096687474492,-1.836888034442,5.98739308541978,0.211931690137786,2.6923867067815,-2.44454152031183,0.735526991569641,0.0936830476768537,-2.36783802737756,3.56486515058672,-0.0389216380133015,-0.716869715546557,-0.175940273081872,-0.372493590434601,-2.25228308641616,0.447933118786339,0.0752906900213458,0.000418284251948009,-2.39939348975872,0.310892693539457,0.00994496002113483,0.112223327962675
12643580,2.48744167523664,1.48008187468411,0.392097406978397,1.82855089019546,0.603523789882823,0.580587135388819,5.78325437202833,0.025222905874204,3.90328967894005,-0.0892234164556763,0.0240188137699851,0.183277254433125,-1.69675522112629,1.36354204512298,0.785279321685483,-0.241715800686842,7.58785897775701,2.02654946699719,0.0854395998489178,5.13748046582896,0.00171602777231199,0.331990346152909,1.60178837526121,-0.0175406910602957,0.284685244322593,-1.2563711149047,-1.12389963011366,-0.694802552998629,-0.633813207665238,5.75930808756155,1.42302567711437,-0.495147535539901,-0.645773906199378,-0.023506878101892,-3.57129933278714,1.69101179171689,-0.0415595048302808,0.101407989889468,0.440384106221592
12654538,-3.52723315226454,0.043947551662349,-3.12475836374398,0.428629674402425,-0.847161962682723,-0.428603513931451,5.42463308681494,0.0464300964610905,2.6640886447205,1.25998496229973,1.87285871227382,0.165958168132798,-1.79601952158274,-4.09965213478081,0.0418127588321432,-3.17455375080748,0.53877514357679,-0.618456968441061,-0.157211543252614,4.9956656963402,0.117891001554003,5.43278157711731,-1.24653074330965,0.954962864885675,0.126709042700249,-2.06586182324485,-0.572418982516265,-0.00213479283020584,-0.0497953870635004,0.110145469174365,0.228704994241662,0.271391970678836,-0.428967390474744,0.0714609050929121,2.76869293239681,-2.50651570560939,-0.917895847388146,-0.0392491254325488,-0.269842301662111
12654553,-6.15723877510513,0.134475505669042,-2.00637321050983,1.79690070861779,0.586063352305911,-0.149362381612891,5.95717013679988,0.17509925718292,0.0115129237363975,0.0510819155578864,1.49147500252307,0.248282472556386,-1.39318817874459,-6.66017016577551,0.120262475462686,-2.11807862932607,1.50944759478379,0.411743752625238,0.566501622963945,5.81685391038005,0.212759353615196,0.985391545823224,0.76015485750858,1.70799928853675,0.217450429237488,-1.52578436598096,-0.502931390670376,-0.0142130302063555,-0.111705418816242,-0.287453113833997,-0.174319599680673,0.715864004576836,-0.140316226419833,0.037660096432276,0.973878622086827,0.709072941950693,0.216524286013674,-0.0308320433188977,-0.132596187236375
12654558,-4.51149102249059,0.0434133532898478,-3.13698820570982,0.41923065061796,-0.86933403171606,1.64970047434764,7.3038858440093,0.0806549133006564,-4.79067589194116,0.228211538043591,0.505121210045231,0.146239824417517,-1.9225073719231,-1.72709779735083,0.0420519387929186,-3.16884978677902,0.484059635324575,-0.725547166375135,2.60562758933801,6.31098659263593,0.121925430046044,1.51449763987364,-2.16468673249842,0.32205465771342,0.156602487935804,-1.85404460834982,2.78439322513976,-0.00136141449692926,-0.0318615810691911,0.0648289847066151,0.143786865340925,0.95592711499037,-0.992899251373368,0.041270516745388,6.30517353181481,-2.39289827054201,-0.183066552331812,0.0103626635182863,0.0684627635732737
12654559,-4.598066791718,0.102780629316608,-2.27515837448868,0.818417352179937,-0.200382862003586,0.51419706362088,6.15908243822855,0.172197101372987,-1.79605414682846,0.819619347488351,1.18547652586175,0.147784504564108,-1.91200011653179,-0.150364815596475,0.0444546936813624,-3.11328472796562,0.471717793993971,-0.751374366287094,-0.213919227399552,6.2915359764383,0.28226761337403,1.06861747368507,-1.93452602988096,1.21684073051724,0.185818311905938,-1.68298590037628,4.44770197612153,-0.0583259356352456,-0.838126353476943,-0.346699558185966,-0.550991504283508,-0.728116291020433,0.132453538209753,0.110070512001043,2.86467162051353,-2.75414537736931,0.0313642046554834,0.0380338073418294,0.229014216155515
12654589,-2.82526176302467,0.0303972620184698,-3.49340273980799,0.504623764226851,-0.683942148706059,-0.703351183313075,6.64367114534143,0.0683878515944034,-0.940201050596285,-1.49160368820959,1.05074465696282,0.13011205013656,-2.03935927564247,-2.03177064369857,0.0359520644171057,-3.32556877178772,0.612796719606089,-0.489722013693306,-0.986555087780893,6.61593936338648,0.129476430435825,1.88983192978129,-4.32230862114752,0.610785030865533,0.122184641561764,-2.10222192294401,0.793491119326105,0.00555480239863594,0.167833968020271,0.108172955379238,0.194220135012753,-0.283203904467818,-0.0277317819549472,0.0610885788414212,2.83003298037757,-2.83070493293793,-0.439959626097287,-0.00792740857479618,-0.062862647301547
12654595,-4.7449208208815,0.0443356546318448,-3.11596608068244,1.12755945153081,0.120055519635017,1.60281066971132,6.32495832710548,0.11316619615027,-1.40513939738233,-0.938826001628395,1.0885992596926,0.10033074510414,-2.29928309953835,-3.49635196836108,0.0390311954917155,-3.24339406818657,0.584319429085755,-0.537307478073577,2.51749833182687,6.60439476318712,0.0770285175747251,-0.775669252736979,-2.47551796040747,0.817929535664081,0.111873221597454,-2.19038899884907,1.24856885252042,-0.00530445914012936,-0.127427987504133,-0.54324002244505,-0.657362997708594,0.914687662115557,0.27943643608164,-0.0361376785755448,0.62947014464535,-1.53669195877907,-0.270669724028521,0.0115424764933146,0.108894100689287
12654607,-2.85856055346843,0.0474552955576947,-3.04796715725145,0.550125087848693,-0.597609594162291,-2.13771915174029,5.56033359875317,-0.0119178366504093,1.17574153179669,0.585160525081324,1.29221401026027,0.169049329410566,-1.77756471664731,-0.35668338891944,0.0225367242341267,-3.79260911215985,0.346743052135567,-1.05917125708797,0.425286208737935,5.84426706146203,0.328058590197917,2.50289387408858,-2.37479518217634,1.0390513374774,0.166785228239561,-1.791048352694,2.50187716454899,-0.0249185713235679,-0.744641954908401,-0.203382035713126,-0.461561662925675,2.56300536047823,0.283933462708868,0.339976426848327,1.32715234229189,-2.95995570725767,-0.253162672782874,-0.00226410117100539,-0.0134836360466846
12654665,-5.04937678114274,0.0578786796021608,-2.8494061901577,1.2525293289464,0.225164970027195,-1.07955478520825,6.81551633076544,-0.0340835908163108,-1.87253705902588,0.00431481085564248,1.07746745970688,0.116306286283865,-2.15152816860647,-3.80222688927856,0.0315682507538467,-3.45560338644127,0.59884934762619,-0.512745218966872,-0.227964817963858,7.3688647387188,-0.0349050684322115,-2.42429754862734,-3.85603075674679,1.06912660879208,0.147468879138347,-1.91413811435611,1.24714989186418,-0.026310428848314,-0.606197196283571,-0.653679981320209,-0.737910188994067,0.851589967244396,0.553348407953356,-0.0008214776159007,-0.55176048960146,-3.86034556760244,-0.00834085091480663,0.0311625928544818,0.237390054250354
12654672,-4.98524826978122,0.0899520343754755,-2.40847870210455,1.19985122173991,0.182197567224161,0.894840414383378,6.14251114979215,0.0590709059158247,0.221788830164826,0.296976960819686,1.06433179518047,0.173458431940705,-1.75181729365655,-2.29445506993574,0.0537788767762963,-2.92287451388767,0.830495321548097,-0.185732983240143,1.46507209880083,6.86916690138617,0.212971992050201,-0.193323147078752,-3.82002438291926,0.7295300381564,0.182837327221537,-1.69915844375311,2.69079319984548,-0.0361731575991792,-0.514395811783125,-0.369355900191817,-0.367930550464304,0.570231684417448,0.726655751594018,0.153901086134377,-0.415111977243578,-4.11700134373894,-0.334801757024069,0.00937889528083269,0.0526588499034422
12654676,0.366114136284262,2.61142855079954,0.95989740907117,0.244182441693875,-1.40983962122604,2.98283395585907,4.57343934446158,-0.117638074199304,4.004960742957,2.59842770081614,-0.0853559250127539,0.352872089274332,-1.04164964104518,0.263387572422314,0.0684733970636568,-2.68130997318101,0.403315892550798,-0.908035171603998,-0.255942424057318,5.96260358362539,0.0928346007007649,1.46416615085882,-0.13953404910415,0.600156326189349,0.223841547120825,-1.49681685636251,-0.102726563861947,-2.54295515373588,-3.64120738225218,0.159133450856923,0.501804449622044,-3.23877637991639,1.38916423916381,0.210472674900069,-2.54079459209818,-2.73796174992029,0.685512251202103,-0.129030542153507,-0.455167215317331
12654700,-0.276639366614244,0.0221044274686078,-3.81197735257734,0.5066905715769,-0.67985477417902,-2.17724488659803,6.65777696016156,0.408711131285941,1.59000782984934,-3.43295715048399,1.07807744876872,0.10389891760995,-2.26433679854479,-3.74795211581606,0.0305479785629382,-3.48845676370634,1.04593087370356,0.0449072771334665,-1.12988113859093,7.0412710646096,0.0779298875378782,-1.16737388182376,-4.33512090489794,1.1599134324591,0.110252423562921,-2.20498278246667,-3.47131274920182,0.00844355109433043,0.323520588871006,0.539240302126661,0.724762051312486,1.0473637480071,0.38349410444804,-0.330781243748063,-2.7573817116731,-0.902163754413948,0.0818359836903781,0.00635350595297163,0.0593540160781263
12654706,-4.58093576523944,0.0310916693478868,-3.47081536230706,0.50117408257297,-0.690801768045535,0.791374358812389,6.01508700595558,0.116276243975231,-1.17764956291741,-0.839196387631932,1.39106448878996,0.107614372300984,-2.22920106860386,-0.372636432220004,0.0221760483122505,-3.80874247739429,0.215024001188892,-1.53700562364832,-1.15038294017185,5.84457613361025,0.348784492311157,2.7660292895592,-2.88570328268892,1.38482299520868,0.105218281519149,-2.25171821507716,4.20829933301944,-0.00891562103563627,-0.337927115087236,-0.286150081384078,-0.846203855602782,-1.94175729898423,-0.17051087234533,0.232508248335926,3.94367885247661,-2.04650689505699,-0.00624149358127624,-0.00239609078183507,-0.0225171464733047
12654716,-4.14891686157737,0.0492436714245341,-3.01097441861497,0.742694883761665,-0.297469973031751,0.914102133282317,6.39980290021613,-0.0275911850705844,-1.60966654822165,-0.453195990989187,1.57691182479495,0.208557358624821,-1.56754117425862,-0.752548045798638,0.050404808204903,-2.98766870756426,0.595410392114068,-0.518504376548636,0.576571763481807,6.04816243157769,0.0804943112326534,0.857959279357069,-0.77339000969235,0.973599930942783,0.161041239965704,-1.82609479794289,3.39636881577873,0.00116113678036888,0.0233057110507162,-0.147284491647598,-0.221034403516885,-0.33753036980051,-0.351640468638442,0.108085496303238,2.46762582757872,-0.320194018703164,-0.603311893852169,-0.0475161186591168,-0.258553623684262
12654751,-1.29916073561107,0.117761190078004,-2.13909651809133,0.571843460028706,-0.558889996335643,1.5656818150228,5.08482098189625,0.0792200041839473,2.79128671222033,-0.11903273847872,0.278724783858717,0.129846664329736,-2.04140102984611,-2.62170280415634,0.0974336897369396,-2.32858323761699,0.733463580621155,-0.309977334136679,0.652381948143922,6.23626654329648,0.00588071985585747,1.90220172780188,-5.14449880276531,0.535070280560018,0.117657140900295,-2.1399804695156,-1.32254206854527,-0.020327500341064,-0.189486719525662,0.161620120592449,0.248912662198965,-0.913299866878882,1.15144556140023,-0.0733392843280898,-0.889084984418442,-5.02546606428659,0.256345496701301,-0.0121895234294408,-0.0985794396694848
12654753,-5.82209549804358,0.0962551532546437,-2.34075276693949,1.18327180390167,0.168283316764522,0.694614926067805,5.78404235298343,0.329818839012446,1.3124272927864,0.239889554774593,0.754909929054786,0.11774872246693,-2.13920239568222,-3.66077381769884,0.0298356804954833,-3.51205026963796,0.533413632080212,-0.628458110605018,-0.873735776585838,6.63737939823069,0.11343397345922,-0.259103620066048,-2.8938096284203,0.737461908203284,0.117589682193494,-2.14055398381656,2.16132168034473,-0.0664194727591605,-1.17129750269848,-0.649858171821454,-0.79674142736954,-1.56835070265364,0.853337045247254,-0.216384865553226,-1.57153091285245,-3.13369918319489,-0.0174480208515017,-0.00015904027343587,-0.00135158813434177
12654780,-0.552771021027063,0.0359173178759072,-3.32653570771501,0.517032709968726,-0.659649137676784,-1.65382110929121,6.17348215494691,0.277607386086514,1.25700859679681,-2.35943343402243,0.579163853640065,0.119725846604263,-2.12255076153801,-1.71120245754862,0.072775938298143,-2.62036989629522,0.74581183408133,-0.293281943729449,-1.47676728976053,6.27617181144894,0.194634999236676,2.27827151454352,-5.2316032183054,0.485697676250365,0.159332419439219,-1.83676257091236,-1.15843143652156,0.0368586204222358,0.706165811419788,0.228779124112604,0.366367193947335,0.177053819530688,0.102689656502034,-0.0829723868498378,1.02126291774671,-2.87216978428297,-0.0934661773897006,0.0396065728349557,0.285788190625652
12654788,-3.55717269431097,0.0717498561506553,-2.63456942921333,0.593815618501876,-0.521186414368079,1.24016937134665,6.96938076492461,-0.0444011141748387,-1.01200245055173,-2.69995402710947,0.568313284528254,0.165579170843912,-1.79830582487,-2.9497373009718,0.0655337143444305,-2.72519054594955,0.8101726733156,-0.210507877101787,1.60147632104595,5.81127022125442,0.0994282603750404,3.88846167024205,-2.48920044181602,0.538777474238622,0.151596885791258,-1.88653034825889,0.607435393339174,-0.00621614180622485,-0.0906211167362159,0.216357054813724,0.310678537266292,0.361306949699301,-1.15811054367019,0.143829374549879,4.90046412079378,0.210753585293451,-0.0295358102896324,-0.0139822850526546,-0.0882245233888845
12654809,-5.59127216432584,0.101184216320228,-2.29081249950775,1.20659622203575,0.187803355937036,0.137439609353329,7.14396203218902,0.145020525841538,-3.3389606239336,-0.0364000499620976,0.407488134502892,0.0910321546551558,-2.39654248701909,-3.17831423178869,0.0409484013395199,-3.19544250877308,0.682805183250914,-0.381545696920609,2.0587124133308,7.30034182174229,0.063647265569147,-1.1690654304516,-4.69055437195444,0.44208432375201,0.159436816972988,-1.83610756706897,2.41295793253715,-0.0602358149807083,-0.904630009265329,-0.523791038784837,-0.569349052857645,1.92127280397747,0.15637978955327,-0.0813732602723913,2.16989519348201,-4.65415432199234,0.0345961892491182,0.0684046623178323,0.560434919950112
12654814,-2.42064641825754,0.0616325930839505,-2.78656443986552,1.35156460913218,0.301262891090928,-1.59520025975873,6.07611070210869,0.0811111075380118,1.76946927266017,-4.23029097118863,0.315079551230609,0.0870145609641451,-2.44167980692795,-1.88841466129006,0.0770587040003712,-2.56318775798458,0.894887267463168,-0.111057526782386,-0.99027342934109,6.06208491471651,0.0828141788237092,1.8662068111662,-2.15358321526726,0.330349279746326,0.185107946527728,-1.6868161293262,0.532231756967479,0.0154261109164207,0.223376681880942,-0.456677341669014,-0.412320417873315,0.604926830417641,-0.0140257873921774,0.00170307128569738,0.0967375385060221,2.07670775592137,0.0152697285157175,0.098093385563583,0.754863677601745
12654823,-4.63057384843467,0.0584652334806178,-2.83932300088688,0.471386712603408,-0.75207647597239,-1.48580005022134,5.95618110204866,0.00971476814490248,0.558628209483163,0.0432767936160279,0.354781057807698,0.0925870243529096,-2.37960627292705,-3.48951239287537,0.0683327627216926,-2.68336593896096,0.64154713910899,-0.443872614993286,-0.496281296668738,5.56061152415288,-0.0483266001910411,3.82050154887407,-3.37000614746958,0.347605146035141,0.096353335344542,-2.33973326775629,1.1410614555593,0.00986752924107485,0.15595706192592,0.170160426505582,0.308203860979104,0.989518753552607,-0.39556957789578,-0.0580413683359436,3.26187333939091,-3.4132829410856,-0.00717591177255722,0.00376631099163247,0.0398730051707661
12654828,-2.74676721117911,0.0228773340660446,-3.77760863735176,0.694597681438242,-0.364422476658958,0.397204157825962,6.57403414507172,0.0164321022624724,-0.527860042285109,-0.473533586708841,0.427446594825896,0.0645980988998989,-2.73957029742075,-3.50332824866806,0.0240565512099152,-3.72734791994372,0.592639191819987,-0.523169510659984,0.301708675813165,7.17478487956577,0.0469397404952432,-0.661142115370878,-6.67699926124102,0.444551687738088,0.0726339314789321,-2.62232309059454,-0.756561037488948,0.00117921714387056,0.0502607174080318,-0.101958489618255,-0.158747034001026,-0.0954954820127971,0.600750734494053,0.0305076382327708,-0.133282073085768,-6.20346567453218,0.0171050929121921,0.00803583257903315,0.117247206826207
12654834,-3.52760003737371,0.0379427151906741,-3.27167775165181,0.482889844728804,-0.727966716083961,-1.77211294967576,6.18065611193743,-0.0371411537618338,0.613885189355691,-0.0457155432937166,0.726262300306066,0.0929022287125573,-2.37620764300278,-2.45420310998923,0.0312767058634802,-3.46488168012046,0.49691202537745,-0.699342279866837,0.761859483755099,6.5374906811143,0.113255014989933,1.13194691671144,-3.98879320026143,1.11014052308171,0.11960089092586,-2.12359498828047,1.07339692738447,-0.00666600932719388,-0.193203928468649,0.0140221806486467,0.0286244362171235,2.53397243343086,0.356834569176876,0.150396168751767,0.51806172735575,-3.94307765696772,0.38387822277564,0.0266986622133028,0.252612654722303
12654847,-0.495202816036658,0.0371450612105479,-3.29292445849851,0.611989665309775,-0.491039883361127,0.456484674300097,6.75026643200897,0.240375467598834,0.671344448144237,-2.26133048970132,0.799136387686022,0.176510551614488,-1.73437462187735,-3.69003662375333,0.0243711964118016,-3.71435331891849,0.422942353213664,-0.860519390041695,-0.965665523747499,6.18611472359738,0.00750284353787279,2.22043835196432,-2.95192579353542,1.2342288280246,0.212557558720448,-1.54854246272804,-3.19483380771667,-0.0127738647987462,-0.421428860419987,-0.189047312096111,-0.369479506680568,-1.4221501980476,-0.564151708411583,-0.232872624060961,1.54909390382008,-0.690595303834093,0.435092440338577,0.0360470071059603,0.18583215914931
12654859,-5.98624475959511,0.133594783454496,-2.01294406464119,0.82928920625631,-0.187186323097068,0.844164281141686,6.21286529270417,0.182264340222368,0.344895920211521,-0.00605783743054852,0.586871391176398,0.223682881203395,-1.49752593910319,-2.21067581957849,0.0542502834689134,-2.91414706134179,0.363200744856996,-1.01279958143938,1.8436878933396,6.91924398647421,0.0396978539563866,-1.26263104856788,-1.33916542971633,0.512484442634501,0.2225250750043,-1.50271548707709,3.77556894001662,-0.0793444999855821,-0.901202996700601,-0.466088461399314,-0.825613258342314,0.999523612197917,0.70637869377004,-0.142566486265982,-1.6075269687794,-1.33310759228578,-0.0743869485418973,-0.00115780619909467,-0.00518954797390703
12654867,-5.16035413046698,0.0386065166036654,-3.25433419283135,0.468276990388521,-0.758695298339895,-1.4458626913995,6.31937992292191,-0.00532808214089709,1.91697200873122,-0.380305450218493,NaN,NaN,NaN,NaN,NaN,NaN,NaN,NaN,NaN,NaN,0,0,0,2,0.135335283236613,-2,NaN,NaN,NaN,NaN,NaN,NaN,NaN,0.00532808214089709,-1.91697200873122,0.380305450218493,NaN,NaN,NaN
12654884,-4.22713885218732,0.0457166335298752,-3.08529307509646,0.683185277884954,-0.380989185503196,0.975238905369541,6.8186740217561,0.0947379437751414,-2.63152262881667,-1.21749649662893,1.25285739157148,0.119554929148229,-2.12397935507684,-4.0621360315179,0.0457158649179006,-3.08530988776127,0.626125849820638,-0.468203890035342,0.406402841519385,5.67460341877651,0.132585353062589,2.35278968760555,-2.4749247871404,0.976142967776691,0.0958065976421353,-2.34542372746086,0.165002820669419,-7.68611974580335e-07,-1.68126648105726e-05,-0.0570594280643153,-0.0872147045321457,-0.568836063850156,-1.14407060297959,0.0378474092874471,4.98431231642222,-1.25742829051147,-0.276714423794794,-0.0237483315060936,-0.22144437238402
12654914,-4.07884961604356,0.0539215372394473,-2.92022530315081,0.81087250769444,-0.209644441053839,2.24498586211973,6.21037479194802,0.0709955636063593,-0.511892053021976,0.658738367467312,0.885663438898851,0.155748361930558,-1.85951363866967,-3.27475925188558,0.0433530786110388,-3.13837756072153,0.34953561062624,-1.05114983229489,2.42745463732023,6.99596064804575,0.0143337230376687,-0.256237528594274,-4.13437504034626,0.509806633754766,0.221168545567613,-1.50883021850662,0.804090364157978,-0.0105684586284085,-0.21815225757072,-0.4613368970682,-0.841505391241055,0.182468775200504,0.785585856097732,-0.0566618405686906,0.255654524427703,-4.79311340781358,-0.375856805144085,0.0654201836370554,0.350683420163045
12654926,-6.23585297671163,0.102840182851318,-2.27457911856855,2.9469355684444,1.08076584007725,-1.5535781987071,6.09583384544954,-0.0567895853100153,0.390693070026597,0.24644956591341,0.477148424406228,0.104529270777549,-2.25828814366439,-3.20198199495112,0.0313993100568777,-3.46096935902023,0.817911631335143,-0.201000978367704,-2.29485035805816,6.48658431590526,0.0117368981953519,1.19129874482603,-5.9656111758295,0.687514474583993,0.2112195364892,-1.55485722911182,3.0338709817605,-0.0714408727944399,-1.18639024045168,-2.12902393710925,-1.28176681844496,-0.741272159351062,0.390750470455724,0.0685264835053672,0.800605674799432,-6.21206074174292,0.210366050177765,0.106690265711652,0.703430914552575
12654929,-3.82037776396267,0.0473928599137822,-3.04928369635799,0.97036652571049,-0.0300814172992018,0.876532256883889,6.99512231864915,0.0608588097426482,-2.67486895480042,-3.26140233481687,0.931761663024031,0.0606957602065377,-2.80188143168341,-3.69208745638562,0.047822585479383,-3.04025725150881,0.732631055741527,-0.311113038406326,1.86339215362974,6.75742127918342,0.0734889268728016,-0.321043199422772,-2.9399627534522,0.789243299432037,0.0647552389840091,-2.73714067072566,0.128290307577055,0.000429725565600843,0.00902644484917525,-0.237735469968963,-0.281031621107124,0.986859896745851,-0.237701039465729,0.0126301171301534,2.35382575537765,0.321439581364669,-0.142518363591994,0.00405947877747139,0.0647407609577564
12655017,-1.28889802045851,0.0510114157038892,-2.97570583397449,0.792570345999197,-0.232474012502294,1.2796933274432,5.6333668404154,0.0664994539228536,1.34098677846613,0.2932606507054,1.15547706193034,0.16785139720826,-1.78467623144263,-0.738478982399471,0.0187298561488552,-3.97763644280896,0.284970572219607,-1.25536935941449,2.43014756705656,6.47079465137394,0.334253346622363,2.33600264449089,-3.9864340987097,1.13332739630494,0.0849825169141211,-2.46530972701083,0.550419038059041,-0.0322815595550341,-1.00193060883447,-0.507599773779591,-1.0228953469122,1.15045423961336,0.837427810958538,0.267753892699509,0.995015866024765,-4.2796947494151,-0.0221496656253966,-0.0828688802941386,-0.680633495568194
12655020,-3.22914791173066,0.0407605776141571,-3.20003989962505,0.5141842276546,-0.66517365818244,-1.77099940142305,7.03244538214396,0.0140497268348261,-1.74379869804049,-1.70257670043311,0.600433416695467,0.205571474189443,-1.58196149924177,-3.86777912410806,0.0981558851020333,-2.3211983997716,0.563244930096583,-0.574040700870378,-0.918687621641932,5.25504729032413,-0.00563243297901382,5.61835379746882,2.76540923315664,0.517005306233627,0.209837244219555,-1.5614230762797,-0.638631212377397,0.0573953074878762,0.878841499853455,0.0490607024419825,0.0911329573120621,0.85231177978112,-1.77739809181983,-0.01968215981384,7.36215249550931,4.46798593358975,-0.0834281104618396,0.00426577003011139,0.0205384229620662
12655032,-6.24101268884536,0.132840977436511,-2.01860252450223,2.86412306041562,1.05226221619751,-0.00554798361101032,5.6198870891141,0.439017412804376,2.20125467851054,0.138814309364933,0.850913228129812,0.0768206707011803,-2.56628152528786,-2.07737755635782,0.0594583655060526,-2.8224789507565,0.920274775368094,-0.0830829846533591,-0.0716899966520889,6.2244874090546,0.243948101427072,3.47827226079014,-3.4224906915155,0.740989042128184,0.115495573801375,-2.15852307182061,4.16363513248754,-0.0733826119304587,-0.80387642625427,-1.94384828504753,-1.13534520085087,-0.0661420130410786,0.604600319940501,-0.195069311377305,1.2770175822796,-3.56130500088043,-0.109924186001628,0.0386749031001952,0.407758453467245
12655047,-0.29670531543583,0.0453055851088966,-3.09432496250581,0.456448861855016,-0.784278607445477,-0.628886327301175,6.00012265188093,0.0410920462473459,0.643794693073534,-0.112816216744289,0.592553061394387,0.131160989973964,-2.03132977919974,-2.6578740875416,0.0403778449759524,-3.20947403612109,0.46148664412725,-0.773302165593974,-1.71540812564239,6.31997014420328,0.0373984488218615,1.76565507432321,-4.01232509978154,0.506797198678798,0.147142207655715,-1.9163557608138,-2.36116877210577,-0.00492774013294416,-0.115149073615283,0.00503778227223411,0.0109764418515026,-1.08652179834122,0.319847492322346,-0.00369359742548443,1.12186038124967,-3.89950888303725,-0.0857558627155893,0.0159812176817511,0.114974018385946
12655060,-0.154594705915887,0.735168657043129,-0.307655340727649,2.26125613459393,0.815920470645269,-0.0520166331849123,6.44559066808834,-0.00154356213448932,-0.684432782245952,-1.42851446904633,-0.39039823919807,0.244799977745713,-1.407313819252,2.13746751917515,1.03022069328889,0.0297730446190296,1.15473136843914,0.143867735484526,0.324990239524306,5.47965723397154,0.00456288748344601,5.51290580599137,0.559136228868576,0.179098939999616,0.245948872837104,-1.40263159864576,2.29206222509103,0.295052036245764,0.337428385346679,-1.10652476615479,-0.672052735160743,0.377006872709219,-0.965933434116797,0.00610644961793533,6.19733858823732,1.98765069791491,0.569497179197686,0.00114889509139091,0.00468222060624068
12655080,-5.79676416328917,0.154707410220705,-1.86621962196399,1.35421064094153,0.30321873177117,-0.814389999201387,6.49900940682232,0.328327077515222,-0.468934701098974,-0.0928827182576802,0.712597086951189,0.279165171924399,-1.27595165826602,-5.03751268346019,0.116403731503706,-2.15069068660666,1.05486329729141,0.0534111825052323,-0.849164049397355,6.04752361742688,0.442858037863741,1.55992920658632,-0.298751914047801,0.727347134727904,0.236371072880731,-1.44235236607815,0.759251479828981,-0.0383036787169991,-0.284471064642673,-0.299347343650122,-0.249807549265937,-0.0347740501959681,-0.451485789395448,0.114530960348519,2.0288639076853,-0.205869195790121,0.0147500477767146,-0.0427940990436678,-0.166400707812129
12655147,-2.20842770288152,0.0394552937899667,-3.23258705083317,0.451129868173804,-0.796000024891366,2.58473340029108,6.05112115752015,-0.0258238334655192,-0.367292677580863,1.61578930496609,0.672184547351537,0.0742788127934608,-2.5999295254813,-4.31102156665658,0.0625365954371119,-2.77200336660004,0.652250272495313,-0.427326937187981,2.22175517388597,6.34308526575966,0.0502682369200361,-1.05663074371925,-0.0936634381133721,0.623305412891285,0.059680379375116,-2.81875196628519,-2.10259386377506,0.0230813016471452,0.460583684233133,0.201120404321509,0.368673087703384,-0.362978226405109,0.291964108239511,0.0760920703855553,-0.689338066138389,-1.70945274307946,-0.0488791344602517,-0.0145984334183448,-0.218822440803888
12655151,-4.88497241198277,0.0498914040268161,-2.99790655505547,0.710283874663523,-0.342090565385129,0.0027742484640319,6.25979175465224,0.102802997404699,-2.44159306310159,-1.05814795009119,1.03057816034975,0.0792642766371786,-2.53496773560787,-3.71933507855092,0.0299719044940951,-3.50749485298939,0.551333474015314,-0.595415436899809,2.64290196024408,6.64361175939127,0.0167012220211123,-1.63881233480817,-4.99639311559732,0.604972668382497,0.0753895608760107,-2.58508646347358,1.16563733343185,-0.0199194995327211,-0.509588297933915,-0.158950400648209,-0.253324871514679,2.64012771178004,0.383820004739024,-0.0861017753835871,0.802780728293425,-3.93824516550613,-0.425605491967252,-0.00387471576116788,-0.0501187278657134
12655179,-3.46198291900734,0.0495150161241312,-3.00547929936758,0.585659969309228,-0.535015914970946,2.01835101944233,6.74168431294043,0.0308707337057915,-0.911711124811167,-2.29903792433026,0.365020558773637,0.154218591939063,-1.86938425482869,-1.97696192667029,0.0909751222095647,-2.39716919215352,0.776466239275665,-0.253002115412431,0.588887170479913,7.01469603871195,0.0800475528572293,-0.549657267768143,-3.14723571534034,0.49667868342391,0.159921570953998,-1.83307176546407,1.48502099233705,0.0414601060854335,0.608310107214059,0.190806269966438,0.282013799558515,-1.42946384896242,0.273011725771519,0.0491768191514378,0.362053857043025,-0.848197791010072,0.131658124650274,0.00570297901493513,0.0363124893646181
12655180,-1.78804339671125,0.0475857472550278,-3.04522198999748,0.170843213226716,-1.76700902478774,0.895394283473505,6.40049331489956,0.156396176156781,1.34188596355525,-2.20163105997874,0.325905339103393,0.165116383703947,-1.80110469794653,-3.74163388323087,0.072810359305374,-2.61989703575218,0.411678365759642,-0.887512900142645,-1.19250221926084,6.23078635558921,0.112310835727723,0.932733783682473,-2.06276426361692,0.522348246910483,0.151019172757116,-1.89034847832603,-1.95359048651962,0.0252246120503462,0.425324954245307,0.240835152532926,0.879496124645093,-2.08789650273434,-0.169706959310344,-0.0440853404290579,-0.409152179872781,0.138866796361818,0.19644290780709,-0.0140972109468313,-0.089243780379501
12655181,-2.41782071350473,0.0308228163217559,-3.47950007358444,0.567446627605586,-0.56660858232149,-1.53295565328704,5.9800212798921,0.0650063895682921,2.0218869149835,-1.32934032437164,1.18666660269298,0.107372867897233,-2.23144775547805,-3.06234892676409,0.0511944004619548,-2.97212511889502,0.782580128916271,-0.245158960639518,-1.20428607585696,6.07937093511386,0.0690873073533102,3.05705301475211,-3.59497339725723,0.930245331833399,0.115562182262442,-2.15794651932529,-0.644528213259359,0.0203715841401989,0.507374954689428,0.215133501310684,0.321449621681972,0.328669577430088,0.0993496552217596,0.00408091778501814,1.03516609976862,-2.26563307288559,-0.256421270859586,0.00818931436520846,0.0735012361527589
12655236,-2.79423529290888,0.0515187958728988,-2.96580856949141,0.504657508564594,-0.683875280651206,1.43216416485112,5.7608976101745,0.102125112767903,2.63316004398102,-3.29212324866004,0.697181838073327,0.110847314964004,-2.19960156545942,-2.09654980139889,0.0403786507074155,-3.20945408152905,0.364171931633268,-1.01012918321082,-0.190066390752322,6.4033992592258,0.12949324161101,1.49045614055632,-4.37596396580268,0.881780461785146,0.170026758515282,-1.77179945128736,0.69768549150999,-0.0111401451654833,-0.243645512037638,-0.140485576931325,-0.326253902559612,-1.62223055560344,0.642501649051304,0.0273681288431071,-1.1427039034247,-1.08384071714265,0.184598623711819,0.0591794435512785,0.427802114172063
12655291,-3.33324098283205,0.0233467118520124,-3.7572991248256,0.593320760491254,-0.522020114771911,0.978608971481703,6.36803114031078,0.00899258763448519,-1.95704638878687,2.07494302090739,0.981964448273503,0.0820122934369253,-2.50088612299225,-2.39209936605516,0.0211164704666783,-3.85770195216486,0.446726046966692,-0.805809742570952,1.76907626604824,6.17176558040383,0.155146504064022,1.99365691254996,-4.61682687706629,1.21594422405241,0.119584687017153,-2.12373048063642,0.941141616776896,-0.00223024138533406,-0.100402827339258,-0.146594713524562,-0.283789627799041,0.790467294566534,-0.196265559906959,0.146153916429537,3.95070330133683,-6.69176989797369,0.233979775778902,0.0375723935802276,0.377155642355834
12655423,-2.53890986778251,0.133228953916646,-2.01568617275108,0.898660786818296,-0.106849638497433,-0.451173672628698,6.14429674418567,0.0376561589711846,0.300546159907471,-1.87234100477146,0.468181382783097,0.201611280253764,-1.60141379071057,-3.52726679656382,0.17548748255092,-1.74018756311611,0.82120308242724,-0.196984840279815,-0.062551448542468,6.45628647741469,0.0616668683279717,-0.121501494217848,-2.89324375447797,0.334255376600512,0.152313542478011,-1.88181410328358,-0.98835692878131,0.0422585286342743,0.275498609634963,-0.0774577043910561,-0.090135201782382,0.38862222408623,0.311989733229017,0.024010709356787,-0.422047654125318,-1.02090274970651,-0.133926006182585,-0.049297737775753,-0.280400312573016
12655440,-5.47000495284847,0.0531947461241035,-2.93379564457706,1.67619052022975,0.516523671154061,-2.6600662940565,5.73755624366881,0.109038157755789,0.831711906277396,-0.202634343633328,1.1277832242065,0.158099572076746,-1.84453024143232,-7.72629652869529,0.107085190731718,-2.23413058623668,2.50941524482841,0.920049755814037,-1.33742497830597,5.76801880975569,0.04341307481868,2.53045762093784,3.05788644552249,1.11822218292939,0.218066475542645,-1.52295532899402,-2.25629157584682,0.0538904446076144,0.699665058340381,0.833224724598653,0.403526084659976,1.32264131575053,0.0304625660868787,-0.0656250829371087,1.69874571466044,3.26052078915582,-0.00956104127710944,0.0599669034658989,0.321574912438305
12655454,-3.36388213721862,0.031638878443824,-3.45336858412486,0.711176306942285,-0.34083490953551,-0.014798883712418,7.33886316240738,-0.0468057960021935,-1.57960851680757,-4.62880778478513,1.05283616895144,0.0946775068679078,-2.35727882687668,-4.10317500100843,0.040736330534331,-3.20063494258048,0.514946594109032,-0.663692084454857,0.691577890209749,6.85800256584799,0.0286503447850677,-0.478015712112867,-0.459334547760663,1.08617705743054,0.0863510384222206,-2.44933444872672,-0.739292863789808,0.00909745209050697,0.252733641544383,-0.196229712833252,-0.322857174919347,0.706376773922167,-0.480860596559398,0.0754561407872611,1.1015928046947,4.16947323702447,0.0333408884791091,-0.00832646844568719,-0.0920556218500441
12655458,-3.65432129181163,0.0441225803229363,-3.12078360210624,0.467592892171209,-0.760157250160129,0.867702425628834,6.90207090621686,0.0624158810528112,-2.4557491351708,-3.17152682166119,0.223577677134327,0.0831438438695651,-2.48718311252943,-0.314609083648916,0.0389178976461332,-3.24630104043747,0.323565008407739,-1.12835523188265,2.49415523489878,6.63179028452567,0.200698783309862,0.669081513715731,-1.52496811637886,0.337629825412645,0.123848676462375,-2.08869480972175,3.33971220816271,-0.00520468267680312,-0.125517438331236,-0.14402788376347,-0.36819798172252,1.62645280926994,-0.270280621691198,0.138282902257051,3.12483064888653,1.64655870528233,0.114052148278318,0.0407048325928101,0.398488302807678
12655519,-0.0680270569631733,0.0400231440592002,-3.21829739071349,0.549531390650854,-0.598689380926852,0.0815804691029375,5.97193363656445,0.2963541171077,1.28923615832676,-1.40425551488642,0.669721489323686,0.135804618777012,-1.99653805282317,-2.04544420784462,0.0261128916852335,-3.64532615229875,0.802370654225981,-0.220184615503225,1.91889212057834,6.18632154813186,0.121204413897602,2.0116950117181,-3.85674354804413,0.570165337596639,0.156727408865156,-1.85324723192806,-1.97741715088144,-0.0139102523739667,-0.427028761585255,0.252839263575127,0.378504765423627,1.8373116514754,0.214387911567409,-0.175149703210098,0.72245885339134,-2.45248803315771,-0.0995561517270477,0.020922790088144,0.143290820895108
12655548,-0.737007165727494,0.0786778463467493,-2.54239365814463,1.09405786878794,0.0898935991163065,0.586979035785419,5.80608858065805,0.0209607878276704,1.98390707326092,2.01802462498769,0.0671639287176925,0.165680438116172,-1.79769441754671,-3.57534866166172,0.105305057119684,-2.25089383516745,1.13529499911636,0.126892528278057,1.34455304928641,6.23741548829048,0.0697792735895148,3.28737080605839,-0.0258690884645336,0.0049396318180039,0.255992801234293,-1.3626059550765,-2.83834149593422,0.0266272107729345,0.291499822977181,0.0412371303284138,0.036998929161751,0.757574013500993,0.431326907632426,0.0488184857618444,1.30346373279746,-2.04389371345223,-0.0622242968996886,0.0903123631181211,0.435088462470214
12655627,-0.952474166678378,0.0367664113224876,-3.30317058640618,0.519833257822741,-0.654247176861634,1.64607478382763,5.69890641754222,0.188432131777465,2.36612227841356,-1.60205510107981,1.21178417819453,0.150762005758738,-1.89205280635532,-0.568948857521992,0.0696185361390956,-2.66472442326208,0.882462101108447,-0.125039436016452,0.329182836907577,5.51086796718418,0.0630982947342405,2.27368809990891,0.314304507439303,0.986634480807065,0.156706253527483,-1.85338222277457,0.383525309156387,0.0328521248166079,0.638446163144096,0.362628843285706,0.529207740845183,-1.31689194692005,-0.188038450358034,-0.125333837043224,-0.0924341785046439,1.91635960851911,-0.22514969738747,0.00594424776874547,0.0386705835807553
12655846,-3.33781138898674,0.0264809382999871,-3.63133011425157,0.681282808696307,-0.383777774610105,-0.945751515951368,6.39633241915893,-0.0163969555107963,0.0193837654646902,-0.677831202064527,0.89026197925711,0.145253995444199,-1.92927137626734,-2.21863309012475,0.0320466763448022,-3.44056180318316,0.681960231329989,-0.382783934671736,-0.284659914523364,6.42211264855138,0.0455452816896862,2.10667400990623,-4.13406104913417,0.904524410412536,0.182359933145029,-1.70177289024681,1.11917829886199,0.00556573804481511,0.190768311068406,0.000677422633682423,0.000993839938369157,0.661091601428004,0.0257802293924518,0.0619422372004826,2.08729024444154,-3.45622984706964,0.0142624311554254,0.0371059377008301,0.227498486020536
12655961,-2.98502144930627,0.032530184410224,-3.42558686958506,0.469237955169906,-0.756645272103014,1.46789575941116,6.25345659596406,0.0148893542518556,-1.36402589822987,-0.66101373115417,0.562773614621494,0.0720627816697003,-2.63021757227428,-2.57258828600307,0.0303140651832844,-3.496143476705,0.388228440916759,-0.946161347363743,0.35120338407937,6.50620985257652,0.0769847442079777,0.423825182051225,-6.39755273912402,0.616749113774071,0.0880224801166542,-2.43016304125616,0.412433163303209,-0.00221611922693963,-0.0705566071199337,-0.0810095142531463,-0.189516075260729,-1.11669237533179,0.252753256612456,0.0620953899561221,1.78785108028109,-5.73653900796985,0.0539754991525768,0.0159596984469539,0.200054531018129
12656164,-0.263032776373798,0.0265496264094378,-3.62873960260081,0.863766409808295,-0.146452905749846,2.90761413355209,6.13979838269867,0.489193181013234,2.87072894955688,-3.16866346773036,1.2240522281176,0.146259686325097,-1.92237156378065,-3.04104142056639,0.0367318161178538,-3.30411197529115,0.577080998244608,-0.549772644085918,2.17885805727677,6.37834602998178,0.351058752307327,1.56968032256492,-4.59131083123736,0.893320502233874,0.242695095361126,-1.4159493751018,-2.7780086441926,0.010182189708416,0.324627627309658,-0.286685411563687,-0.403319738336072,-0.728756076275317,0.238547647283109,-0.138134428705907,-1.30104862699196,-1.422647363507,-0.330731725883729,0.0964354090360283,0.50642218867885
12656276,-2.41440459566624,0.0246164002191889,-3.70434238259648,0.380505730279202,-0.966254041927297,0.197206761229199,5.72621908694862,0.0546367447144694,2.19346387029307,-0.367508511257375,0.646593444104031,0.141744217797395,-1.95373112875904,-2.81486211309599,0.0391022361970878,-3.24157562188483,0.395003633944781,-0.928860314263129,1.95412920856906,6.61058542122779,0.126403496523765,0.87135561957669,-5.46401608795826,0.643138674477202,0.166094469559577,-1.79519855876563,-0.400457517429747,0.014485835977899,0.462766760711653,0.0144979036655786,0.0373937276641687,1.75692244733986,0.884366334279171,0.0717667518092951,-1.32210825071638,-5.09650757670089,-0.00345476962682967,0.0243502517621814,0.158532569993409
12656299,-3.87078573334278,0.0255384375587185,-3.66757060649347,0.698609074090623,-0.358663957729228,2.06708688167958,6.3377241430788,0.0224112999575242,-1.40808552009913,-0.482661179831707,1.16383987065645,0.163899344771555,-1.80850279097339,-2.77292849640077,0.038475218357581,-3.25774092396255,0.668774342246231,-0.402308581813838,2.45467922983205,5.74810981646394,0.100773367884212,3.50548066125796,-2.86849378194445,1.0863987279272,0.195230653654131,-1.63357358016963,1.09785723694202,0.0129367807988624,0.409829682530914,-0.0298347318443916,-0.0436446240846099,0.387592348152475,-0.589614326614861,0.0783620679266874,4.91356618135709,-2.38583260211275,-0.0774411427292492,0.0313313088825767,0.174929210803754
12656304,-2.43089117905096,0.0560140126446307,-2.88215339375126,0.757378244485969,-0.277892487869459,-1.48118072358513,6.24270924816273,0.0356674412197319,0.0813585086758537,-2.62520402718242,1.4734323688994,0.120569372903222,-2.11552998296769,-1.66735209516142,0.0278511518040206,-3.58088095604858,0.544929333129204,-0.607099156709106,-0.551323532739636,6.08167924142871,0.134095653816838,2.50584167185906,-3.70607418441575,0.997206571233627,0.122336587252399,-2.10097912115596,0.763539083889543,-0.0281628608406102,-0.698727562297315,-0.212448911356765,-0.329206668839647,0.929857190845493,-0.161030006734022,0.0984282125971066,2.42448316318321,-1.08087015723334,-0.476225797665775,0.00176721434917698,0.0145508618117298
12656324,-5.12326279195506,0.0573120943414377,-2.8592436070025,0.552336873027986,-0.593597141623847,0.223547202409125,5.4884538537689,0.00514433028219271,2.80740240620456,-0.26728256566219,1.25702741992081,0.198307205164513,-1.61793790944924,-0.382749898147269,0.03588696829127,-3.32738104963162,0.404715301823669,-0.904571417526824,2.42389030381262,5.87512850037699,0.127691163221649,2.26782985677603,-1.05649808851921,1.11705839347517,0.179492563284052,-1.71762150208447,4.74051289380779,-0.0214251260501677,-0.468137442629122,-0.147621571204317,-0.310974275902977,2.20034310140349,0.38667464660809,0.122546832939456,-0.539572549428535,-0.789215522857018,-0.139969026445639,-0.0188146418804604,-0.0996835926352277
12656325,-1.22986391553365,0.0425715938500617,-3.15656805915558,0.291814562926474,-1.23163673691988,2.02453248811158,5.85942914259568,0.0556487667930587,0.911289946826966,0.224492148347769,NaN,NaN,NaN,NaN,NaN,NaN,NaN,NaN,NaN,NaN,0,0,0,2,0.135335283236613,-2,NaN,NaN,NaN,NaN,NaN,NaN,NaN,-0.0556487667930587,-0.911289946826966,-0.224492148347769,NaN,NaN,NaN
12656346,-3.34749237712006,0.0337851797357221,-3.38773304200629,0.294766756007131,-1.22157089297984,-0.84519592656719,6.80168700630149,-0.0494962553782327,-0.87921338922159,-2.37456414265144,0.276183825771171,0.181705024413278,-1.70537065171534,-2.1792855949904,0.118844158894126,-2.12994223325683,0.560117371242216,-0.579608925710215,-2.03006300599663,5.5072995253989,0.115463833325319,2.27578970246359,-0.898932120311788,0.775346465223405,0.296529284361084,-1.21560929860501,1.16820678212966,0.0850589791584037,1.25779080874946,0.265350615235085,0.641961967269625,-1.18486707942944,-1.29438748090259,0.164960088703552,3.15500309168519,1.47563202233965,0.499162639452234,0.114824259947806,0.489761353110332
12656354,-1.0645254793756,0.03136348581572,-3.46211093483916,0.41228533345925,-0.886039612399573,1.83624740088745,5.9352668352232,0.0475520258035801,1.13934155527696,-0.825484773923419,0.573066449629488,0.0896292167777943,-2.41207393204451,-2.77198685253026,0.0426766815892548,-3.15410260652602,0.507156936017152,-0.678934784792742,1.13318541465305,6.12387347345724,0.054958665248083,2.21167036414194,-4.22508655589382,0.65324548911522,0.0948660153897885,-2.35528974719949,-1.70746137315466,0.0113131957735348,0.308008328313146,0.0948716025579016,0.207104827606831,-0.703061986234402,0.188606638234043,0.0074066394445029,1.07232880886498,-3.3996017819704,0.0801790394857314,0.00523679861199422,0.056784184845017
12656399,-3.25654043563507,0.0208517575847475,-3.87031703765951,0.42694339776648,-0.851103832464026,-1.22258772406238,5.73158632469783,0.0453930523962782,2.6120529408859,-1.12469659128253,0.406698008780931,0.0511696777590106,-2.97260815364421,-3.14179257924681,0.0256911495143187,-3.66160872326705,0.462221686566178,-0.771710661934968,-0.997029505420745,7.04375730981483,0.0657009425501115,0.782044807866076,-8.38660540868452,0.389686368216198,0.0802380799419271,-2.52275706455385,0.11474785638826,0.00483939192957118,0.208708314392456,0.0352782887996984,0.0793931705290576,0.225558218641639,1.312170985117,0.0203078901538333,-1.83000813301982,-7.26190881740198,-0.0170116405647328,0.0290684021829165,0.449851089090355
12656534,-4.49625450620885,0.047412159950939,-3.04887654413227,1.35563403284852,0.304269265812224,-2.70674349413021,5.88061613825295,0.145888832379607,0.578624276093144,-0.716587896150832,0.930086848872824,0.15853921070678,-1.84175333009706,-3.80024157140372,0.0337360015702685,-3.3891897159921,0.822230124547644,-0.195734966235957,-2.39410748563895,6.58076090143217,-0.0161155284801481,-1.11468441569334,-0.504009588647943,1.02415739471105,0.119171447564043,-2.1271920869024,0.696012934805131,-0.0136761583806706,-0.340313171859824,-0.533403908300874,-0.50000423204818,0.312636008491264,0.700144763179214,-0.162004360859756,-1.69330869178648,0.212578307502889,0.0940705458382219,-0.0393677631427366,-0.285438756805338
12657102,-5.52892955572145,0.052143079798961,-2.95376380434702,0.873468855800137,-0.135282804536923,-0.121791430719092,5.86748894879408,0.151125504189776,1.05481504174944,-0.0194859144247982,1.14302662152302,0.122387085158043,-2.10056642788553,-7.04167235437205,0.0685191999351126,-2.68064128196461,0.914703931168383,-0.089154838561061,-0.829988335765715,6.11823573928837,0.191770433051944,0.202327247733878,1.46514889897653,1.33129890174393,0.14718161961885,-1.91608794720363,-1.51274279865059,0.0163761201361516,0.273122522382409,0.0412350753682459,0.0461279659758618,-0.708196905046623,0.25074679049429,0.0406449288621685,-0.852487794015558,1.48463481340133,0.188272280220915,0.0247945344608072,0.184478480681898
12657220,-2.06530635820711,0.0309591773033615,-3.47508580350252,0.264207184698259,-1.33102169309917,-0.584724470890853,6.13216989500329,0.168674938995804,2.70397230566426,-5.48809743040353,0.499010094642381,0.0390122679707994,-3.24387911896334,-3.27037681427161,0.0674321480410908,-2.69663340087634,0.57615038988873,-0.551386558808413,1.12129710233257,6.75951845068484,0.0325318344164573,-0.904357136103388,-5.89898407028207,0.509703383406757,0.0677621071979372,-2.6917521311594,-1.2050704560645,0.0364729707377294,0.778452402626173,0.311943205190472,0.779635134290761,1.70602157322343,0.62734855568155,-0.136143104579347,-3.60832944176765,-0.410886639878545,0.0106932887643755,0.0287498392271378,0.552126987803942
12709453,-0.0987054692971697,0.0851631877675335,-2.46318600697152,0.516463966219283,-0.660749758162481,-0.142310993931758,6.07248231982484,0.020943352133223,0.571380738885862,0.801535319428682,0.0894585886411608,0.293041515767679,-1.22744098796258,-3.69044032129049,0.267777204091528,-1.31759997223273,1.14819887144628,0.138194515861424,-0.0083662553216578,5.95733348588741,0.0781307308042931,1.21595840341438,-0.819456162286666,0.100156294502301,0.32861414845775,-1.11287101752637,-3.59173485199332,0.182614016323994,1.14558603473878,0.631734905227002,0.798944274023905,0.1339447386101,-0.115148833937435,0.0571873786710701,0.644577664528522,-1.62099148171535,0.0106977058611401,0.0355726326900712,0.114569970436213
12709465,-2.22161270582202,0.0201048316843094,-3.90679511050035,0.425630275413251,-0.854184207645331,0.913501275477675,6.71143766005662,0.133057222692121,0.73916980055908,-4.46156142081509,0.861977798446982,0.16493657294588,-1.80219428537324,-0.0298828061928294,0.0242876075447284,-3.71778903630162,0.425310648267624,-0.85493543996185,1.30482760710326,6.22330147585665,0.35911365087684,2.11131559830927,-2.26885975380776,1.39959253309366,0.220010256610687,-1.51408111275883,2.19172989962919,0.00418277586041903,0.189006074198731,-0.000319627145627166,-0.000751232316519412,0.391326331625589,-0.488136184199973,0.226056428184719,1.37214579775019,2.19270166700733,0.537614734646682,0.0550736836648067,0.288113172614407
12709490,-1.47987447368029,0.0367890342262114,-3.30255546119639,0.494641888471508,-0.703921235868524,2.79188489730656,5.79315298693538,0.133288543418895,2.46976526703676,-2.63933611544461,1.00892320325304,0.185325620180623,-1.68564089199616,-1.85552841459512,0.0466243551253943,-3.06563223220455,0.580527852037175,-0.54381749960296,-0.216175220187444,5.19405656980417,0.186570943966923,3.63802255923672,-1.10453762032388,0.942071124919367,0.17083449836891,-1.76706003694049,-0.375653940914831,0.00983532089918294,0.236923228991843,0.0858859635656673,0.160103736265564,-3.008060117494,-0.599096417131213,0.053282400548028,1.16825729219996,1.53479849512073,-0.0668520783336775,-0.0144911218117127,-0.0814191449443293
12709508,-3.94062431313084,0.0404322663414477,-3.20812714096564,0.525272594522701,-0.643837923480266,-2.18304296328377,7.51721627413586,-0.0962749420515309,-3.16563980160418,-0.297547540402636,0.490162752946022,0.122352513332932,-2.10084894714725,-3.31998218524658,0.0372412042198294,-3.29033949036598,0.822180111656289,-0.195795793990818,-1.37570731103444,6.43619385934761,-0.00378127093950851,1.58347844590415,-1.33838770306992,0.568950471716745,0.104736051812349,-2.25631188596874,0.620642127884256,-0.00319106212161831,-0.0822123494003386,0.296907517133589,0.448042129489448,0.807335652249328,-1.08102241478825,0.0924936711120224,4.74911824750833,-1.04084016266728,0.0787877187707225,-0.0176164615205832,-0.155462938821489
12709675,-3.40240851099725,0.0362131541599141,-3.3183328515717,0.706584127383139,-0.347313007678858,3.84782943503969,6.25183095685107,0.0559287635706599,-0.799903873452088,-2.49361334071067,0.890800927351381,0.144191052893449,-1.93661610256492,-0.52546680400151,0.0362795196309445,-3.31650189442527,0.531596950744697,-0.631869688155177,3.6477948578783,5.77375470358699,0.174195167676071,1.25801342918298,-1.37458064241728,0.582328100756902,0.149472497557053,-1.90064286590371,2.87694170699574,6.63654710304218e-05,0.00183095714643411,-0.174987176638442,-0.284556680476319,-0.200034577161389,-0.478076253264075,0.118266404105411,2.05791730263506,1.11903269829339,-0.30847282659448,0.00528144466360364,0.035973236661216
12709726,-1.51202261782223,0.0462191321213491,-3.07436145143575,0.878257059515003,-0.129815949707387,-0.70860424710161,6.51947679060371,0.240482885629657,1.72529560588059,-4.09248761442514,1.71612349517397,0.201489976956457,-1.60201564098416,-1.07452523601506,0.0496741935512174,-3.00226972517594,0.719955449738183,-0.32856594425003,-1.57779204650381,6.06567695759706,0.155703488486094,1.69384133188755,-1.63217342351552,0.971402669660879,0.173146607572849,-1.75361660074349,0.437497381807174,0.00345506142986836,0.0720917262598162,-0.158301609776821,-0.198749994542644,-0.8691877994022,-0.45379983300665,-0.0847793971435637,-0.0314542739930455,2.46031419090962,-0.74472082551309,-0.0283433693836085,-0.151600959759335
12710105,-2.62362230392798,0.0289323286525027,-3.54279567057868,0.579475891116923,-0.545631219972116,-0.521661034167513,6.8104884769383,0.0288428742166901,0.306877532468619,-2.907660699418,0.437509861416104,0.145908348040239,-1.92477660754236,-2.23039371411849,0.0452872065374309,-3.09473070277242,0.537340035587668,-0.621124171483421,-0.620762130112177,5.93197367305861,0.119175689668749,1.48939546598749,-0.864290562823379,0.60271144523733,0.11266862494923,-2.1833042911121,0.393228589809492,0.0163548778849282,0.448064967806254,-0.0421358555292554,-0.075492951511305,-0.0991010959446635,-0.878514803879695,0.0903328154520591,1.18251793351887,2.04337013659462,0.165201583821226,-0.0332397230910087,-0.258527683569738
12711998,-3.57810766690093,0.046589393260878,-3.06638237618569,0.336441269244969,-1.0893316793205,1.1432929468058,5.97203747335058,0.0613847044283871,0.565618394697508,2.19910385108243,0.35406242730611,0.159136036920507,-1.83799586444383,-4.26221754194837,0.0426744557135289,-3.15415476460608,0.628082863042888,-0.465083173697724,3.0179955692123,5.93944427521121,0.100762864803902,0.479736472813514,-0.583461760810839,1.25039727157095,0.152847589019272,-1.8783140042779,-0.684109875047437,-0.00391493754734911,-0.0877723884203885,0.291641593797919,0.62424850562278,1.8747026224065,-0.0325931981393648,0.0393781603755149,-0.0858819218839934,-2.78256561189327,0.896334844264837,-0.00628844790123534,-0.0403181398340617
12712328,-1.59060704332678,0.0451073885314514,-3.09870922036037,0.618849708023189,-0.47989283380168,-1.80365807572379,6.62765020651041,-0.0261770951044554,-1.51311633224272,-0.136785778906627,1.16942911008132,0.166908422571161,-1.79030998481137,-2.61714557323159,0.039455944167623,-3.23257056705537,0.533504786817825,-0.62828723580106,-0.362759718109784,6.00275392438408,0.03921901872527,0.875746749622528,-1.42552216438619,1.38871841388043,0.13207297945199,-2.02440063453835,-1.02653852990481,-0.00565144436382843,-0.133861346694999,-0.0853449212053647,-0.14839440199938,1.44089835761401,-0.624896282126324,0.0653961138297253,2.38886308186525,-1.28873638547956,0.219289303799101,-0.034835443119171,-0.234090649726978
12712776,-1.14729726445496,0.0243603443868151,-3.71479869885059,0.255709299323238,-1.36371402924603,1.22446843916032,5.96230111967047,0.133881128260924,1.65483623407759,-2.54150451181521,0.367135053124788,0.0961543810021223,-2.34180024374073,0.37820798268463,0.0293736827415036,-3.52765615036571,0.330680533959849,-1.10660252386615,2.02458541302605,5.94996771600552,0.283869794216182,1.85063817661705,-1.76464727177754,0.58871829981092,0.0777623761557553,-2.55409756173824,1.52550524713959,0.00501333835468854,0.187142548484877,0.0749712346366108,0.257111505379887,0.800116973865723,-0.0123334036649556,0.149988665955257,0.195801942539452,0.77685724003767,0.221583246686132,-0.018392004846367,-0.21229731799752
12713580,-0.189124402010933,0.0356840297503483,-3.3330520362142,0.442462808787449,-0.815398866004347,2.95655455278098,6.30811865920525,0.274878648713077,1.02849549638224,-1.82655311363806,0.932547746307582,0.155904784943191,-1.85850981100204,-2.25299066494075,0.0281815103254041,-3.56908917829826,0.298704639945703,-1.20830002008192,1.1326437994588,5.84716756774555,0.12845896302111,2.52361578275558,-2.66729929948144,0.878825797015825,0.133116757807122,-2.01652865762109,-2.06386626292982,-0.00750251942494422,-0.236037142084053,-0.143758168841746,-0.392901154077571,-1.82391075332218,-0.460951091459697,-0.146419685691967,1.49512028637335,-0.840746185843374,-0.0537219492917567,-0.0227880271360699,-0.158018846619054
12714052,-3.09314232849825,0.116078292476758,-2.1534903803976,1.03193634261611,0.0314369816453438,-2.20777421855826,6.93980575571494,-0.0497196116020408,-0.152135231850488,-0.965890178200822,0.159915932955906,0.302897568104524,-1.19436058968859,-2.78773479663935,0.0481082914182908,-3.03430073796729,0.642642348162892,-0.442166933191206,-0.725660766085496,6.24430353279608,0.0353161373799751,2.12563137753041,-1.42368568625331,0.875547404857144,0.223469298421834,-1.49848124160437,0.305407531858902,-0.0679700010584671,-0.880810357569691,-0.389293994453218,-0.47360391483655,1.48211345247276,-0.695502222918864,0.0850357489820159,2.2777666093809,-0.457795508052483,0.715631471901238,-0.0794282696826904,-0.304120651915784
