ID,Safe_om2,Safe_al,Safe_logal,Safe_zeta0,Safe_logzeta0,Safe_zeta1,Safe_beta0,Safe_beta1,Safe_beta2,Safe_beta3,Safe_beta4,Safe_sa,Safe_logsa,Threat_om2,Threat_al,Threat_logal,Threat_zeta0,Threat_logzeta0,Threat_zeta1,Threat_beta0,Threat_beta1,Threat_beta2,Threat_beta3,Threat_beta4,Threat_sa,Threat_logsa,Delta_om2,Delta_al,Delta_logal,Delta_zeta0,Delta_logzeta0,Delta_zeta1,Delta_beta0,Delta_beta1,Delta_beta2,Delta_beta3,Delta_beta4,Delta_sa,Delta_logsa
10369536,-4.49588709495123,0.0436013896465054,-3.1326662565088,0.663965208067072,-0.409525528367848,4.34940588606953,7.26398746225144,-0.00215675725822572,-3.26482545440787,-1.67519101507981,0.336707986382907,0.123315307597432,-2.09301072730902,-1.22155721572652,0.0422928210820627,-3.16313792170506,0.69191223062601,-0.368296165764101,3.84440954303552,6.05867601752314,-0.00560283684473912,0.393311818530896,1.04323273247092,0.727623613397526,0.120334968173833,-2.11747602347753,3.2743298792247,-0.00130856856444275,-0.0304716651962607,0.0279470225589379,0.0412293626037474,-0.504996343034008,-1.2053114447283,-0.0034460795865134,3.65813727293877,2.71842374755073,0.390915627014619,-0.00298033942359976,-0.0244652961685103
10369701,-2.57578680924931,0.0532498355492094,-2.93276056267513,0.359139750931209,-1.02404368788311,1.71193687802781,6.24447291675728,0.113848536111421,2.2273642779796,-1.1933724495575,0.64791683516586,0.154025984541054,-1.87063396001588,0.207930876078655,0.178988702812762,-1.72043258791095,0.135447997857094,-1.99916749197708,2.21935905280181,5.5967707066957,-0.00849780121363151,2.5617833513826,0.365042133675024,0.348264273555506,0.672316298688477,-0.397026366623145,2.78371768532797,0.125738867263552,1.21232797476418,-0.223691753074115,-0.975123804093975,0.507422174773996,-0.647702210061581,-0.122346337325052,0.334419073402993,1.55841458323253,-0.299652561610354,0.518290314147423,1.47360759339274
10369772,-0.834049059010669,0.0928350779002268,-2.37693071599744,0.361254932426189,-1.01817138587379,1.2460212872983,5.93136834998302,0.132947976892124,1.55798920730451,-1.36318620701983,0.261467017575183,0.355066103677666,-1.03545129929847,0.705394696428276,0.0340688145469376,-3.37937284254515,0.217230588393623,-1.5267958702965,-0.240180638910886,5.81664633334792,0.0899449807600632,1.44017205228968,-0.376675538184873,0.405325414986861,0.19027931868093,-1.65926218803762,1.53944375543894,-0.0587662633532892,-1.00244212654771,-0.144024344032566,-0.508624484422715,-1.48620192620918,-0.114722016635099,-0.0430029961320604,-0.117817155014827,0.986510668834959,0.143858397411678,-0.164786784996736,-0.623810888739143
10369779,-1.9204416086281,0.0299647572034312,-3.50773334777689,0.373778184177191,-0.984092747950627,1.30864205260847,6.97356105470083,0.133868897305015,-0.554458262385543,-4.59836267913443,0.844359603639409,0.161603886229769,-1.82260708473276,-2.73494038181399,0.0408954571362184,-3.19673629456648,0.499401523323563,-0.694344850833621,2.22970607163134,6.11283593056812,0.0791992011686129,1.4101525824062,-2.39957201282549,0.602125217338875,0.102436470114571,-2.27851247632172,-0.814498773185888,0.0109306999327872,0.310997053210412,0.125623339146372,0.289747897117006,0.921064019022872,-0.86072512413271,-0.0546696961364024,1.96461084479174,2.19879066630894,-0.242234386300534,-0.0591674161151982,-0.455905391588954
10369781,-2.92051578218553,0.0552337737824143,-2.89618066891493,0.422662157411818,-0.861182101294012,1.43987440487571,6.33666743341351,0.116951058196012,1.35421476485818,-3.38483687502375,0.463564901860373,0.108140639212456,-2.22432268407427,-1.65045982448609,0.0553226993225037,-2.89457197868143,0.372345656588139,-0.987932671756848,-0.748644579172055,6.61637454283852,-0.0270168645694644,-1.26648379126762,-0.0206607226688394,0.585735705074812,0.169068934626621,-1.77744875002757,1.27005595769945,8.89255400894143e-05,0.00160869023349619,-0.0503165008236791,-0.126750570462836,-2.18851898404777,0.279707109425014,-0.143967922765477,-2.6206985561258,3.36417615235491,0.122170803214439,0.0609282954141654,0.446873934046699
10369795,-4.04486749952092,0.0637820793783665,-2.75228301557409,1.91403078253802,0.649211375732169,3.47579868122442,6.13519276556357,0.0907995342545962,1.29786045819506,-3.10221932448633,-0.0850132717975731,0.181164301445695,-1.70835091667175,-2.15979695926693,0.049520697330901,-3.00536456890161,1.40986936141207,0.343497048616865,4.88815393427019,5.91598390313606,0.109479235651967,1.60619775057296,-1.20389785673233,-0.0721183391083779,0.126518663304096,-2.06736544569617,1.88507054025399,-0.0142613820474655,-0.253081553327521,-0.504161421125951,-0.305714327115304,1.41235525304576,-0.21920886242751,0.0186797013973705,0.308337292377903,1.898321467754,0.0128949326891952,-0.0546456381415983,-0.359014529024414
10369812,-1.46480461311408,0.0251576777134928,-3.68259215214545,0.58392071431462,-0.53799006853046,2.35341165979853,6.21279022540812,0.255098555360214,3.10304692307584,-3.65558254159346,1.12629785698556,0.17678938131649,-1.73279619100938,0.0607275980488746,0.0213847165056927,-3.84507879408075,0.542766270528702,-0.611076492729809,1.26703656665187,6.5776391235123,0.100061089651015,-0.344930409887012,-0.81200849133428,0.483679251394162,0.108250139264705,-2.22331062559039,1.52553221116295,-0.00377296120780009,-0.162486641935292,-0.0411544437859174,-0.0730864241993494,-1.08637509314665,0.364848898104181,-0.155037465709199,-3.44797733296286,2.84357405025918,-0.642618605591402,-0.0685392420517858,-0.490514434581008
10369815,-5.95145104694775,0.042639623238041,-3.15497133504442,1.39196242911356,0.330714570968639,-1.25397426182219,6.11696203727397,0.130641737650072,-0.465938190238808,0.0104052867822077,1.81663580670197,0.112505929552351,-2.18474935159462,-2.10436095691757,0.0225825616572253,-3.79057727863402,0.484047083432569,-0.725573097177524,-1.79820144306288,6.40645877229487,-0.0124627797081334,-0.790488934135801,-1.25897018063215,2.14887526862055,0.108711167966843,-2.21906074894718,3.84709009003018,-0.0200570615808157,-0.635605943589592,-0.907915345680995,-1.05628766814616,-0.544227181240694,0.289496735020899,-0.143104517358205,-0.324550743896993,-1.26937546741436,0.332239461918573,-0.00379476158550839,-0.0343113973525573
10369821,-2.46441369313153,0.030926280049242,-3.47614896950712,0.613012355769805,-0.48937018701773,-0.518403684636277,6.69470689953066,0.151031844104313,0.481978762989435,-5.97978628084163,0.810746298987808,0.0769821848720286,-2.56418124919586,0.847112762145492,0.025785752467663,-3.65793316952522,0.492173720015605,-0.708923535348632,0.209640520944216,5.80499578101791,0.0343109364564602,0.553257369678657,0.39462029977207,0.527529442447238,0.0625258429974084,-2.77217531974383,3.31152645527702,-0.00514052758157895,-0.181784200018099,-0.1208386357542,-0.219553348330902,0.728044205580493,-0.889711118512746,-0.116720907647853,0.0712786066892214,6.3744065806137,-0.283216856540571,-0.0144563418746202,-0.207994070547972
10369833,-2.32764222687235,0.00663789888878024,-5.01495979798171,0.141167241827908,-1.95780997922471,0.0335092483552075,6.32867288301882,0.14721742248165,0.702663230096739,-3.78219704845463,1.31229183067897,0.160809320846945,-1.82753595845113,-2.24454525372097,0.0230377836221474,-3.77061964473708,0.630570240296682,-0.461130725663692,0.713315382120389,5.70805147488761,0.0580794194608817,0.537790378320686,0.685781088522368,1.77346630492514,0.154373786574854,-1.86837843187465,0.0830969731513802,0.0163998847333671,1.24434015324463,0.489402998468774,1.49667925356102,0.679806133765182,-0.62062140813121,-0.0891380030207684,-0.164872851776053,4.46797813697699,0.461174474246167,-0.00643553427209065,-0.0408424734235178
10369836,-0.837560179234939,0.0209080141699811,-3.86762274040158,0.249190281384408,-1.38953849208933,-1.72863869448533,6.17493553109661,0.229176200326981,2.05272665291659,-2.77720004909994,0.723155602640956,0.119341630677719,-2.12576505284783,-2.44623286937633,0.0750517312436562,-2.58957765329856,0.728216638645833,-0.3171566944963,-1.4778568129577,5.81739812679237,0.0377676533876431,3.45473041340314,-3.2904827114458,0.384001634979994,0.0803984401422485,-2.52076050420124,-1.60867269014139,0.0541437170736751,1.27804508710303,0.479026357261425,1.07238179759303,0.250781881527626,-0.357537404304243,-0.191408546939338,1.40200376048655,-0.513282662345859,-0.339153967660962,-0.0389431905354707,-0.394995451353411
10369838,-1.7497000352408,0.0382407005369075,-3.26385487148694,2.17724709459444,0.778061278151629,-1.33591922813057,6.3937264969233,0.198184345738892,2.15255271754527,-4.84101230097369,0.633535411749881,0.0650589376536122,-2.73246168678817,-3.91612911732039,0.0323852668232409,-3.43005168728159,0.954592833723538,-0.0464703815372642,-1.77153939020982,6.19499756801758,0.0578361019299458,-0.412512314355307,-2.26131360079,0.980320299002581,0.0905390249598044,-2.40197430619727,-2.16642908207959,-0.00585543371366667,-0.166196815794652,-1.22265426087091,-0.824531659688893,-0.43562016207925,-0.198728928905712,-0.140348243808946,-2.56506503190058,2.57969870018369,0.3467848872527,0.0254800873061922,0.330487380590891
10369844,-1.90076679830664,0.062798582136878,-2.76782278320111,0.770212636192328,-0.261088651357921,-0.83839785213399,6.23509564065657,0.118711679271891,2.86035416995813,-3.66287383266583,0.172395075617772,0.0524302653105385,-2.94827127212939,-0.526233620595073,0.0226327573838112,-3.78835698036912,0.38140587052956,-0.963891193879844,-2.35688615498395,6.29710419489881,0.236494073977635,1.85857313517623,-2.01362238957391,0.359882191583773,0.0679189289761254,-2.68944050600612,1.37453317771157,-0.0401658247530668,-1.02053419716801,-0.388806765662768,-0.702802542521923,-1.51848830284996,0.0620085542422419,0.117782394705744,-1.0017810347819,1.64925144309192,0.187487115966001,0.0154886636655869,0.258830766123268
10369854,-3.21780765357185,0.04219503595464,-3.16545269626592,0.834636634299842,-0.180758817347757,-2.87739609798879,5.97949478498113,0.0287126591517597,1.45881842695082,-1.07949604234751,0.712305864605131,0.118674453837743,-2.13137121672309,-4.13001007583143,0.0662354068613696,-2.71454011217029,1.13966126617231,0.130731083316506,-2.4314755746085,6.51366889101607,0.0141874860739552,-0.859725012122625,0.400286841539426,0.443273697242606,0.164551436661278,-1.80453207278145,-0.912202422259579,0.0240403709067295,0.450912584095634,0.305024631872473,0.311489900664263,0.445920523380285,0.534174106034937,-0.0145251730778045,-2.31854343907344,1.47978288388693,-0.269032167362525,0.0458769828235346,0.32683914394164
10369855,-0.332674898471017,0.0479697602577269,-3.03718446123494,0.465116217038816,-0.765467975506125,1.62264803630844,5.64858370176338,-0.162890312761541,-0.0704475950848852,2.17743046271272,1.05134084220843,0.148147686147981,-1.90954562339043,-0.650753863316885,0.0371701548654394,-3.2922491282722,0.294582734438517,-1.22219538346495,1.49001241436135,6.00241142105414,0.112592288310445,0.765202662984731,-0.348999607599365,0.343182790395366,0.125416821222616,-2.07611251924813,-0.318078964845868,-0.0107996053922874,-0.255064667037261,-0.1705334826003,-0.456727407958829,-0.132635621947084,0.35382771929076,0.275482601071987,0.835650258069616,-2.52643007031208,-0.708158051813064,-0.0227308649253652,-0.166566895857698
10369881,-0.490602851742143,0.076947145723389,-2.56463651199873,0.650116039654627,-0.430604409480127,1.17398592056286,6.32897980601309,0.0704229535497942,1.37549701266855,0.45564835957643,0.819277572793344,0.202587423658206,-1.59658376383165,-0.778598575638649,0.0634340488508057,-2.75775451357772,0.634816128676736,-0.454419883159364,2.22050693065351,6.16157405223269,0.0741419671820006,1.71951196184337,0.174132114392899,0.476122130667285,0.154442626578548,-1.86793260061761,-0.287995723896507,-0.0135130968725832,-0.193118001578998,-0.0152999109778909,-0.0238154736792371,1.04652101009065,-0.1674057537804,0.00371901363220632,0.344014949174816,-0.281516245183531,-0.343155442126059,-0.048144797079658,-0.27134883678596
10369924,-1.67024371001927,0.0616336473241137,-2.78654733477398,0.439204578371377,-0.822789964498305,-0.0658431372621442,5.69501786703161,0.217978950372447,3.79415340767343,-2.09370666418214,0.763864704679179,0.150443194846568,-1.89416970892265,0.315774587320072,0.0526369246310456,-2.94433741633425,0.598618406729282,-0.513130934405023,-1.79925138951095,5.73971663888158,0.130250154875305,1.92950065751273,-0.328382766458755,1.16700289397776,0.116702702144477,-2.14812558533493,1.98601829733934,-0.00899672269306809,-0.157790081560274,0.159413828357905,0.309659030093282,-1.7334082522488,0.0446987718499692,-0.0877287954971418,-1.8646527501607,1.76532389772338,0.403138189298582,-0.0337404927020914,-0.25395587641228
10369935,-3.22835319843721,0.10127135974633,-2.28995163478694,0.870087469482751,-0.139161532751932,0.236034841893458,5.87622389695503,0.091719328697334,1.19154698735001,-0.844756779056212,0.437279019205183,0.153534675463328,-1.87382883868228,-2.47146814039266,0.048472492337675,-3.02675881023484,0.61064564751767,-0.493238443012368,-1.11658776826386,6.18447552366176,0.154463387625145,1.20706625924967,-3.52706312574247,0.601977077342133,0.154938991102213,-1.86472384533816,0.756885058044548,-0.052798867408655,-0.736807175447904,-0.259441821965081,-0.354076910260436,-1.35262261015732,0.308251626706739,0.0627440589278106,0.0155192718996666,-2.68230634668626,0.16469805813695,0.0014043156388846,0.0091049933441183
10370011,-5.39804247682088,0.166165020889407,-1.79477388267409,1.02403686405503,0.023752526023072,0.756277544402848,5.88915515039762,0.128159451443548,1.50124784179784,-0.0922492922415333,1.07908583368769,0.220342136486188,-1.51257377480159,-3.91165444799805,0.131233500167784,-2.03077709842031,0.787923088161799,-0.23835479774341,1.04745498826602,6.50126966321285,0.0404311270959112,-0.592041238127576,-1.47909543052252,0.608888041441181,0.194804299642225,-1.63575981593194,1.48638802882283,-0.0349315207216233,-0.236003215746218,-0.236113775893233,-0.262107323766482,0.291177443863175,0.612114512815234,-0.0877283243476365,-2.09328907992541,-1.38684613828099,-0.470197792246513,-0.0255378368439631,-0.123186041130356
10370042,0.393224686936621,0.058634573010291,-2.83643077326001,0.630799219497157,-0.460767661216217,2.7343492927964,6.19077247426737,0.101017817506484,1.53525309855648,-0.140086754646138,0.515241663670012,0.130357205796606,-2.03747685975764,0.89373137298376,0.0493969760590171,-3.0078660700421,0.643211093326778,-0.441282314178458,1.15827746604094,5.83365964463305,0.00401063991276438,1.94213326505176,0.727075683729093,0.696412465367737,0.198222381689369,-1.618365738692,0.500506686047139,-0.00923759695127391,-0.171435296782082,0.0124118738296202,0.0194853470377593,-1.57607182675545,-0.357112829634316,-0.0970071775937192,0.406880166495276,0.867162438375231,0.181170801697725,0.0678651758927625,0.41911112106564
10370097,-1.37505115622399,0.0262310071148795,-3.64081309030558,0.303531011447472,-1.19227149430395,0.780969418443641,6.33591342914083,0.243013279733769,1.71176690378667,-3.87726914028023,0.77482193960962,0.143456178988387,-1.94172566332148,-3.77427450686609,0.0535420854354735,-2.92728729066842,0.956561374528688,-0.0444103264220582,1.48191481341615,6.75972736472601,-0.0514073105910545,-3.07656058801306,-0.0951780827201456,0.777516576107917,0.107141122449464,-2.23360841210983,-2.3992233506421,0.027311078320594,0.713525799637158,0.653030363081216,1.1478611678819,0.700945394972505,0.42381393558518,-0.294420590324823,-4.78832749179973,3.78209105756009,0.00269463649829638,-0.0363150565389234,-0.291882748788346
10370100,-2.87622241681436,0.150420117782471,-1.89432311456018,0.915802436270652,-0.0879546184977184,0.156790014997306,5.75735334418549,0.0423984511952414,3.33863752014949,-3.73310364363764,0.366849762047668,0.119385914439532,-2.12539405450074,0.106160616019622,0.0269246488737088,-3.6147130969269,0.235349522773521,-1.44668353886799,1.46813573175065,6.41662247318362,0.466267178368215,1.19939307527236,-2.96962945736479,0.27598694107078,0.0894159146393687,-2.41445659654533,2.98238303283398,-0.123495468908762,-1.72038998236672,-0.680452913497131,-1.35872892037027,1.31134571675334,0.659269128998132,0.423868727172974,-2.13924444487713,0.763474186272848,-0.090862820976888,-0.0299699998001634,-0.28906254204459
10370108,-2.27780738552375,0.060974930830925,-2.79729246926497,0.648386660254518,-0.433268062659643,-1.56210824669925,6.27426327666122,0.111766404555574,2.70908451592565,-4.04480327475876,0.311614691916879,0.151641886736309,-1.88623354620414,-0.189106153060938,0.0393380608443116,-3.23556275944986,0.6798184958259,-0.385929434343996,-1.6009645444273,6.15407938417933,0.208105785048169,1.01582334117319,-1.17620669843441,0.486668219869393,0.0994679246470723,-2.30792005214453,2.08870123246281,-0.0216368699866134,-0.438270290184892,0.0314318355713822,0.0473386283156472,-0.0388562977280469,-0.120183892481886,0.0963393804925951,-1.69326117475246,2.86859657632435,0.175053527952514,-0.0521739620892372,-0.421686505940386
10370132,0.756828974544354,0.0543502757841329,-2.91230559120272,0.645961516939003,-0.437015348275829,-1.20568316361529,6.31236736602888,-0.0107551757623578,1.53746154065781,0.0207000149002643,0.777409917242463,0.207186167293813,-1.57413753099036,-3.38352266597802,0.0524284209326999,-2.94830645048046,0.675022666939866,-0.393009008021772,-0.881818008774252,6.52114271601466,0.0632997108335191,-0.948777939257792,-0.860287721837134,1.02811312787018,0.193715667105288,-1.64136382848804,-4.14035164052237,-0.00192185485143303,-0.0360008592777468,0.0290611500008633,0.0440063402540577,0.323865154841042,0.208775349985785,0.0740548865958769,-2.4862394799156,-0.880987736737398,0.250703210627717,-0.0134705001885248,-0.0672262974976758
10370470,-3.29078204020083,0.0678500596293983,-2.69045501386011,0.649333545673116,-0.431808756435834,-0.0326911920253455,6.07919168666514,0.107025999833871,2.58588495405277,-4.9218531517343,0.278085236787453,0.0980367462214924,-2.32241290914824,-0.817961584743467,0.0286083719293788,-3.55405587918842,0.358248524022115,-1.02652833224853,-2.05550091249922,6.69671499020397,0.365963324205146,2.73350012062569,-4.60782684030787,0.407993431369442,0.0711116766194435,-2.64350372753534,2.47282045545736,-0.0392416877000195,-0.863600865328312,-0.291085021651001,-0.594719575812692,-2.02280972047387,0.617523303538828,0.258937324371275,0.147615166572924,0.314026311426438,0.129908194581989,-0.0269250696020489,-0.321090818387096
10370626,-3.5881801200474,0.0365746670804067,-3.3083994344986,0.803439878863933,-0.21885292066883,-1.02039237415136,5.14655090721412,0.148448707299925,4.57602933522535,-0.90599054151904,1.275964256557,0.166594872733242,-1.79219032563389,-2.00045800945227,0.0471473566021537,-3.05447733505534,0.927940135875204,-0.0747880570318837,-2.85748015646059,6.19438866246261,0.0945328963000216,1.50686542240992,-2.36544533209823,1.11859232486257,0.127504823501902,-2.05960108371178,1.58772211059513,0.0105726895217471,0.253922099443265,0.124500257011271,0.144064863636947,-1.83708778230923,1.0478377552485,-0.0539158109999029,-3.06916391281542,-1.45945479057919,-0.157371931694432,-0.0390900492313408,-0.267410758077888
10370698,-2.69229156867865,0.0876593692521255,-2.43429677940721,0.534594411145612,-0.626246929605044,-0.142963042158906,6.52293270615686,-0.0160467879399584,-0.321314093055295,-1.56907480338839,0.202123756846065,0.174891528757755,-1.74358933290614,-0.800158964821539,0.0741366346421979,-2.6018454742213,0.563559930599428,-0.5734815969438,-0.086972356654004,5.71557564889101,-0.102494878291473,-0.648552284418821,1.9801384732857,0.638771456698465,0.133200918341454,-2.01589662644426,1.89213260385711,-0.0135227346099275,-0.16754869481409,0.0289655194538166,0.0527653326612446,0.0559906855049017,-0.807357057265849,-0.0864480903515144,-0.327238191363527,3.54921327667408,0.436647699852401,-0.0416906104163013,-0.272307293538117
10371655,-4.97372667143869,0.0914164626745087,-2.39232969995218,2.15292512394342,0.766827440231456,-1.12581578959913,6.59181158927006,0.230603815666421,-1.13030920138517,0.0426305205526966,0.450891457026249,0.162633773470053,-1.81625439451902,-1.24674935706288,0.0415298276203675,-3.18134337207365,0.715293333009341,-0.335062564462975,-3.60100386343326,6.4340340103259,0.189833382952027,2.49230503499506,-3.81827429480252,0.473248782538392,0.13638677484778,-1.99226049686755,3.72697731437581,-0.0498866350541412,-0.789013672121471,-1.43763179093408,-1.10189000469443,-2.47518807383414,-0.157777578944158,-0.0407704327143937,3.62261423638023,-3.86090481535521,0.0223573255121436,-0.026246998622273,-0.17600610234853
10391960,-0.615894373624033,0.0239251947314476,-3.73282320243079,0.379150567202485,-0.969821877851912,2.77537445841745,6.40129179336986,0.291109508383623,2.29187032909869,-2.90948685191949,1.3791265921984,0.166195802394419,-1.79458865323101,-0.693532774600622,0.0288801982919678,-3.54459909891571,0.530693811719566,-0.633570049816299,0.82906761197689,6.27584631225509,-0.0186310469851383,0.336216197160771,0.401662826977142,1.08234121396343,0.137649399227701,-1.98304541189487,-0.0776384009765896,0.00495500356052028,0.188224103515071,0.151543244517081,0.336251828035613,-1.94630684644056,-0.125445481114769,-0.309740555368761,-1.95565413193792,3.31114967889663,-0.296785378234961,-0.0285464031667181,-0.18845675866386
10392073,-0.282527574984965,0.03501173463224,-3.35207199847804,0.346575101377801,-1.05965574104443,-0.903170015561828,5.95247864286934,0.267575554170939,1.43469427448424,-1.7564647162791,0.332254525516953,0.0984883775723036,-2.31781673195577,-0.372474276964696,0.0253691853956948,-3.67422001484606,0.334887909161099,-1.09395940266709,0.806589219525212,5.74029609541397,0.192835783812921,1.34548103452181,-1.20408693123713,0.351645627286472,0.106657652134934,-2.23813108666275,-0.0899467019797318,-0.00964254923654512,-0.322148016368015,-0.0116871922167025,-0.0343036616226604,1.70975923508704,-0.212182547455369,-0.0747397703580178,-0.0892132399624324,0.552377785041972,0.0193911017695194,0.00816927456263004,0.0796856452930199
10393020,-5.52440230820637,0.0437338783383437,-3.1296322292131,1.08904067398375,0.0852971931006703,2.34918508898027,5.85213452748634,0.0738657378379854,0.546434949860049,0.641410095020603,0.734045623930605,0.0844853807558486,-2.47117676839328,-1.51158236290359,0.0368221259912564,-3.30165636472307,0.406165279023727,-0.900995111028098,2.55404838376181,6.13200149845442,0.0355189934184989,0.190855601032391,-0.651361423116199,0.745931478649617,0.104462930030048,-2.25892300706574,4.01281994530278,-0.00691175234708729,-0.172024135509972,-0.682875394960021,-0.986292304128768,0.204863294781536,0.27986697096808,-0.0383467444194866,-0.355579348827658,-1.2927715181368,0.0118858547190122,0.0199775492741989,0.212253761327548
10611650,-3.56842193734833,0.0314876146739512,-3.45816099542195,0.299551638445355,-1.20546846077811,-0.188333171568243,6.18020328338638,-0.096658060536225,1.37708516532978,-0.0407949852786131,0.595140302198442,0.228967124938941,-1.47417684495211,-2.96252528833188,0.0340303941086266,-3.38050120932491,0.447095932342146,-0.804982093653984,2.25937441906181,6.70991693541551,0.0134213760109857,-0.332043681272209,-4.39326380454304,1.45727126878921,0.175334651788806,-1.74105883523279,0.605896649016444,0.00254277943467539,0.0776597860970445,0.147544293896791,0.400486367124128,2.44770759063005,0.529713652029132,0.110079436547211,-1.70912884660199,-4.35246881926443,0.862130966590763,-0.0536324731501348,-0.266881990280683
10611659,-4.95625836517184,0.0848221839224755,-2.46719816753696,0.913621228920573,-0.0903392037910593,-1.44778767908623,5.47909750037028,0.0890452912199318,1.20800075538461,-0.450398929637506,0.663380761042999,0.160399497237192,-1.83008771798611,-2.35703586065137,0.0233169190812475,-3.7585760410971,0.398344987049369,-0.920436847521704,-1.3130574481116,6.94337156181932,0.0533905623238809,-1.15944338436189,-5.68194125925762,1.09156671817362,0.142492199713359,-1.94846801962528,2.59922250452047,-0.061505264841228,-1.29137787356014,-0.515276241871204,-0.830097643730645,0.134730230974626,1.46427406144904,-0.0356547288960509,-2.3674441397465,-5.23154232962011,0.42818595713062,-0.0179072975238327,-0.11838030163917
10611671,-2.89173990297812,0.0536294335593696,-2.92565722805372,0.831698644768141,-0.184285109580819,-4.56433854396518,6.30680003074238,-0.00102796837123609,1.151958535096,-1.49895077985514,-0.0581363760391499,0.0916366804400549,-2.38992364597203,-2.94872133984114,0.0665613657682485,-2.70963096332501,0.661036229766089,-0.41394663009378,-2.22807974461647,6.42045727096289,0.0643013930348449,1.43826605604015,-2.8596943016649,0.489739270893582,0.0707102331602318,-2.64916497595618,-0.0569814368630257,0.012931932208879,0.216026264728711,-0.170662415002051,-0.229661520512961,2.3362587993487,0.113657240220516,0.0653293614060809,0.286307520944148,-1.36074352180977,0.547875646932732,-0.020926447279823,-0.25924132998415
10611694,-1.94007858389149,0.0300919770028887,-3.5034966875112,0.955851111317066,-0.0451531193598115,0.296129021009778,6.31339702763836,-0.0356004213484822,-0.557263251260863,1.16531380718395,1.02703353652097,0.0894287288608376,-2.4143132965142,-4.74344411654194,0.0416565985875081,-3.17829549344593,1.10730809304743,0.101931928507128,-1.58526944199536,5.84045817319517,-0.0742771067779887,3.49041152409643,-1.68453889435022,0.991083923167272,0.0925581112239572,-2.37991860226908,-2.80336553265045,0.0115646215846194,0.325201194065275,0.151456981730364,0.14708504786694,-1.88139846300514,-0.472938854443189,-0.0386766854295066,4.04767477535729,-2.84985270153417,-0.0359496133536974,0.00312938236311958,0.0343946942451177
10611707,-2.71602489746506,0.0320361131608997,-3.44089147622267,0.922481172185228,-0.0806883128310406,-4.9507606530483,5.95115173009598,0.0555356500177163,2.38434805981961,-2.16598151463004,0.419969480244152,0.185186793319926,-1.68639026968033,-3.99804618206692,0.0285023019736609,-3.55777042396369,0.532120263301562,-0.63088575635042,-2.76899430237133,6.95929436830467,0.000995613288037133,-3.24863744128478,-0.575176037869911,0.652024425751277,0.116049637096585,-2.1537372733964,-1.28202128460186,-0.00353381118723883,-0.116878947741023,-0.390360908883667,-0.550197443519379,2.18176635067697,1.00814263820869,-0.0545400367296791,-5.63298550110439,1.59080547676013,0.232054945507125,-0.0691371562233409,-0.467347003716061
10611711,-1.4403092160093,0.0435217494031712,-3.13449447955919,0.25561391599116,-1.36408711355094,-0.738990391022398,6.21958062387416,0.102067765268852,0.190201463825174,-0.479108957101186,0.199417490949451,0.334179454623632,-1.09607714100134,-0.739845230670455,0.0219869313653811,-3.81730703097517,0.308796712637707,-1.17507210649146,0.424202905472014,6.24893074359424,0.271320135772492,2.65048043085583,-2.95584557256114,0.659372139649912,0.176343076997979,-1.73532388024118,0.700463985338848,-0.0215348180377901,-0.682812551415979,0.0531827966465471,0.18901500705948,1.16319329649441,0.0293501197200809,0.16925237050364,2.46027896703065,-2.47673661545995,0.459954648700461,-0.157836377625653,-0.63924673923984
10611718,-0.0634525446736841,0.0316653254275372,-3.45253303186658,0.838690079755916,-0.175914033181533,-1.06071234051148,6.24608815068413,0.112664543122308,-0.0364885946855968,-0.852425992973973,1.391311948586,0.123329169648481,-2.09289832218876,-6.11094148466249,0.0996444287293498,-2.30614714227212,1.78880889771021,0.581549978088707,1.03201770737584,5.5857884387892,0.228751973764381,1.59674611394936,0.176039424928462,1.02461127051336,0.140152420907263,-1.96502472783332,-6.04748893998881,0.0679791033018125,1.14638588959446,0.950118817954296,0.75746401127024,2.09273004788732,-0.660299711894933,0.116087430642073,1.63323470863496,1.02846541790244,-0.36670067807264,0.0168232512587822,0.127873594355443
10611731,-4.02058586060058,0.0310552976491721,-3.47198586843551,0.364180963446834,-1.0101043825582,-0.555539851574822,6.60791748864633,0.000276294822541128,-1.55532536754583,0.753660280609215,0.773384444561806,0.0970424111332343,-2.33260716785747,-2.84829530965676,0.0404624877659062,-3.20737996208617,0.612692290292873,-0.489892442497849,0.122892532402025,6.55626225773342,0.0669238635894186,0.692252473346648,-4.17826528327031,0.996965586260173,0.100754106562186,-2.29507231906356,1.17229055094382,0.0094071901167341,0.264605906349338,0.248511326846039,0.520211940060354,0.678432383976848,-0.0516552309129059,0.0666475687668774,2.24757784089247,-4.93192556387953,0.223581141698367,0.00371169542895196,0.0375348487939049
10611749,-0.590159059227498,0.0893687452878255,-2.41498426321044,0.557402677085934,-0.584467361136468,1.63162467194514,5.3628521275243,0.0321530159125401,1.42550592002126,-0.0278446797344722,0.907856185913931,0.2057682844746,-1.58100457593917,-0.214487006075843,0.0252005997327805,-3.68088748582809,0.312324859706915,-1.16371141585376,0.146954106796589,5.94562754879901,0.165149152650649,0.71822827375538,-1.07638812890214,1.0534086479315,0.190269447421221,-1.65931406711641,0.375672053151655,-0.0641681455550449,-1.26590322261765,-0.24507781737902,-0.579244054717296,-1.48467056514855,0.582775421274705,0.132996136738109,-0.707277646265883,-1.04854344916767,0.145552462017574,-0.0154988370533795,-0.0783094911772448
10611753,-1.372629154501,0.0694410968252775,-2.66727641345989,0.558273202748092,-0.582906825761354,-1.13293761272705,6.38175120546027,0.168361109357661,1.52613675819574,-1.785931817074,0.685374309771908,0.149789704920825,-1.89852293575589,-2.31944900103496,0.0399219829972496,-3.2208281544928,0.375814220535304,-0.978660352018065,-1.24197464761645,6.45659341347819,0.108392192554928,2.64214598188141,-4.53243915650845,0.650971247206692,0.159238459762268,-1.83735245332667,-0.946819846533963,-0.0295191138280279,-0.553551741032908,-0.182458982212788,-0.395753526256711,-0.109037034889403,0.0748422080179187,-0.0599689168027323,1.11600922368567,-2.74650733943445,-0.0344030625652155,0.00944875484144317,0.0611704824292187
10611777,-3.73528200858235,0.029623011948794,-3.51920378899234,0.356511368288659,-1.03138915102848,-0.775895770923995,5.79487711477656,0.0428067235828183,1.37864314073966,0.270589853798377,0.680250021634018,0.143978028909483,-1.93809456806468,-2.22686712900338,0.039733337426637,-3.22556470999961,0.500140347631796,-0.692866524683899,0.898802716941109,6.02615582325256,0.131414574277228,3.14391248844268,-4.51475609100903,0.67687155740272,0.105913422678834,-2.24513328578693,1.50841487957897,0.010110325477843,0.293639078992721,0.143628979343137,0.33852262634458,1.6746984878651,0.231278708476,0.0886078506944101,1.76526934770302,-4.78534594480741,-0.00337846423129795,-0.0380646062306481,-0.30703871772225
10611780,-1.5322904056658,0.0318699297949453,-3.44609235341238,0.564572917550527,-0.571685731811407,-0.306002318925003,6.97604568864522,0.0101192930383529,-1.83253819442084,-0.225986049493036,0.772582566887333,0.202072525293301,-1.59912860991352,-1.32441752994336,0.0234094496289688,-3.75461550783818,0.368975471016883,-0.997025111360107,-1.04904704446501,6.4596419846308,0.131411073111974,2.6660755691739,-2.71361785835199,0.756850060022426,0.134927833440204,-2.00301521058525,0.207872875722435,-0.00846048016597649,-0.308523154425794,-0.195597446533644,-0.4253393795487,-0.743044725540009,-0.51640370401442,0.121291780073621,4.49861376359474,-2.48763180885895,-0.0157325068649073,-0.0671446918530972,-0.403886600671725
10611794,-2.39021879699005,0.0445875574581044,-3.11030043963848,0.588291101681876,-0.530533382703126,-1.34600748699283,6.05144586048751,0.0986691888203662,2.83962622350254,-5.23070115354973,0.213868724134182,0.110048262200185,-2.20683626213675,-1.83649377175662,0.0232986322979511,-3.75936061979213,0.25061203781007,-1.38384920171987,-0.711244125903114,6.61237386305976,0.123458456236867,1.11385078576112,-4.65930934759293,0.359326304192267,0.119881326723783,-2.12125296949629,0.553725025233434,-0.0212889251601533,-0.649060180153645,-0.337679063871806,-0.853315819016742,0.634763361089713,0.560928002572247,0.0247892674165011,-1.72577543774142,0.5713918059568,0.145457580058085,0.00983306452359708,0.0855832926404547
10611795,-1.87950085659533,0.0177581763363989,-4.03090923045177,0.766387958890254,-0.266066763709017,-0.994971995291494,6.10004828245644,0.0212499537352111,1.66740874068446,0.0798475673593764,0.351594101528977,0.0744641684544147,-2.59743722963858,-1.67297367767625,0.00445785803003385,-5.4130868906373,0.141404862460383,-1.95612813813084,-0.286809079917052,6.66144523105705,0.154810261151996,1.39914491530774,-3.16823581754516,0.31939859903203,0.058331609570051,-2.84161114439105,0.206527178919076,-0.0133003183063651,-1.38217766018553,-0.624983096429871,-1.69006137442182,0.708162915374442,0.561396948600607,0.133560307416785,-0.268263825376723,-3.24808338490453,-0.032195502496947,-0.0161325588843637,-0.244173914752472
10611796,-2.2793350497179,0.0318855490550168,-3.44560237951004,0.364564901109778,-1.00905068821251,-2.9357822300079,6.29423608470179,-0.00428430921887704,1.11182198112303,-2.12108448575178,0.363137146926667,0.16264639890965,-1.81617676642684,-2.9516161047454,0.101308390034675,-2.28958604751775,1.12924123108582,0.121545930267456,-1.85014894218009,6.22640601606392,0.00494737305491043,3.42562078139551,-5.16053680184186,-0.298827125483252,0.231385703086117,-1.46366925054739,-0.672281055027501,0.0694228409796581,1.15601633199229,0.764676329976047,1.13059661847996,1.08563328782781,-0.0678300686378686,0.00923168227378747,2.31379880027249,-3.03945231609008,-0.661964272409919,0.0687393041764667,0.352507515879453
10611807,-5.57566327958755,0.0422802855900469,-3.16343436327144,0.998186406330225,-0.00181524022185983,-0.885890412010265,6.42064443157916,0.0510523693154822,-0.889660291204811,-0.243176803783298,0.500642481734982,0.0339912220633139,-3.38165296230719,-2.34665769776781,0.0434986505336979,-3.13502536358254,0.971021843806662,-0.0294063147474911,-0.767267110875157,6.45054828860341,0.181989134386634,3.04399054653601,-7.26876455908267,0.65556383821823,0.0462949143001191,-3.0727231662531,3.22900558181973,0.001218364943651,0.0284089996888963,-0.0271645625235628,-0.0275910745256313,0.118623301135108,0.0299038570242462,0.130936765071152,3.93365083774082,-7.02558775529937,0.154921356483248,0.0123036922368053,0.308929796054093
10611808,-2.36956073504105,0.0448655357684539,-3.1040853565124,1.05226046137027,0.0509406705248221,-3.70748490781142,6.56067946928942,0.100208834444685,0.474760247206973,-4.75561069599861,1.16074535530368,0.133792106589631,-2.01146812712665,-2.64255217918268,0.0379469079818669,-3.2715672545635,0.997315559090314,-0.00268805048242165,-3.4323096262246,6.52691891295178,0.0104435762854504,1.4957500766791,-3.75899137451489,0.82986288626187,0.182283298695645,-1.70219321589018,-0.272991444141635,-0.00691862778658704,-0.167481898051093,-0.0549449022799583,-0.0536287210072438,0.275175281586818,-0.0337605563376364,-0.0897652581592345,1.02098982947213,0.99661932148372,-0.33088246904181,0.0484911921060133,0.30927491123647
10611812,0.204904592196127,0.0243971147840925,-3.71329040022824,0.233156042470682,-1.45604733939762,-1.92816509063541,6.43728121892274,0.0969842197429171,0.595721331280938,-0.78796571978129,1.11485496252885,0.12580209622156,-2.07304527172617,-3.18714864675522,0.0277967324905358,-3.58283680150514,0.266935818029208,-1.32074703139133,-1.32154067663208,6.60893011102214,0.0244146413639259,-0.88173570880467,0.115012666913927,1.03895872844601,0.137482878874232,-1.98425588690674,-3.39205323895135,0.00339961770644328,0.1304535987231,0.0337797755585258,0.13530030800629,0.606624414003333,0.171648892099403,-0.0725695783789911,-1.47745704008561,0.902978386695217,-0.0758962340828473,0.0116807826526722,0.088789384819425
10611825,-2.11470539332049,0.059945406366687,-2.81432102485331,0.714564423213094,-0.336082120228178,-0.2874219822834,5.48496038388452,0.0493874663433331,2.01442581065856,0.278920884741027,0.676493140909077,0.234135753625798,-1.45185418814274,-2.24491681002406,0.0270167983599058,-3.61129644496203,0.234291045139204,-1.45119115383512,-0.625025820906791,6.65113298862106,-0.0439043263565619,0.23457687168787,-3.28990913210683,0.897584814018978,0.339177859861684,-1.08123064882886,-0.130211416703565,-0.0329286080067812,-0.796975420108723,-0.480273378073889,-1.11510903360694,-0.337603838623391,1.16617260473654,-0.093291792699895,-1.77984893897069,-3.56883001684786,0.221091673109901,0.105042106235886,0.370623539313883
10611841,-1.23936661480924,0.0516988879768609,-2.96231900685071,0.553904177136567,-0.590763572652564,-0.199402748579421,5.76367811823668,0.129998291029372,1.38896863837858,0.875734378860038,1.51788941717041,0.251974438041042,-1.3784276329608,-6.22074918440003,0.224404214432272,-1.49430632461748,1.78604257816262,0.580002322126814,-0.114128781872766,5.66731557072634,0.262997264951505,2.10618936112771,0.0994718137182992,1.11111365274362,0.198174463164567,-1.61860750915843,-4.98138256959079,0.172705326455411,1.46801268223323,1.23213840102605,1.17076589477938,0.0852739667066546,-0.0963625475103429,0.132998973922133,0.717220722749135,-0.776262565141738,-0.406775764426793,-0.0537999748764759,-0.240179876197631
10611848,-2.13848887334958,0.0362999359941753,-3.31593930095875,0.356681865169446,-1.03091102847757,2.86721458843986,6.67592650054583,0.0198282181231575,0.774978547442577,-2.57302333351973,0.329626113385201,0.096524466591951,-2.33795876296002,-1.73771440189058,0.0567852677888175,-2.86847835681241,0.463580407144053,-0.768775430825383,2.07757999261154,6.81474246489748,0.106211316670747,0.984318055685815,-3.23083363791244,0.551370015254951,0.144222197296013,-1.9364001318863,0.400774471458998,0.0204853317946422,0.447460944146336,0.106898541974607,0.26213559765219,-0.789634595828315,0.138815964351653,0.0863830985475897,0.209339508243239,-0.65781030439271,0.221743901869751,0.0476977307040618,0.401558631073723
10611879,-4.11335592245627,0.0791466762387138,-2.53645248673062,1.24830598592487,0.221787420924826,0.595689756680912,6.42208994041881,0.115680679510456,-1.04868096595042,-0.531571213188719,0.848308115733296,0.0817643916503024,-2.5039134400468,-2.99689426543968,0.04685868207771,-3.06061897097341,0.67517532574452,-0.392782879992947,-1.68564420395663,6.57831262717197,0.0850749636655218,1.77033784399013,-7.08594012785362,0.661541651065638,0.0879254449536645,-2.43126604003024,1.11646165701659,-0.0322879941610038,-0.524166484242793,-0.573130660180355,-0.614570300917773,-2.28133396063754,0.156222686753165,-0.0306057158449341,2.81901880994056,-6.5543689146649,-0.186766464667658,0.0061610533033621,0.0726474000165602
10611888,-5.81977367699346,0.0589840105940581,-2.83048887868579,0.89000189022532,-0.116531692409533,-2.21937310966178,6.48382721661964,0.0734490738315581,-0.492679181675082,-0.0267779179667977,0.624598400531509,0.177923497856226,-1.72640160839967,0.0821946431372921,0.0251143426716376,-3.68431617486253,0.38594979534106,-0.952047981859611,-3.66969886875496,6.50098615720899,0.259468922333607,1.42997993298811,-1.42363842656365,0.595327448783004,0.153038346491959,-1.87706675832592,5.90196832013076,-0.0338696679224205,-0.853827296176745,-0.50405209488426,-0.835516289450078,-1.45032575909318,0.0171589405893444,0.186019848502049,1.92265911466319,-1.39686050859685,-0.0292709517485055,-0.0248851513642672,-0.150665149926254
10611904,-4.94870445754372,0.029677896079928,-3.51735274999042,0.684526773371676,-0.379027521254238,-1.20976062790044,6.56702049286295,0.03784087720775,-1.59477197973126,-0.530893629740862,0.714648225057601,0.151000389522953,-1.89047286254834,-2.19786375144994,0.053055883812111,-2.93640950938216,0.916786486266836,-0.0868806732406436,-1.98414935483335,6.5019965676866,0.0981438158920895,1.54030805888775,-3.96567552651119,0.829392652296977,0.123797348141541,-2.08910933946558,2.75084070609378,0.0233779877321829,0.580943240608264,0.232259712895159,0.292146848013594,-0.774388726932913,-0.0650239251763542,0.0603029386843395,3.13508003861901,-3.43478189677032,0.114744427239376,-0.0272030413814118,-0.198636476917244
10611905,0.918575179465294,0.0204184668149798,-3.89131555158258,0.150164154355534,-1.89602622089363,0.343965348597783,6.37295599195057,0.0820921180633404,1.78163757098459,-0.29036852863812,0.316187124745417,0.210787590559449,-1.55690433236155,-2.04655698168157,0.0817471910926265,-2.50412382951831,0.675783721649355,-0.391882192518907,0.235758387684127,6.41938588047567,0.0478530980074851,1.3746279152257,-0.92906699756032,0.251590884695271,0.355452248198292,-1.03436436169124,-2.96513216114686,0.0613287242776467,1.38719172206427,0.52561956729382,1.50414402837472,-0.108206960913656,0.0464298885251022,-0.0342390200558554,-0.407009655758885,-0.6386984689222,-0.0645962400501457,0.144664657638843,0.522539970670312
10611981,-3.34408795385169,0.0297597883539556,-3.51459718080478,0.258831441568534,-1.35157823390264,1.08046164422651,6.19624733723506,0.0511184485320308,0.732240127484314,-1.24534857989329,NaN,NaN,NaN,NaN,NaN,NaN,NaN,NaN,NaN,NaN,0,0,0,2,0.135335283236613,-2,NaN,NaN,NaN,NaN,NaN,NaN,NaN,-0.0511184485320308,-0.732240127484314,1.24534857989329,NaN,NaN,NaN
10611992,-6.45187859543345,0.0604520604976111,-2.80590461652026,0.617550288949219,-0.481994774202151,-1.01649388598548,6.41291715662634,0.196700494588523,-1.29567616250086,0.194381102466874,1.03349536889858,0.151200938031753,-1.88914561134224,-0.308734765882904,0.0297057404839112,-3.51641496956353,0.625875840014397,-0.468603266188895,-0.316128988226435,6.64154626849244,0.0902507799978713,-0.489527949233578,-0.64728440756757,0.722839186724167,0.0763302896005574,-2.57268543911951,6.14314382955054,-0.0307463200136999,-0.710510353043264,0.00832555106517818,0.0133915080132565,0.700364897759049,0.228629111866093,-0.106449714590652,0.806148213267283,-0.841665510034444,-0.310656182174412,-0.0748706484311956,-0.683539827777273
10612047,-4.7499449229232,0.0762016292109211,-2.57437243579735,0.776941681891197,-0.252389986912378,1.69127605040387,5.58745666053819,0.0263585785994705,3.00876716175477,-0.235682594428735,0.619186510736093,0.124643152071467,-2.08230040777424,-1.91480871839865,0.0559014921984851,-2.88416420510786,0.459013817703361,-0.778674965445815,1.64721036815977,6.45140868459118,0.112423668072577,1.25427597619163,-3.68813759209914,0.67039609315961,0.114492914939442,-2.16724233616053,2.83513620452456,-0.020300137012436,-0.309791769310511,-0.317927864187836,-0.526284978533437,-0.044065682244097,0.863952024052995,0.086065089473106,-1.75449118556314,-3.4524549976704,0.051209582423517,-0.0101502371320258,-0.0849419283862889
10612048,-4.23522961043587,0.0275899343023001,-3.59030427196998,0.391014171189671,-0.939011476201705,1.65570404918131,6.54622289780538,0.0241775312757351,-2.83387414561267,-0.300619007448781,1.76199188272849,0.140199385570996,-1.96468968690911,-3.37385002324861,0.0348137976927725,-3.35774148535679,0.739641357524699,-0.30158986225931,-0.725011934029606,6.21613291786208,0.0730901474378376,-0.22921987068334,-2.39705480690991,1.81564932249168,0.148356228150844,-1.90813895030995,0.861379587187263,0.00722386339047242,0.232562786613195,0.348627186335027,0.637421613942395,-2.38071598321092,-0.330089979943301,0.0489126161621025,2.60465427492933,-2.09643579946113,0.0536574397631897,0.00815684257984758,0.0565507365991571
10612179,-4.60733964269855,0.0893114032351733,-2.41562610344949,0.767342463225848,-0.264822080230017,3.1935158218316,6.07434203972455,0.0265873679992719,-0.477796520429968,-1.08530907227324,-0.129688669695376,0.176523966576053,-1.73429862386083,-3.30544258876032,0.174990928400901,-1.74302114411138,0.559855390017256,-0.580076760712637,1.57688039761321,5.85094687753448,-0.0505224545059572,1.98511651142165,-2.14810393103048,0.213299603446312,0.349732820122534,-1.05058578709322,1.30189705393823,0.0856795251657274,0.672604959338104,-0.207487073208591,-0.31525468048262,-1.61663542421839,-0.223395162190076,-0.0771098225052291,2.46291303185161,-1.06279485875724,0.342988273141689,0.173208853546481,0.683712836767613
10612196,-2.62832737164655,0.045731113192672,-3.08497639888656,0.381927553978251,-0.962524337632853,2.88318600477317,5.55655184121481,0.0369304129348349,1.25640902089402,1.4042031337834,0.0476348034707076,0.0812350988897507,-2.5104078728718,-5.96230908703974,0.0581467209572065,-2.84478579099336,0.618663587573345,-0.480193631299225,2.2214175097418,5.60461331823744,0.116188028030468,1.68313596743045,0.0984911176183595,0.344005004646584,0.191058531532996,-1.65517545006431,-3.3339817153932,0.0124156077645346,0.240190607893201,0.236736033595094,0.482330706333627,-0.661768495031371,0.0480614770226273,0.0792576150956336,0.426726946536434,-1.30571201616504,0.296370201175877,0.109823432643246,0.855232422807489
10612243,-1.88611881465892,0.0564414657246878,-2.87455118272651,0.636269758850814,-0.452132656431333,-1.69396215837813,6.9695372656748,0.0330133697780259,0.184885003999348,-1.32473312536032,0.567499038089095,0.069027860918716,-2.673245074452,-1.93700639086511,0.0191064354238375,-3.95773006749358,0.142672651044743,-1.94720242637288,-1.54870839716524,6.87160188856728,0.0443172277326063,1.53252197263108,-2.07824619007245,0.372720642856541,0.0749668608120265,-2.59070911893253,-0.0508875762061942,-0.0373350303008503,-1.08317888476707,-0.493597107806072,-1.49506976994155,0.145253761212896,-0.0979353771075262,0.0113038579545804,1.34763696863174,-0.753513064712125,-0.194778395232554,0.00593899989331052,0.0825359555194658
12640809,-2.06210748500763,0.0443123150285746,-3.11649264894788,1.01723272925196,0.0170859298759219,-1.71439979791615,6.01887371576537,0.0961139176402486,1.33852886422573,-2.34524253087328,0.835750641596421,0.136936379838525,-1.98823884175283,-2.13283826192392,0.0387700847076065,-3.25010634242661,0.563216065290472,-0.574091949526541,-1.85811102487781,6.41680821176231,0.0748270792207772,-0.0143371218868245,-4.16143772176798,0.801952121463946,0.180800852196445,-1.71035911755926,-0.0707307769162928,-0.00554223032096805,-0.133613693478737,-0.45401666396149,-0.591177879402463,-0.143711226961662,0.397934495996941,-0.0212868384194714,-1.35286598611256,-1.8161951908947,-0.0337985201324749,0.0438644723579201,0.277879724193578
12640826,-2.05854137889493,0.0592495214546341,-2.82599757571455,0.828905672276274,-0.187648915271052,-0.653990519083906,5.94836256940883,0.220915486292181,0.79784106966826,-1.28018408132788,0.406992034388171,0.158570508682028,-1.84155593485223,-6.21569351258235,0.048116281839507,-3.0341346593667,0.518248437667123,-0.65730054230249,-0.868152980178674,6.09104232835749,0.194478805094223,-0.304227198028898,-0.0125235830990572,0.142247016749835,0.172040913876234,-1.76002295908214,-4.15715213368741,-0.0111332396151271,-0.208137083652148,-0.310657234609152,-0.469651627031437,-0.214162461094768,0.142679758948659,-0.0264366811979583,-1.10206826769716,1.26766049822882,-0.264745017638336,0.0134704051942059,0.0815329757700842
12640834,-2.43584578502746,0.0639432882545887,-2.74975870948183,0.600151064637555,-0.510573881059921,-0.4683855564858,6.64913597368539,0.0950390128198897,1.07366657087204,-7.6549581909906,0.451855006574188,0.0736606144553759,-2.6082870262219,-3.66972586477053,0.0379087651458946,-3.27257292329239,0.459156111348428,-0.778365014876308,-0.17248955285625,5.62010444361201,0.0487479927353552,1.89072933980295,-0.424657312179236,0.466043639333099,0.0763389616673526,-2.57257183318076,-1.23388007974307,-0.0260345231086941,-0.522814213810559,-0.140994953289126,-0.267791133816388,0.295896003629551,-1.02903153007338,-0.0462910200845345,0.817062768930909,7.23030087881136,0.0141886327589111,0.00267834721197674,0.0357151930411388
12640835,-2.88000501307811,0.058015267975295,-2.84704906212418,1.23788448035014,0.213403858398231,-0.319110557197096,6.17635255557733,0.0864400639367295,2.17848583243754,-3.87222130756018,0.84330774365899,0.168924603496072,-1.77830279676541,-3.89131316477451,0.0360112668717208,-3.32392342083159,0.871035526178112,-0.138072515156484,-2.54153145420976,5.71165993844463,-0.00600782197167214,2.02457602505312,-1.449529595145,1.40078163260622,0.175349404761843,-1.74097469697346,-1.0113081516964,-0.0220040011035742,-0.476874358707414,-0.366848954172033,-0.351476373554715,-2.22242089701267,-0.464692617132708,-0.0924478859084016,-0.153909807384424,2.42269171241518,0.557473888947234,0.00642480126577083,0.0373280997919412
12640856,-2.1615823344947,0.0673555380475872,-2.69777015162823,0.578065448924308,-0.548068183287122,-0.261572602716027,6.21191796328348,0.207694736302149,2.44856098795755,-5.23309985839603,0.614075568175091,0.127027300617375,-2.06335325013418,-0.412412371457838,0.041938986774183,-3.17153941273718,0.440059493098951,-0.820845349621567,-1.98153393892692,5.92384715256056,0.279142429793263,2.26514377296753,-1.77248448974425,0.634727740032551,0.101076120528718,-2.29188137740527,1.74916996303686,-0.0254165512734043,-0.473769261108945,-0.138005955825356,-0.272777166334445,-1.71996133621089,-0.28807081072292,0.071447693491114,-0.183417214990022,3.46061536865178,0.0206521718574604,-0.0259511800886564,-0.228528127271091
12640861,-2.78008862645752,0.0242857346268258,-3.71786615341236,0.284019793081232,-1.25871134930144,-0.259194900134324,6.77195236952742,-0.0108857143170738,-0.395564016207126,-2.77525091153027,0.26294502351001,0.118018952544254,-2.13691005263183,-3.21579098825187,0.0245189675240797,-3.7083082763015,0.2903069347907,-1.23681651987759,-2.40376581006767,6.71544689987038,-0.0385847838040062,-0.515321960775863,-1.40018491547501,0.357681611155225,0.0577475824094178,-2.8516737934969,-0.435702361794352,0.000233232897253938,0.00955787711086087,0.00628714170946759,0.0218948294238483,-2.14457090993335,-0.0565054696570488,-0.0276990694869325,-0.119757944568736,1.37506599605525,0.0947365876452153,-0.0602713701348361,-0.714763740865067
12640863,-3.08092345562826,0.0373267811725648,-3.28804421606414,0.836269995638356,-0.178803756748307,0.957796370841882,6.73333815826128,0.100589194354594,0.778906024302692,-6.21919702549851,0.684154476151193,0.060298825903611,-2.80844264635712,-4.479447849365,0.0484066099515743,-3.02811890533688,0.984615043914327,-0.0155045325605369,-0.737904422370485,6.52897843620587,0.0403916658151426,-0.568007327667542,-0.957072383486834,0.468484413761179,0.0712674083624343,-2.64131616178276,-1.39852439373674,0.0110798287790095,0.259925310727257,0.148345048275971,0.16329922418777,-1.69570079321237,-0.204359722055418,-0.060197528539451,-1.34691335197023,5.26212464201167,-0.215670062390014,0.0109685824588233,0.167126484574354
12640870,-3.56087723251153,0.101419867352223,-2.28848627652163,1.02373486075517,0.0234575680466645,0.451104210327135,6.0311112811113,0.0429465894429365,3.67901664109199,-6.14416158431045,0.550203352586477,0.115534517467213,-2.15818594113783,-3.03050276980278,0.0264378690890725,-3.63295786145711,0.401241654978732,-0.913191402314975,-0.248775616225193,6.67240890382721,-0.0562213356545812,-1.59573716306707,0.932355330261944,0.801900760755176,0.0875126183041187,-2.43597228682579,0.530374462708749,-0.074981998263151,-1.34447158493548,-0.622493205776442,-0.93664897036164,-0.699879826552328,0.641297622715917,-0.0991679250975177,-5.27475380415907,7.0765169145724,0.251697408168699,-0.0280218991630938,-0.277786345687954
12640879,-2.00085669379666,0.051817292127038,-2.96003136057752,0.678810714299362,-0.387412961569614,4.26513358305339,5.86282328190258,0.195818720807542,2.4199512337819,-3.05566478343782,0.537565417514974,0.170253154498415,-1.77046880549912,-2.89297237648956,0.0453913129109609,-3.09243453781728,0.700976892450844,-0.355280356184379,4.53114830663576,6.75117145121729,0.100804277139549,-1.88757136026557,-3.17114904071423,0.00906895514465255,0.174853187545705,-1.74380858546617,-0.8921156826929,-0.00642597921607709,-0.13240317723976,0.0221661781514824,0.0321326053852347,0.26601472358237,0.888348169314705,-0.0950144436679933,-4.30752259404747,-0.115484257276417,-0.528496462370321,0.00460003304729001,0.0266602200329451
12640880,-4.55844621641623,0.173128428611904,-1.75372159798015,1.50519756250133,0.408924160350587,-0.956435712266018,7.11479368896387,0.0226563374856435,-0.103468589021078,-1.05254330941285,0.302797980401197,0.112247960866019,-2.18704491852906,-4.848999382225,0.075328954047337,-2.58589070218269,0.802256842078858,-0.220326470416688,-2.85443877249989,7.10328278129387,0.144638298287457,-0.302970042020523,0.0370115338860243,0.131819188730066,0.0991399697539104,-2.31122259147438,-0.29055316580877,-0.0977994745645673,-0.832169104202544,-0.702940720422468,-0.629250630767274,-1.89800306023387,-0.0115109076700062,0.121981960801814,-0.199501452999445,1.08955484329888,-0.170978791671131,-0.0131079911121088,-0.124177672945319
12640939,-3.04243886988127,0.0176879176178753,-4.03487349295281,0.634699984988517,-0.454602856321018,-1.33086986382174,6.75237413060666,0.0317172978221509,-0.534844554475042,-3.55417478564015,1.34681084591206,0.07699711642766,-2.56398730682111,-2.69406368754005,0.0290241438549951,-3.53962724864648,0.553101686385325,-0.59221341301612,1.31911024538784,6.30302686270349,-0.0404104721630461,-0.427511890668562,-0.353183934534951,1.38330192596531,0.092133931024393,-2.38451198853762,0.348375182341219,0.0113362262371198,0.495246244306323,-0.0815982986031918,-0.137610556695102,2.64998010920957,-0.449347267903162,-0.072127769985197,0.10733266380648,3.2009908511052,0.0364910800532527,0.015136814596733,0.179475318283495
12640942,-1.62051072892659,0.0458189268309456,-3.08305802364213,0.459599036954209,-0.777400828409625,-0.198474189163256,5.7558503211697,0.244384118709644,3.00333403659551,-3.22483193406517,0.255956334669211,0.183788389299996,-1.6939702413497,-2.83956633568943,0.0423570975140592,-3.16161928009463,0.470496455596431,-0.75396685325515,0.259092699090264,6.07039907355338,0.018402406242836,0.65182792777415,-2.46790219687881,0.636685401798534,0.2164112269985,-1.53057485258616,-1.21905560676284,-0.00346182931688639,-0.0785612564525047,0.0108974186422219,0.0234339751544747,0.457566888253521,0.314548752383685,-0.225981712466808,-2.35150610882136,0.756929737186364,0.380729067129322,0.0326228376985041,0.163395388763535
12640943,-0.184526152221508,0.0641331425122408,-2.74679400480393,0.753446447370501,-0.283097335278734,-0.302024524749323,6.0853356388658,0.17851031588759,1.43878929002706,-0.895360786889392,0.996027245815806,0.180505390024725,-1.71199464002223,-4.11436686104587,0.0262897248748687,-3.63857710530581,0.197523896773769,-1.62189570563754,1.31447459295006,6.3480779343093,0.0313763309884299,-0.941106531573393,0.0431292686383963,0.421503053840805,0.175638757078704,-1.73932590984119,-3.92984070882437,-0.0378434176373722,-0.891783100501879,-0.555922550596732,-1.33879837035881,1.61649911769938,0.262742295443497,-0.14713398489916,-2.37989582160045,0.938490055527789,-0.574524191975001,-0.0048666329460203,-0.0273312698189632
12640955,-1.15643044999919,0.0291837616455282,-3.53414283242318,0.328606156827767,-1.1128953370123,0.330140448545414,6.07782516141266,0.152136734677829,2.02981924921137,-1.65425957540269,0.589263857413273,0.213205394325602,-1.5454992852957,-3.03132556417406,0.0329926189447278,-3.41147141087473,0.304146339777846,-1.19024631255433,-1.55409341107122,5.53781420013546,0.071840614380898,2.65999127886529,0.404320286418848,0.221860999333083,0.192097673701119,-1.64975131911375,-1.87489511417487,0.00380885729919957,0.122671421548445,-0.0244598170499212,-0.0773509755420334,-1.88423385961664,-0.540010961277206,-0.0802961202969306,0.630172029653919,2.05857986182154,-0.367402858080189,-0.0211077206244832,-0.104252033818053
12640956,-5.71555907744466,0.155585970951403,-1.86055683228329,1.41337801430491,0.34598259397103,-0.725817350700742,4.86639733540804,0.0254162298122087,5.52562057916804,-0.452641129688262,0.737070072132806,0.11405760025823,-2.17105169276816,-2.92777709215583,0.0403258726803397,-3.21076201403108,0.339056988592498,-1.08158707778777,-1.7730633569627,6.60611993416693,0.0106973715223491,-0.897916878138993,0.0553087859644534,0.779518070521313,0.25901624044035,-1.35086451484554,2.78778198528884,-0.115260098271064,-1.35020518174779,-1.07432102571241,-1.4275696717588,-1.04724600626196,1.73972259875889,-0.0147188582898595,-6.42353745730703,0.507949915652715,0.0424479983885078,0.14495864018212,0.82018717792262
12640966,-3.01814373853431,0.0445480517223219,-3.11118685840495,0.375026111306092,-0.980759625286213,-1.96033660111293,5.82298469720049,0.0623993447687102,2.53094201581124,-3.87210744379463,0.419351679274101,0.102741584362835,-2.27553833297145,-2.06107271136447,0.0540470756518768,-2.91789984085874,0.70799568867204,-0.345317274753229,-4.53210828892831,5.6948416993946,0.0844534470758158,3.05169893006206,-2.91221438189679,0.0289268882139921,0.0825354417364457,-2.49452748108639,0.957071027169836,0.00949902392955486,0.193287017546216,0.332969577365948,0.635442350532984,-2.57177168781538,-0.128142997805886,0.0220541023071057,0.520756914250823,0.959893061897838,-0.390424791060109,-0.0202061426263894,-0.218989148114941
12640969,-3.59105769895625,0.0612969884122813,-2.79202456592087,0.459455418955874,-0.77771336266389,1.53473072970192,6.72904188208074,0.0479019267196886,-1.01081277313812,-1.42834724759432,0.422955318293254,0.120108780054308,-2.11935744637093,-0.462221609694535,0.0533418722922399,-2.93103365975244,0.32888502334926,-1.11204706239927,0.629936666220939,6.45278432508741,0.127117352471334,0.748944752864607,-1.28451254230194,-0.0185971822407792,0.119690838864066,-2.12284320348188,3.12883608926172,-0.00795511612004142,-0.139009093831572,-0.130570395606614,-0.334333699735383,-0.904794063480985,-0.276257556993325,0.0792154257516457,1.75975752600273,0.143834705292384,-0.441552500534033,-0.000417941190241605,-0.00348575711095478
12640992,-3.31997627018897,0.0463056430166479,-3.0724914459074,0.490112043135868,-0.713121254555099,0.245750230634456,5.76675110705209,0.0398101251136674,3.36635046779963,-2.94763338520991,0.540710900062726,0.14953180790799,-1.90024614685565,-4.25251172788711,0.0476978622077111,-3.04286869954058,0.64290640208883,-0.441756129743107,-0.00525623316619171,6.54683248963721,-0.0546764585481627,-1.04467833317887,-1.34386230221294,0.409362163473488,0.159041224301978,-1.83859183802769,-0.93253545769814,0.0013922191910632,0.0296227463668206,0.152794358952962,0.271365124811992,-0.251006463800647,0.780081382585125,-0.0944865836618301,-4.41102880097851,1.60377108299697,-0.131348736589238,0.00950941639398756,0.0616543088279615
12641008,-2.0569863179584,0.0296154828959637,-3.51945798359639,0.303122863443662,-1.19361706574851,-2.30825848688827,5.99559848407423,0.17379719626313,3.46696757250683,-4.33173076258747,0.565017259135366,0.127173915938933,-2.06219971247765,-1.93634823880986,0.0378147492982872,-3.27505605938574,0.462249738496824,-0.771649974433129,-1.03582141290222,6.07599866733386,0.160006348041515,1.91561475964034,-2.87757006047595,0.758055419461147,0.152956077133358,-1.87760447636411,0.120638079148539,0.00819926640232344,0.24440192421065,0.159126875053162,0.421967091315382,1.27243707398605,0.0804001832596271,-0.0137908482216152,-1.5513528128665,1.45416070211153,0.193038160325781,0.025782161194425,0.184595236113548
12641009,-2.61207406149621,0.0715831742163989,-2.63689522960932,0.920565139407657,-0.0827675155681437,1.48367433977087,6.13800278525041,0.0735334743453548,0.49196050149908,-2.53215365013375,0.788878162741782,0.113992663897457,-2.171621184435,-2.13667066605151,0.0532193470183548,-2.93333328298635,0.539993886637448,-0.616197460529663,2.5860938868068,6.03512901141083,0.0260843129431859,0.496616984812555,-0.899611542350249,0.775839628439207,0.155096791749926,-1.86370589405597,0.475403395444703,-0.018363827198044,-0.296438053377031,-0.380571252770209,-0.53342994496152,1.10241954703593,-0.102873773839579,-0.047449161402169,0.00465648331347585,1.6325421077835,-0.0130385343025753,0.0411041278524694,0.307915290379035
12641010,-3.27779546502601,0.04144284131655,-3.18344011879279,0.440954622765766,-0.818813305052224,3.32184085477234,6.76053223237042,0.0182536352780688,-0.471277331042064,-1.07421111134451,0.273497916939544,0.172841547799169,-1.75538001286032,-0.881409737584249,0.0413489093557142,-3.18570923378014,0.442109126177116,-0.816198535573774,2.16870647988456,6.11915250090655,0.0601290549134866,1.93947700223764,-0.704147458928451,0.815734259184321,0.160438829468154,-1.8298425338676,2.39638572744176,-9.39319608358052e-05,-0.00226911498734594,0.00115450341135048,0.00261476947844974,-1.15313437488778,-0.641379731463872,0.0418754196354178,2.4107543332797,0.370063652416054,0.542236342244778,-0.0124027183310155,-0.074462521007274
12641036,-3.34401804023373,0.0329514696189986,-3.41271941754118,0.348911814699026,-1.05293606865415,-1.83966654073499,6.37440640418034,-0.00727069180880025,1.00552124580865,-1.06331266866585,0.593895464416416,0.0967389726742653,-2.33573893109515,-0.716816035329686,0.0293870390067594,-3.52720155195071,0.36771287140148,-1.0004528861163,0.127798369750794,6.8067954080521,0.201747202859393,1.01456773373863,-2.89713561432824,0.430408984887615,0.110885653846867,-2.1992557541581,2.62720200490405,-0.00356443061223923,-0.114482134409527,0.0188010567024541,0.0524831825378542,1.96746491048578,0.432389003871764,0.209017894668193,0.0090464879299843,-1.83382294566239,-0.163486479528801,0.0141466811726018,0.13648317693705
12641063,-4.00746599803977,0.0301709952860662,-3.50087423709225,0.383440509047999,-0.958570796549756,2.0771334452531,7.15049258653865,-0.0262892563470378,-2.86978172810254,0.0968353116960245,0.832424070807741,0.149027264112281,-1.90362600915625,-0.817924288259032,0.0357301354518794,-3.33176081596941,0.399278971242173,-0.918094930356427,-1.91164037112255,6.55354096664686,0.294670102098133,1.52726731713543,-3.04965818665268,0.270359677327526,0.182719259823765,-1.69980440339964,3.18954170978073,0.0055591401658132,0.169113421122837,0.0158384621941748,0.0404758661933287,-3.98877381637565,-0.596951619891787,0.320959358445171,4.39704904523797,-3.14649349834871,-0.562064393480215,0.0336919957114835,0.203821605756611
12641073,-2.31960730606287,0.0185365555425213,-3.98801052129766,0.300909398219241,-1.20094606213752,-0.322731126841174,6.04280271351943,0.175039263501063,2.82141796045,-4.45199797469679,0.81986476320255,0.185556977767723,-1.68439328632046,-1.90986955747977,0.0364593021090006,-3.31155865119291,0.409479637637068,-0.892868101865345,-2.59050969819597,6.28793404712544,0.144728942698391,2.18501135787845,-4.53724767263569,0.362326494237187,0.115789313496737,-2.1559830022404,0.409737748583102,0.0179227465664793,0.676451870104748,0.108570239417827,0.308077960272175,-2.26777857135479,0.245131333606012,-0.0303103208026719,-0.636406602571549,-0.0852496979388997,-0.457538268965363,-0.0697676642709862,-0.471589715919942
12641083,-0.294920432523272,0.0394586935747617,-3.23250088651907,0.491897602078765,-0.709484710007189,0.875058605865909,6.46592179123197,0.235613465336861,1.41152887255998,-1.86931316540751,1.5619067163427,0.088472834532003,-2.42505972852905,-2.59674184938455,0.0146529650694602,-4.22311257017812,0.206980603476838,-1.57513019311761,1.25321518436406,6.45946048080541,-0.0486792046650907,0.109688152075771,-0.757866685225721,1.19247418486885,0.103501120357486,-2.26817284162529,-2.30182141686128,-0.0248057285053016,-0.990611683659054,-0.284916998601927,-0.865645483110424,0.378156578498154,-0.00646131042656695,-0.284292670001952,-1.30184072048421,1.11144648018179,-0.36943253147385,0.0150282858254833,0.156886886903767
12641097,2.11286642974913,0.839386605812572,-0.175083885068939,1.54069157240316,0.432231388611505,0.42586341850852,5.25627040163182,0.041351065253289,3.91871602553163,0.561352590420597,0.0972712541538937,0.173743383659569,-1.75017587491944,1.61550425998243,0.519535203610338,-0.654820706330023,1.787971042321,0.581081481050263,-0.152923720800681,6.09996544727823,0.0556745912878693,1.95520895176501,-0.28922589468429,0.577620563399828,0.130941421549924,-2.03300521952954,-0.4973621697667,-0.319851402202234,-0.479736821261084,0.247279469917843,0.148850092438759,-0.578787139309201,0.843695045646411,0.0143235260345803,-1.96350707376661,-0.850578485104887,0.480349309245935,-0.0428019621096446,-0.2828293446101
12641108,-1.63904803307095,0.0445958035392008,-3.11011551543227,0.634240645029702,-0.455326830269068,-3.74721419048092,6.67858012177582,0.153732808475785,2.13268948646607,-5.28984809025472,0.411610678445631,0.147687822033286,-1.9126545435327,-3.72714300537715,0.0658991289655469,-2.71963005507928,0.793876673333634,-0.230827153056296,-2.83097673940062,5.86750777576399,0.0277085759426141,1.80851925855499,-1.36678821709376,0.573872867808534,0.17580824110256,-1.73836141711329,-2.0880949723062,0.0213033254263461,0.390485460352985,0.159636028303931,0.224499677212771,0.9162374510803,-0.811072346011827,-0.126024232533171,-0.324170227911085,3.92305987316096,0.162262189362904,0.0281204190692746,0.174293126419414
12641111,-3.33402908817694,0.028728986880556,-3.549848670081,0.394437236270667,-0.93029524825925,-1.9051445116211,6.10079607891638,0.0160256733752974,1.49997949847721,1.22545397648395,0.452674441788165,0.114509598996463,-2.16709662547147,0.634538296604916,0.0494610025447741,-3.00657074728487,0.593435316754959,-0.521827056962884,-2.39855357016842,6.69332706151876,0.0804920978384112,0.370964523982237,-0.515360757952788,0.476424217347864,0.110771677111051,-2.20028415908718,3.96856738478185,0.0207320156642181,0.543277922796129,0.198998080484292,0.408468191296365,-0.493409058547325,0.592530982602383,0.0644664244631138,-1.12901497449497,-1.74081473443674,0.0237497755596986,-0.00373792188541242,-0.0331875336157061
12641115,-2.34223794585017,0.0430732144086498,-3.1448539505057,0.490342199783905,-0.712651764716229,-0.634612575323808,6.21026218646833,0.155180994555471,3.49995586797304,-7.50524480550868,0.44199590145047,0.070288487647309,-2.65514725392693,-4.76683464083066,0.076252062898533,-2.57371080945359,0.885170794123056,-0.121974664884272,-0.426344279678359,6.41141207249242,0.0916984043168383,-1.52889164982782,-0.765511286802567,0.645986796620376,0.107434887895864,-2.23087030891309,-2.42459669498049,0.0331788484898832,0.571143141052114,0.394828594339151,0.590677099831957,0.208268295645449,0.20114988602409,-0.063482590238633,-5.02884751780085,6.73973351870611,0.203990895169906,0.0371464002485552,0.424276945013843
12641120,-2.00230675120033,0.0405009518377351,-3.20642980297952,0.313011722362458,-1.16151463750603,2.14512674490844,6.11507405175687,0.0899424070640366,1.53045215877761,-1.00688497247995,0.00934806469012538,0.113062051895361,-2.17981847917014,-4.06072664214738,0.0697020353148721,-2.6635257605678,0.665095019684539,-0.407825361789954,2.050764560363,6.3376117719637,0.00238265869092936,-0.815319443098514,-0.541678763570638,0.343910639381023,0.122003262667918,-2.10370749142681,-2.05841989094705,0.029201083477137,0.54290404241172,0.352083297322081,0.75368927571608,-0.0943621845454343,0.222537720206827,-0.0875597483731073,-2.34577160187613,0.465206208909312,0.334562574690898,0.00894121077255693,0.0761109877433275
12641138,-1.57247056385843,0.0370770139701636,-3.29475807091864,0.471058898163663,-0.752772143603964,2.91438365944249,6.60626953245235,0.163808330802778,1.36741944042775,-2.6638092018009,0.910291906511623,0.147223512406657,-1.91580335441952,-4.07907781099484,0.0290263769975386,-3.53955031074784,0.364811585821007,-1.00837426190852,1.56975272387472,6.66438919636994,-0.0120493252067146,-2.12628044813235,-0.691832475270464,1.43216207070618,0.109197816017563,-2.2145942157105,-2.50660724713641,-0.00805063697262504,-0.244792239829209,-0.106247312342657,-0.255602118304556,-1.34463093556778,0.0581196639175863,-0.175857656009492,-3.4936998885601,1.97197672653043,0.521870164194553,-0.0380256963890939,-0.298790861290981
12641167,-5.63163049068357,0.446035978828887,-0.807355660195797,2.80958748886286,1.03303767145289,0.294818263526221,6.24897476835316,0.344687953682809,-0.0615095495751313,0.430055866362857,0.202961408194446,0.167695446557178,-1.7856057628342,-0.951771472595596,0.0907087722273419,-2.40010120958808,0.97963870842377,-0.0205714401648248,1.78797014094091,6.21534076491368,0.128858060354148,0.287286237405213,0.679256091285303,0.681717681172332,0.206393515899436,-1.57797066108411,4.67985901808798,-0.355327206601545,-1.59274554939229,-1.82994878043909,-1.05360911161772,1.49315187741469,-0.0336340034394853,-0.21582989332866,0.348795786980345,0.249200224922446,0.478756272977885,0.0386980693422584,0.207635101750092
12641173,-1.87282164420919,0.0355154924042786,-3.33778627194374,0.984867559532441,-0.0152481041777157,2.95113229853849,5.39923330035192,0.118912717848957,2.57096642409014,-1.62905898347509,0.744845171794295,0.105898119320757,-2.24527778554326,-0.429958293970455,0.050807944083124,-2.97970255703466,0.747169381229324,-0.291463370919273,0.32450326594417,5.42900946795736,0.276587221160047,2.1899063852213,-1.5425809478388,0.487210669723756,0.104178969260781,-2.26164500054413,1.44286335023874,0.0152924516788454,0.358083714909077,-0.237698178303117,-0.276215266741557,-2.62662903259432,0.0297761676054344,0.15767450331109,-0.381060038868835,0.0864780356362864,-0.257634502070539,-0.00171915005997553,-0.0163672150008609
12641192,-2.89733216780583,0.0284564556994419,-3.55938023028646,0.57535512999321,-0.552767811452411,-1.26947201528864,6.45801066269536,0.0435136904540506,-0.520730367923553,-2.22229601015234,0.2491482476511,0.139677846661765,-1.96841660323415,-4.78115534568006,0.0311335185841496,-3.4694702721928,0.696870394152259,-0.361155833643733,-2.96261065054833,5.20297806972537,0.0948085646583166,2.9903246157771,-0.0701637737505553,0.933897914353176,0.0982850579635605,-2.31988326782274,-1.88382317787423,0.00267706288470767,0.0899099580936618,0.121515264159049,0.191611977808678,-1.69313863525969,-1.25503259296999,0.0512948742042659,3.51105498370066,2.15213223640179,0.684749666702076,-0.041392788698205,-0.351466664588585
12641202,-2.1314901963723,0.0271156082830173,-3.60764576548998,0.330425947784653,-1.1073727059618,1.19681809162466,6.58074163814612,0.182284396131371,3.69000329838638,-7.65490403342323,0.571482880624593,0.0983448930556545,-2.31927466172147,-3.51114131027738,0.0317545913434935,-3.44971795485446,0.52022007341804,-0.653503338826573,2.28414000388479,6.59345416192924,-0.00563750938576685,-1.18751261457967,-1.6025051461106,0.280748194648345,0.151912703279059,-1.88444924365358,-1.37965111390509,0.00463898306047621,0.157927810635526,0.189794125633387,0.453869367135228,1.08732191226013,0.0127125237831152,-0.187921905517138,-4.87751591296605,6.05239888731262,-0.290734685976248,0.0535678102234047,0.434825418067894
12641205,-3.82551559053222,0.0569154408644559,-2.86618860621974,0.449023135076293,-0.800680866784901,-1.32547304573517,5.56039083026246,0.125776161774089,3.92792732580782,-1.49457371373834,0.209072640600826,0.20840855613267,-1.56825491364691,0.65291707468687,0.0609310833949633,-2.79801183390224,0.429973005092635,-0.84403285111954,-0.671406754694409,6.02470376107764,0.069380936614678,1.69334741607214,0.289328194431752,0.224746005352218,0.279702150248781,-1.27402999110702,4.47843266521909,0.00401564253050744,0.0681767723174995,-0.0190501299836571,-0.0433519843346384,0.654066291040764,0.46431293081518,-0.0563952251594114,-2.23457990973567,1.78390190817009,0.0156733647513921,0.0712935941161111,0.294224922539889
12641208,-1.45546410489258,0.0530347023692393,-2.93680881800916,0.432890108668925,-0.837271373792877,0.17380772203946,6.00116898999925,0.162229152851618,2.09115556256699,-0.826974124700063,-0.0300814114058796,0.253108315383593,-1.37393775782774,-3.28654440285518,0.0584142915918558,-2.84019470004815,0.325542194102137,-1.12226319715658,0.189005144337026,6.58029628467969,-0.0418577578669894,-0.613771719930317,-2.17281235794773,0.313662296696073,0.179181081932957,-1.71935835358472,-1.8310802979626,0.00537958922261653,0.0966141179610158,-0.107347914566788,-0.284991823363701,0.015197422297566,0.579127294680447,-0.204086910718608,-2.70492728249731,-1.34583823324767,0.343743708101953,-0.0739272334506366,-0.345420595756976
12641255,-2.88773322284232,0.0448001347252997,-3.10554413230457,0.492172683544118,-0.708925641256641,-0.575153303608546,5.49880725402421,0.127318209973382,3.5536279464735,-3.15530524634889,0.169298610216221,0.147299492131808,-1.91528740336873,-1.50342631705185,0.0606778785782191,-2.80217608592015,0.336634127272824,-1.08875861415089,-1.63401785744046,5.72153503265105,0.0184506969816699,2.27409409091176,-0.681794824061957,0.575531020337081,0.348579132591711,-1.05389000829691,1.38430690579047,0.0158777438529194,0.303368046384417,-0.155538556271293,-0.379832972894252,-1.05886455383192,0.222727778626838,-0.108867512991712,-1.27953385556174,2.47351042228693,0.40623241012086,0.201279640459902,0.861397395071815
12641299,-1.50717724064776,0.0567267502572917,-2.86950939366149,0.676571454782752,-0.39071721273221,-0.675541852899575,6.40693494025897,0.0866431136686339,1.36203233746568,-1.39235664292751,0.690563240350423,0.121295812637102,-2.10952298434438,-1.62517803283967,0.0495325796303051,-3.00512465155964,0.427203776620168,-0.850494150972214,-2.07988127306664,6.31569294881386,0.107194022449176,1.79184253918693,-2.3167771393301,0.473831988576379,0.13408034009055,-2.00931610577672,-0.118000792191917,-0.00719417062698662,-0.135615257898147,-0.249367678162585,-0.459776938240003,-1.40433942016707,-0.0912419914451164,0.0205509087805417,0.429810201721252,-0.924420496402585,-0.216731251774044,0.0127845274534482,0.100206878567662
12641325,-0.789073107801077,0.0380668118527499,-3.26841245644043,0.302919278072824,-1.19428891796653,1.31484332921484,6.38400840931627,0.206930942736757,2.21765429874936,-2.01556123396041,0.149126856101542,0.0854758144303025,-2.4595218152155,-3.18703514602448,0.0609601311056317,-2.79753521692312,0.451082517565176,-0.796104990439213,-0.651974135948821,5.79707418133654,0.0639998885411184,1.82224833226557,0.172220215996669,0.164829764078748,0.0961648841401826,-2.34169101767788,-2.3979620382234,0.0228933192528818,0.470877239517304,0.148163239492351,0.398183927527316,-1.96681746516366,-0.586934227979733,-0.142931054195638,-0.395405966483786,2.18778144995707,0.0157029079772061,0.0106890697098801,0.117830797537627
12641384,-2.65645745722722,0.173432803821414,-1.75196505247369,0.381246902329463,-0.964308076130999,0.599577830603236,5.95945757344474,0.0722323746560216,2.7058546644594,-0.516196493149987,-0.0535416117143339,0.378562677731045,-0.971373624751777,-1.86929305239413,0.970755374400122,-0.0296807740476767,0.302240061510618,-1.19653367171315,-2.12506058926953,6.97886625541037,0.0616843876889242,-1.48582794753913,-0.901551158686607,0.0772395075226316,0.838794804809211,-0.17578917357249,0.78716440483309,0.797322570578708,1.72228427842602,-0.0790068408188444,-0.23222559558215,-2.72463841987276,1.01940868196564,-0.0105479869670974,-4.19168261199853,-0.38535466553662,0.130781119236966,0.460232127078166,0.795584451179287
12641400,-5.07245863408398,0.101656296316375,-2.28615779969103,0.68284776803332,-0.381483331467687,0.513149696637138,6.48782433827373,0.0313910033355262,-1.38023034966604,-0.0976227726363667,0.646801464068661,0.197916377910111,-1.61991067128295,-3.97963443041473,0.096601067536323,-2.33716548672408,0.736865830451184,-0.305349451600078,0.473815104380879,6.23278239733241,0.0139288517509091,-0.19849495108664,-0.00414127202482737,0.5752487774544,0.158056003481958,-1.84480585634114,1.09282420366925,-0.00505522878005206,-0.051007687033044,0.0540180624178632,0.0761338798676092,-0.0393345922562589,-0.255041940941327,-0.0174621515846171,1.1817353985794,0.0934815006115393,-0.0715526866142614,-0.0398603744281539,-0.224895185058186
12641486,-0.181914037280655,0.0450415208338021,-3.10017052942854,0.932078241824559,-0.0703385173646524,0.406189465818203,6.91312406083487,0.227429085820393,1.61868020262948,-0.864103390751053,0.112210205862673,0.123991611855288,-2.08754136199354,-0.608084474331274,0.0594193317127779,-2.82313565585074,0.920858231478754,-0.082449183479819,-0.84753867378083,6.62701721904172,0.0873615655609766,-0.280955283747744,1.10012220572347,0.483756319730193,0.171425634678193,-1.76360572345197,-0.426170437050619,0.0143778108789757,0.277034873577796,-0.0112200103458056,-0.0121106661151666,-1.25372813959903,-0.28610684179315,-0.140067520259417,-1.89963548637723,1.96422559647452,0.37154611386752,0.0474340228229052,0.323935638541569
12641498,-4.17192885992241,0.0520195252913929,-2.95613614450513,0.697613110194944,-0.360090613279922,1.27033475242381,5.60201201932765,-0.00752955703157778,3.83214217152798,-2.56323480340312,0.708376731524705,0.15981607722095,-1.83373164231922,-1.73133141529727,0.0386206246167686,-3.25396882871099,0.281759578883501,-1.26670112882827,1.45027505319859,6.57317483466629,0.14475736615515,0.904639627957447,-2.90372386238768,0.750649779019183,0.207632488700978,-1.57198564330188,2.44059744462513,-0.0133989006746244,-0.297832684205853,-0.415853531311443,-0.90661051554835,0.179940300774782,0.971162815338641,0.152286923186728,-2.92750254357053,-0.340489058984562,0.0422730474944787,0.0478164114800287,0.261745999017343
12641604,-1.87173789557845,0.0323433829104515,-3.43134582577535,0.63181584151613,-0.45915731730372,-1.53480263679815,6.10256634538876,0.23557433572254,3.0816525523152,-4.21742401414738,0.307525232524701,0.0746651542401171,-2.59474177171307,-5.66555670005034,0.18010273547649,-1.7142278382621,2.27049561123676,0.819998138603886,-0.568785539709611,5.57318414418059,0.253295667716941,2.24940646180608,0.0482528309207308,0.798326341246014,0.116329608171972,-2.15132766740488,-3.79381880447189,0.147759352566039,1.71711798751325,1.63867976972063,1.27915545590761,0.966017097088538,-0.529382201208175,0.017721331994401,-0.832246090509116,4.26567684506811,0.490801108721312,0.0416644539318552,0.443414104308193
12641693,-2.1651176515982,0.0855881575854823,-2.45820835136912,0.516023813992832,-0.661602363416606,0.578713283951241,6.04354252722747,0.0793474719056783,2.07072811692284,-1.08895372563395,0.289775541875357,0.109599351660391,-2.2109238199931,-5.3179903675475,0.0552145266633062,-2.89652919613038,0.439624056840136,-0.821835333563881,-0.991676657716373,6.63285445432165,0.0362167031755885,-1.56421714151277,0.0106454549344638,0.244719370229252,0.106793113831865,-2.23686183176452,-3.1528727159493,-0.0303736309221761,-0.438320844761261,-0.0763997571526964,-0.160232970147275,-1.57038994166761,0.589311927094184,-0.0431307687300899,-3.63494525843561,1.09959918056842,-0.0450561716461053,-0.00280623782852631,-0.0259380117714199
12641694,-2.03121545263933,0.0448487817874173,-3.10445885277672,0.545073405172082,-0.606834804999418,-1.48612130024758,5.72180969068093,0.0718778083559523,2.47763078035684,-2.35929402995868,0.370747446333239,0.103378215182748,-2.26936102399137,-2.76705558938989,0.0465511779006238,-3.06720297159158,0.435763963623253,-0.830654550062156,-1.22446095076639,6.07161828988022,-0.00603206444855036,-0.883502866238631,-0.687808727728278,0.811454575832019,0.101526093047346,-2.28743943918015,-0.735840136750558,0.00170239611320656,0.0372558811851404,-0.109309441548829,-0.223819745062737,0.261660349481186,0.349808599199289,-0.0779098728045026,-3.36113364659547,1.6714853022304,0.44070712949878,-0.00185212213540169,-0.0180784151887843
12641701,-2.67097557151242,0.0329667029217974,-3.412257229271,0.359216339634698,-1.02383045462794,1.89625194232272,5.91451594087289,0.0606632820338268,0.826251184046727,1.46259630068877,0.651953828107909,0.139509933788982,-1.96961947029916,-4.65528964920447,0.0515902589208101,-2.96442240492038,0.399502164115327,-0.917536096730838,1.8845277796211,5.99611732957808,0.0111623510264872,1.18394206830752,0.814924669327221,0.480690992321021,0.160769989785387,-1.82778057034284,-1.98431407769206,0.0186235559990126,0.447834824350621,0.0402858244806287,0.106294357897105,-0.0117241627016138,0.0816013887051925,-0.0495009310073396,0.357690884260795,-0.647671631361552,-0.171262835786888,0.0212600559964046,0.141838899956326
12641779,0.808575345660755,0.0547165536967344,-2.90558898833954,0.449819611744219,-0.798908639375363,-0.596176264469363,5.76250234052561,-0.0190552721431089,0.974353435614064,0.312010448189269,0.80554243604711,0.124201879230862,-2.08584697891396,-0.525888779377972,0.0240680773037389,-3.72686890974042,0.197125553136367,-1.62391442768452,-0.456477721784768,6.28580002605282,0.404052390348961,2.80034961110469,-3.7444580488057,0.447285655794241,0.125875358906974,-2.07246307665076,-1.33446412503873,-0.0306484763929955,-0.821279921400877,-0.252694058607851,-0.825005788309157,0.139698542684595,0.523297685527215,0.423107662492069,1.82599617549062,-4.05646849699497,-0.358256780252869,0.00167347967611284,0.0133839022632034
12641993,-1.97156415035873,0.0258003445521497,-3.65736743240926,0.401757402838482,-0.911906848053927,0.411104421998898,6.0760329915278,0.164753684032328,2.93553316302336,-2.01096142631725,1.10838716575042,0.141061837105679,-1.95855692371056,-0.406036499405576,0.0523342474087983,-2.95010429604432,0.744401065369239,-0.295175323036615,1.09031131323336,6.09696706645232,0.137650960871536,1.63099628474936,-0.588137625072679,1.2707957270036,0.17053503442048,-1.76881452289476,1.56552765095315,0.0265339028566486,0.707263136364939,0.342643662530757,0.616731525017312,0.679206891234463,0.0209340749245177,-0.0271027231607927,-1.304536878274,1.42282380124457,0.162408561253181,0.0294731973148008,0.189742400815802
12642121,-0.856739607839215,0.0317934924812479,-3.44849364909188,0.655455438832332,-0.422424958512754,1.23702495643179,6.8921196263634,0.339829437878947,2.63678274043275,-4.41078469331025,0.5574115173409,0.0941871715692115,-2.36247128959063,-3.3061717948274,0.0429102166269213,-3.14864533158964,0.998572116072966,-0.00142890432474428,-0.039494414924334,6.4778782012742,0.0108066120217137,0.338970992312235,-1.13859280238556,0.756121595143935,0.0757071108949973,-2.58088318774565,-2.44943218698819,0.0111167241456735,0.299848317502239,0.343116677240634,0.42099605418801,-1.27651937135612,-0.414241425089203,-0.329022825857233,-2.29781174812051,3.27219189092469,0.198710077803035,-0.0184800606742142,-0.218411898155019
12642557,-2.38909944434513,0.0552756480898866,-2.89542282747902,0.507781301537399,-0.677704432883816,-0.856247924383304,6.3584884386088,0.155160812125587,3.50392056660333,-6.7184626477855,0.235365928411041,0.0756242938066053,-2.58197770076921,-2.39128596181691,0.0392176831128944,-3.23862753408192,0.513989767123998,-0.665551922044216,-2.41192343168617,6.15935295111655,0.0686354518844962,2.43937640626011,-3.22704355961432,0.248601337951224,0.061227941119725,-2.79315163940916,-0.002186517471781,-0.0160579649769923,-0.343204706602902,0.00620846558659904,0.0121525108395997,-1.55567550730287,-0.199135487492248,-0.0865253602410911,-1.06454416034322,3.49141908817118,0.0132354095401837,-0.0143963526868803,-0.211173938639955
12642560,-2.78279099562935,0.0382743121554528,-3.26297630871802,0.497871812383144,-0.697412639944923,0.452604513878814,7.16944676214974,0.0807555963838866,0.773962634447222,-5.50678202958548,0.719418978500861,0.0955974199642568,-2.34760944711054,-2.27940785055582,0.0301487999990822,-3.50161015762649,0.514812199760341,-0.6639531054828,3.91755554540274,6.74847069573623,0.126606050739006,1.44449364640807,-2.68093235788402,0.500460286743023,0.0890770208651478,-2.41825388051607,0.503383145073534,-0.00812551215637064,-0.238633848908469,0.0169403873771965,0.0334595344621234,3.46495103152393,-0.420976066413509,0.0458504543551195,0.670531011960845,2.82584967170146,-0.218958691757838,-0.00652039909910891,-0.070644433405525
12642591,-3.15961722474062,0.0471112903674008,-3.05524259612522,0.481854680828189,-0.730112702447102,0.369056027883797,6.74560835861415,-0.0423436794504969,-0.554648241102893,-2.83150735472591,0.621703302459436,0.153184292046723,-1.87611355926454,-0.780504812370012,0.0181755507416757,-4.00767795386618,0.235215015913046,-1.44725522182784,0.207218955826671,6.17807658095386,0.21252956895392,1.58876005396343,-2.66478732898124,0.491720962721624,0.132480532705495,-2.0213195673275,2.37911241237061,-0.0289357396257251,-0.952435357740958,-0.246639664915143,-0.717142519380736,-0.161837072057126,-0.567531777660293,0.254873248404417,2.14340829506633,0.16672002574467,-0.129982339737812,-0.0207037593412285,-0.145206008062957
12642640,-2.4335283199633,0.0244490824470032,-3.71116259149537,0.450030186848557,-0.798440616581978,-1.80604450086031,6.11076571572004,0.180665041609943,3.27797519022573,-8.04247035901932,0.464148951108766,0.0430199579567426,-3.14609113243865,-2.89533990450619,0.0324682135208558,-3.42749371375717,0.510743221501313,-0.671888317029228,-3.52871623632249,5.73582858048437,0.022211799571273,1.67898535827373,-2.23850668186343,0.54356802831569,0.043353644990657,-3.13836449646089,-0.461811584542887,0.00801913107385261,0.283668877738197,0.0607130346527563,0.12655229955275,-1.72267173546218,-0.37493713523567,-0.15845324203867,-1.598989831952,5.80396367715589,0.079419077206924,0.000333687033914412,0.00772663597775569
12642686,-1.7287539749988,0.100034129013062,-2.30224386108965,0.552486179073665,-0.593326861154401,-1.00168709116105,5.754408798143,0.143686467731661,3.86709966920585,-1.88944866267755,0.153213321328259,0.209214526813076,-1.56439510936914,-3.32463380189498,0.0651841049692396,-2.7305396285862,0.421412037768962,-0.864144211885829,-1.78929509602188,5.60431324360042,0.0142409891096861,3.56939211676817,-0.877905337414115,-0.056107566418663,0.167131237202449,-1.78897592367333,-1.59587982689618,-0.0348500240438225,-0.428295767496543,-0.131074141304703,-0.270817350731428,-0.787608004860824,-0.150095554542583,-0.129445478621975,-0.29770755243768,1.01154332526343,-0.209320887746922,-0.0420832896106268,-0.22458081430419
12642779,-3.48403697450028,0.403746710048633,-0.906967552964827,2.00920250826759,0.69773788128417,0.229742852490078,5.96676498822831,0.340160600899843,2.15576768925264,2.33595258645877,0.26932186667694,0.218588402450669,-1.52056475839518,-4.28828261123873,0.333478710624958,-1.0981762518711,2.21055799395585,0.793244969613323,0.480135820928539,6.63990414587254,0.400857791246903,-0.680176148154695,-0.140392800934122,0.0964201486881251,0.263083891690125,-1.33528231785725,-0.804245636738447,-0.0702679994236752,-0.191208698906271,0.201355485688262,0.0955070883291526,0.25039296843846,0.673139157644232,0.0606971903470602,-2.83594383740733,-2.47634538739289,-0.172901717988815,0.0444954892394566,0.18528244053793
12643239,-1.20360522342952,0.279107821355188,-1.27615711534563,0.284019237921739,-1.25871330395407,-0.997931821462102,5.40502141728343,0.0130001709056645,2.62699474012599,2.12675294218113,-0.323507463244106,0.33802610885648,-1.08463214134485,-2.15714943959881,0.421737067708726,-0.863373221431703,0.298414666019576,-1.20927126300113,-0.05761678118722,5.9467832061896,0.0641609965795808,-1.77739259200146,-0.742964115029215,0.166721044205782,0.444269498357858,-0.81132392240326,-0.953544216169287,0.142629246353537,0.412783893913927,0.0143954280978377,0.0494420409529459,0.940315040274882,0.541761788906169,0.0511608256739162,-4.40438733212746,-2.86971705721035,0.490228507449888,0.106243389501378,0.273308218941595
12643280,-3.18703434585351,0.0171912712231811,-4.06335351100221,0.445526196253464,-0.808499231884294,-0.0226131751934618,5.42592093228603,0.180132619504379,5.50552820433604,-3.87987732157392,0.65581874683549,0.154487712074325,-1.86764071930681,-0.0807734876753393,0.0521963717568152,-2.95274229308366,0.597755438818232,-0.514573573867477,-0.33278828773148,6.39137978312033,0.194706142110115,1.91600313549007,-1.32014716174268,0.802548614160852,0.169905835736311,-1.77251090282874,3.10626085817817,0.035005100533634,1.11061121791855,0.152229242564768,0.293925658016817,-0.310175112538018,0.965458850834301,0.0145735226057358,-3.58952506884597,2.55973015983124,0.146729867325363,0.0154181236619857,0.0951298164780716
12643404,-3.29499367030329,0.0707701266750507,-2.64831830694196,0.505410169555275,-0.682384962435321,-0.692332901112308,6.36715605910643,0.116049544554778,-1.71720071827904,-1.07876244518013,0.477324234364434,0.203257373239112,-1.593282254513,-0.463041145512907,0.0302931407242484,-3.49683397083203,0.344374377280484,-1.06602590733653,2.56472370726774,6.29896066520712,0.318912376342345,1.76888921761805,-3.05819491219105,0.16953806958358,0.148539295951234,-1.90690573654464,2.83195252479038,-0.0404769859508023,-0.848515663890066,-0.161035792274791,-0.38364094490121,3.25705660838005,-0.0681953938993098,0.202862831787568,3.48608993589708,-1.97943246701092,-0.307786164780854,-0.0547180772878777,-0.313623482031635
12643461,-4.84661952572946,0.066965652891002,-2.70357543445561,0.495934015114594,-0.701312395150181,0.464659452217191,5.55379207160435,0.137467985851558,2.63693501023225,-0.0961148961432895,0.423318897047447,0.0838858363346571,-2.47829849579508,-1.21358489224453,0.0338691253254963,-3.3852514369472,0.352240942865211,-1.04343984076894,-1.9542583894548,6.00839907371547,0.225345148034431,2.71058688248043,-2.55238251423691,0.737336939053491,0.0934909297154423,-2.36989085578411,3.63303463348492,-0.0330965275655057,-0.681676002491584,-0.143693072249383,-0.342127445618761,-2.41891784167199,0.454607002111119,0.0878771621828721,0.073651872248174,-2.45626761809362,0.314018042006044,0.00960509338078519,0.108407640010978
12643580,2.59619993174607,1.46502693361349,0.38187362701914,1.73275860223099,0.549714706299949,0.581020210738638,5.78198564484616,0.0243254320802547,3.88509476255062,-0.0644079958285517,0.0241425622788078,0.183116399318456,-1.69763326649283,1.8224602149918,0.75297348235107,-0.283725267803577,4.79708040495629,1.56800748388796,0.0321911734207032,5.27194535318153,0.0340521204959994,0.148814166745983,1.05586746409498,-0.0384539976587241,0.278163730516403,-1.27954537996751,-0.773739716754267,-0.712053451262421,-0.665598894822717,3.0643218027253,1.01829277758801,-0.548829037317935,-0.510040291664632,0.00972668841574467,-3.73628059580463,1.12027545992353,-0.0625965599375319,0.0950473311979464,0.418087886525323
12654538,-3.57514972838514,0.0379332062912108,-3.27192839505297,0.369720461003621,-0.995008069687004,-0.476590830564655,5.43260031443455,0.0459632650009774,2.65030735377001,1.20939816508646,1.87118928011495,0.166361243411946,-1.79359368991111,-4.40602132336657,0.00972703832213894,-4.63284581533299,0.143422256438624,-1.94196215756944,-0.663773311255815,4.9022619786925,0.122631611341214,5.50682293412104,-0.292512902597353,0.957404418055507,0.128253875966418,-2.05374357342755,-0.830871594981424,-0.0282061679690718,-1.36091742028002,-0.226298204564997,-0.946954087882441,-0.18718248069116,-0.530338335742054,0.0766683463402364,2.85651558035103,-1.50191106768381,-0.913784862059442,-0.0381073674455276,-0.260149883516445
12654553,-6.05041597906749,0.12386846588526,-2.08853503536993,1.63028709053354,0.488756128471433,-0.15654138368106,5.97975155015425,0.168279851682217,-0.052532940591502,0.00355804879446953,1.49234933939883,0.248536790577535,-1.39216439379004,-0.779141425488952,0.0410930304176366,-3.19191674807284,0.491415215108019,-0.710465856598614,1.45658497183403,6.67070715307332,0.294901252044945,1.27859681299002,-3.7202385029675,1.68907612205026,0.208189880134738,-1.56930473044399,5.27127455357854,-0.0827754354676238,-1.10338171270291,-1.13887187542552,-1.19922198507005,1.61312635551509,0.690955602919069,0.126621400362728,1.33112975358152,-3.72379655176197,0.196726782651433,-0.0403469104427968,-0.177140336653952
12654558,-4.54776619831186,0.0395152972364285,-3.23106741023712,0.378978004612391,-0.970277110907332,1.77719163886935,7.31416224839425,0.0813234019640537,-4.83464895058258,0.239593513492342,0.506993444987169,0.146261016203769,-1.9223624712367,-0.202116695078502,0.0253819141466856,-3.67371840004864,0.303675413109431,-1.19179586802979,3.93160057320443,6.49156812241195,0.278401192750871,1.31476327422392,-2.0359049874442,0.291973850248635,0.156216658222871,-1.85651140050958,4.34564950323336,-0.0141333830897429,-0.442650989811528,-0.0753025915029596,-0.221518757122453,2.15440893433508,-0.822594125982302,0.197077790786817,6.1494122248065,-2.27549850093655,-0.215019594738535,0.00995564201910215,0.0658510707271256
12654559,-4.5486617314411,0.0938202970779403,-2.36637405961977,0.741658705060457,-0.29886610785747,0.55762531892102,6.13994542295281,0.172039300489217,-1.72419331021822,0.858935062274192,1.18638022729901,0.147963668032675,-1.91078852162042,-0.153365370811123,0.0429337133220564,-3.14809790335015,0.450164876004903,-0.798141372200601,-0.220825839308931,6.29525852789066,0.290334163943341,1.0974167068825,-1.99215852281491,1.21955845108554,0.18579772000841,-1.68309672389184,4.39529636062997,-0.0508865837558839,-0.781723843730375,-0.291493829055554,-0.499275264343131,-0.77845115822995,0.15531310493785,0.118294863454124,2.82161001710073,-2.85109358508911,0.0331782237865241,0.0378340519757351,0.227691797728572
12654589,-2.84255145915297,0.0259215592709295,-3.65268025224996,0.426956191442013,-0.851073867171394,-0.779550126987988,6.646306649323,0.0686094968519212,-0.969100386999702,-1.46718427666121,1.05160940392536,0.130101379818175,-2.03944128769228,-1.99835872164304,0.031123009402873,-3.46980788117024,0.526758466619613,-0.641013153110234,-1.09154862856021,6.60703850866525,0.135342400793786,1.92230439039797,-4.2804495487728,0.612915912512559,0.122288448461749,-2.10137269322949,0.844192737509927,0.00520145013194352,0.182872371079718,0.0998022751775999,0.210060714061159,-0.311998501572225,-0.0392681406577546,0.0667329039418653,2.89140477739767,-2.81326527211159,-0.4386934914128,-0.00781293135642583,-0.0619314055372056
12654595,-4.6947466300658,0.0405380491987807,-3.20551425952112,1.00986718584282,0.00981882304087473,1.73394927452026,6.30904523798983,0.112642674510616,-1.33252607092659,-0.927868110457669,1.08996379790131,0.100497615928336,-2.29762127387049,-3.48305821822597,0.0359933469079688,-3.32442116571713,0.530201725875593,-0.634497729991821,2.68574611139986,6.61743768666303,0.0777520302577551,-0.827205910334771,-2.49488543386876,0.81954885719292,0.111737767859128,-2.19160051135321,1.21168841183983,-0.00454470229081191,-0.118906906196007,-0.479665459967231,-0.644316553032695,0.951796836879604,0.308392448673201,-0.0348906442528612,0.505320160591817,-1.56701732341109,-0.270414940708392,0.0112401519307916,0.106020762517284
12654607,-2.80120078203864,0.042974186669716,-3.14715565355338,0.492929321501764,-0.707389479310846,-2.31739325301446,5.55576615955082,-0.0120372209082889,1.21216484637743,0.54994198735542,1.29050266454767,0.169031147074412,-1.77767227882518,-0.333213956603778,0.0208097223765728,-3.87233497953186,0.314500583699831,-1.15676934688206,0.442304454816572,5.86485199892593,0.344547617158767,2.50517135027312,-2.48160039035755,1.04097491469178,0.166383092983017,-1.7934623604265,2.46798682543486,-0.0221644642931432,-0.725179325978483,-0.178428737801933,-0.449379867571213,2.75969770783104,0.309085839375111,0.356584838067056,1.2930065038957,-3.03154237771297,-0.249527749855891,-0.00264805409139468,-0.0157900816013252
12654665,-4.9723922023546,0.0524117584068574,-2.94862431575097,1.10891030112306,0.103377822430742,-1.18048570344349,6.79316388770405,-0.0337080337732063,-1.78375523640593,0.0238403342970547,1.07854411030055,0.116498774333319,-2.14987452677577,-3.82492060591339,0.0274140012065332,-3.59670140316138,0.511866993364925,-0.669690466275062,-0.248362223369011,7.38720693013215,-0.0357348155276135,-2.51723070918563,-3.84265500458674,1.07068420932851,0.14724915831602,-1.91562917248702,1.14747159644121,-0.0249977572003242,-0.64807708741041,-0.597043307758138,-0.773068288705803,0.932123480074475,0.594043042428095,-0.00202678175440722,-0.733475472779705,-3.86649533888379,-0.00785990097204459,0.0307503839827011,0.234245354288754
12654672,-2.55551855731749,0.0469059753560445,-3.05961020533315,0.60489744646297,-0.502696345298297,1.60260061535575,6.38886183572392,0.0350318977725118,-0.949770076890216,0.289524519911685,1.07840264832754,0.172200408097706,-1.75909631708594,-2.29509573791479,0.0503302856933649,-2.98914828180694,0.764560300160237,-0.268454381432163,1.54761650488633,6.88203596126908,0.214041099583162,-0.262970670143619,-3.81955977252321,0.732343314672222,0.182683718341625,-1.6999989364734,0.260422819402699,0.00342431033732033,0.0704619235262061,0.159662853697267,0.234241963866135,-0.0549841104694255,0.493174125545168,0.17900920181065,0.686799406746597,-4.10908429243489,-0.346059333655319,0.0104833102439196,0.0590973806125401
12654676,0.426308364396121,2.6329113773082,0.968090221500392,0.224851942346592,-1.49231312739227,3.18239965370822,4.58484157002905,-0.116789611619589,3.93317220973517,2.56514665392473,-0.085886506241557,0.35345630234944,-1.03999541557368,0.273857620051923,0.065683916290814,-2.72290118877614,0.383163747075847,-0.959292843112803,-0.258446861368031,5.96099937893341,0.0923728569481611,1.46103912809981,-0.132435901090025,0.600544394312154,0.223829205192096,-1.49687199478139,-0.152450744344198,-2.56722746101739,-3.69099141027653,0.158311804729255,0.533020284279466,-3.44084651507625,1.37615780890437,0.20916246856775,-2.47213308163536,-2.69758255501475,0.686430900553711,-0.129627097157344,-0.45687657920771
12654700,-0.279158461423766,0.0210235660011063,-3.86211127991497,0.466696044917967,-0.762077100632734,-2.21007051738005,6.66219840925337,0.412660467806482,1.59766301391796,-3.46932495110822,1.07886598821091,0.103758847386448,-2.26568584749316,-3.70723437637693,0.0247569946841215,-3.69864721639525,0.821389870550639,-0.196757409468224,-1.30195910807805,7.03251900813325,0.0766838570547489,-1.11031821836968,-4.29825971468063,1.16268178517781,0.110533431881395,-2.20243725282079,-3.42807591495316,0.00373342868301513,0.163464063519713,0.354693825632672,0.56531969116451,0.908111409301998,0.370320598879884,-0.335976610751734,-2.70798123228764,-0.82893476357241,0.0838157969668989,0.00677458449494674,0.0632485946723707
12654706,-4.50316196844578,0.0254912826856078,-3.66941874073002,0.408646184140961,-0.894905572783011,0.916377877335348,6.02726933065717,0.111772213114386,-1.20441871595118,-0.860492926542788,1.39343406695223,0.107743080961827,-2.22800576587142,-0.369153874051448,0.0205244602955323,-3.88613791896952,0.196601556832512,-1.62657615251857,-1.18154707870223,5.85287786537165,0.356315872729885,2.77234778741086,-2.94192415503311,1.38659948388719,0.10503367524103,-2.25347426366195,4.13400809439433,-0.00496682239007559,-0.216719178239506,-0.212044627308449,-0.731670579735561,-2.09792495603758,-0.174391465285525,0.244543659615499,3.97676650336204,-2.08143122849032,-0.00683458306503915,-0.00270940572079724,-0.0254684977905217
12654716,-4.03008801414517,0.0428488686109759,-3.15007603776473,0.639095600353118,-0.447701226478657,1.03057043391885,6.3833459296487,-0.0303096859491877,-1.53382195481371,-0.422091674035341,1.57914624982793,0.208843269055078,-1.56617121716698,-0.728026200405317,0.0467339490664365,-3.06328441767785,0.54736770052874,-0.602634489361704,0.616116961105965,6.04657798286866,0.0827839399859796,0.871499512711805,-0.779378244745379,0.974414694774237,0.161023096144036,-1.82620746997548,3.30206181373986,0.00388508045546058,0.0867916200868799,-0.0917278998243775,-0.154933262883048,-0.414453472812883,-0.33676794678004,0.113093625935167,2.40532146752551,-0.357286570710038,-0.604731555053694,-0.0478201729110424,-0.260036252808498
12654751,-1.31013525527236,0.11522133716007,-2.16090032946777,0.554010215249429,-0.590572153326459,1.59970571152921,5.08611619985379,0.0809028877874762,2.80738476109025,-0.153597377529332,0.278694507343367,0.129914186767976,-2.04088114827446,-2.61844839555599,0.0917498368747657,-2.38868956998075,0.686076251559088,-0.376766503557165,0.691713030562209,6.22902079251791,0.00731278646765579,1.91601408897297,-5.10840007941648,0.534331212165414,0.117786880167138,-2.13887838776057,-1.30831314028364,-0.0234715002853039,-0.227789240512972,0.132066036309659,0.213805649769294,-0.907992680967002,1.14290459266412,-0.0735901013198204,-0.891370672117276,-4.95480270188715,0.255636704822047,-0.0121273066008384,-0.0979972394861095
12654753,-5.784304357883,0.0878143072518774,-2.43253083886156,1.06798920907084,0.0657776366207028,0.755508250476866,5.80357497680789,0.327142531599968,1.23908156057328,0.262618813193865,0.754731260416176,0.117943513334977,-2.1375494696812,-3.60085513413229,0.0246018502148692,-3.70493362688555,0.436733472907981,-0.828432171764717,-1.0005719710624,6.64677019640518,0.111643925138606,-0.271785457366558,-2.88570265412143,0.739877553287223,0.117672420756253,-2.13985061030138,2.1834492237507,-0.0632124570370082,-1.27240278802399,-0.631255736162858,-0.89420980838542,-1.75608022153926,0.84319521959729,-0.215498606461362,-1.51086701793983,-3.1483214673153,-0.0148537071289534,-0.000271092578724097,-0.00230114062017828
12654780,-0.499752088573375,0.0331962807291297,-3.40531743556613,0.472430755459739,-0.749864092079294,-1.7432250615151,6.17409677447355,0.292216215131578,1.27285717199781,-2.38105143955014,0.584833740032063,0.119682648767399,-2.12291163292034,-1.70643579642751,0.0698697429581202,-2.66112258528357,0.708199132247402,-0.345029964598219,-1.52218427921762,6.27366901699709,0.197212446480314,2.27775501413508,-5.21974126981462,0.486501911737184,0.159473134762406,-1.83587980503535,-1.20668370785413,0.0366734622289905,0.744194850282569,0.235768376787663,0.404834127481075,0.221040782297473,0.0995722425235375,-0.0950037686512641,1.00489784213726,-2.83868983026448,-0.0983318282948787,0.0397904859950076,0.287031827884994
12654788,-3.50818961699365,0.0664924106240737,-2.71066746378697,0.545725902659933,-0.605638439066672,1.32704648327674,6.95875119562767,-0.0414288175860578,-0.956675136964762,-2.70454815690391,0.569241006101263,0.165705286845719,-1.79754444892874,-2.985228470718,0.0608132747160406,-2.79994717969604,0.742258093202903,-0.298058261789893,1.70648883696681,5.79610762758311,0.0986615699633484,3.94788135815281,-2.50885952684143,0.538092205516599,0.151356908503168,-1.88811459868124,0.52296114627565,-0.00567913590803307,-0.0892797159090715,0.196532190542971,0.307580177276778,0.379442353690069,-1.16264356804457,0.140090387549406,4.90455649511757,0.195688630062483,-0.0311488005846642,-0.0143483783425516,-0.0905701497524998
12654809,-5.63319866947299,0.0937874453995924,-2.36672427628194,1.10879834388338,0.10327685584072,0.147134877790391,7.14420887268335,0.145643688699716,-3.33977294405408,-0.0376078957043214,0.407676334733378,0.0911598945951907,-2.39514023086694,-3.17916591886796,0.0378922855487426,-3.27300773513895,0.62224354370293,-0.474423713516781,2.19466346959183,7.30747012083598,0.0631721689921257,-1.20135540830602,-4.69005186307265,0.444016280476208,0.15944971942962,-1.83602664514117,2.45403275060503,-0.0558951598508498,-0.906283458857007,-0.486554800180455,-0.577700569357502,2.04752859180144,0.163261248152637,-0.0824715197075899,2.13841753574806,-4.65244396736833,0.0363399457428303,0.0682898248344291,0.559113585725776
12654814,-2.39913552915142,0.0587294791743579,-2.83481347762328,1.25072747837268,0.223725364726102,-1.65124877464953,6.08153844402753,0.0834840953314353,1.76029419089409,-4.23256405211306,0.315233056963983,0.0870087931677422,-2.44174609454128,-1.86413279664523,0.0726504085485542,-2.62209626546405,0.833952118533846,-0.181579290101433,-1.03347579515048,6.07430477441258,0.084067354258121,1.8578323584958,-2.20117472065371,0.3299636653727,0.185062605794914,-1.68706110144922,0.535002732506191,0.0139209293741963,0.212717212159234,-0.416775359838834,-0.405304654827535,0.617772979499043,-0.00723366961494332,0.000583258926685648,0.0975381676017073,2.03138933145936,0.014730608408717,0.0980538126271719,0.754684993092061
12654823,-1.74972462133136,0.0344418374678985,-3.36848324811938,0.274476650621243,-1.29288908313958,-2.33618905115635,6.12133506083622,0.0386117303601878,0.570790470560245,-1.06689795897664,0.352597934549348,0.092212869694136,-2.38365557362551,-3.50955730479964,0.0633218202736127,-2.75952529716817,0.590709440407196,-0.526431023067865,-0.526089743442048,5.54996297616326,-0.047054945618032,3.8536930606969,-3.3804707462716,0.346456237640993,0.0964147738085798,-2.3390958338323,-1.75983268346828,0.0288799828057142,0.608957950951209,0.316232789785952,0.766458060071716,1.8100993077143,-0.571372084672959,-0.0856666759782197,3.28290259013666,-2.31357278729496,-0.00614169690835503,0.00420190411444372,0.0445597397932023
12654828,-2.74864834450847,0.0193982798157244,-3.94257088613677,0.575591714497577,-0.55235669862156,0.439330088816913,6.58194005692846,0.0164597896164061,-0.569936384781852,-0.464741279240308,0.42796161218938,0.06455791159303,-2.74019260385485,-3.48491279502649,0.00445415317883949,-5.41391831944073,0.142336199432503,-1.94956341809623,0.632229005957987,7.18235145945586,0.048622500600253,-0.680490862186184,-6.68546313705205,0.446498107549029,0.0725750109133761,-2.62313461869769,-0.736264450518024,-0.0149441266368849,-1.47134743330397,-0.433255515065073,-1.39720671947467,0.192898917141074,0.600411402527399,0.0321627109838469,-0.110554477404332,-6.22072185781174,0.0185364953596486,0.00801709932034614,0.117057985157157
12654834,-3.28025606823206,0.0324026663065299,-3.42951456615835,0.408338968437848,-0.895657644510687,-2.00724900934947,6.18982033985971,-0.0365568635154016,0.576628152830994,-0.0404803653605679,0.724022936267899,0.092898286129672,-2.37625008188288,-2.44811003249249,0.0267547421770591,-3.62104354370488,0.423061931318059,-0.860236700917354,0.865015579592124,6.52056810492913,0.115098194034277,1.17253983902041,-3.92280362692135,1.11084608869759,0.119800884165859,-2.12192421297862,0.832146035739578,-0.00564792412947086,-0.191528977546526,0.0147229628802112,0.0354209435933338,2.8722645889416,0.330747765069416,0.151655057549678,0.595911686189412,-3.88232326156078,0.386823152429695,0.026902598036187,0.254325868904261
12654847,-0.493887180716924,0.0344938080293325,-3.36697544846347,0.56180710171786,-0.576596723384664,0.475037881825046,6.74722153917561,0.248024970330252,0.701800895480392,-2.30083377200874,0.805523218452209,0.176593509009743,-1.73390474681199,-3.45947072166905,0.0177504910390343,-4.03134209927241,0.308619547018965,-1.17564600010321,-1.17060688230372,6.26409960113091,0.0125840562834898,2.02577579788636,-3.11843914994524,1.23467299769786,0.212679317231823,-1.54796980065855,-2.96558354095213,-0.0167433169902982,-0.664366650808941,-0.253187554698895,-0.599049276718548,-1.64564476412877,-0.483121938044702,-0.235440914046762,1.32397490240597,-0.817605377936497,0.429149779245652,0.0360858082220802,0.185934946153442
12654859,-5.83890461924273,0.11081940329691,-2.19985339999246,0.684698933369187,-0.378776050663859,1.00228327235982,6.22957093893887,0.17836539786224,0.299629619240742,-0.0658111291932228,0.585059788826432,0.223565967530044,-1.49804875174471,-2.2838679456976,0.0444989057352038,-3.11229068033243,0.296848694193056,-1.21453271715316,2.16400206278574,6.9998990224523,0.0360224529765411,-1.60910435331123,-1.42525181756953,0.519046290994494,0.221006110024561,-1.5095649306766,3.55503667354514,-0.0663204975617063,-0.912437280339967,-0.387850239176131,-0.835756666489301,1.16171879042592,0.770328083513435,-0.142342944885699,-1.90873397255197,-1.35944068837631,-0.0660134978319374,-0.00255985750548357,-0.0115161789318881
12654867,-4.94023779008934,0.0317899766999302,-3.44860423699678,0.38311609626498,-0.95941721232685,-1.68389558242199,6.36579072338199,-0.00864647805654439,1.76443153454245,-0.503507596869708,NaN,NaN,NaN,NaN,NaN,NaN,NaN,NaN,NaN,NaN,0,0,0,2,0.135335283236613,-2,NaN,NaN,NaN,NaN,NaN,NaN,NaN,0.00864647805654439,-1.76443153454245,0.503507596869708,NaN,NaN,NaN
12654884,-4.27380086321428,0.0410178801505293,-3.19374720610991,0.606397037723784,-0.500220329686053,1.06945144079604,6.82662760137384,0.0959927657335201,-2.68632850941493,-1.16406775285589,1.25416103679271,0.119559098476933,-2.12394448193497,-3.88957771204103,0.0378818892979546,-3.27328213603805,0.517927315962515,-0.657920363242642,0.476153854637972,5.73565219613664,0.132301548256832,2.21223132377786,-2.69773219000334,0.976214132273874,0.096085362154495,-2.34251829349942,0.384223151173241,-0.0031359908525747,-0.0795349299281334,-0.0884697217612689,-0.157700033556589,-0.593297586158065,-1.0909754052372,0.0363087825233115,4.89855983319279,-1.53366443714745,-0.277946904518832,-0.0234737363224379,-0.218573811564454
12654914,-3.68876643260225,0.0480215048215791,-3.03610635128772,0.709668390875743,-0.342957473155571,2.48856217293098,6.16931144207182,0.0646219011710537,-0.347863349674291,0.681992419954742,0.888365499280999,0.155885686333128,-1.85863232026288,-3.28056753023733,0.0395034432775908,-3.23136743928971,0.316710516539269,-1.1497671193603,2.59919790428535,6.99475091822594,0.0151774875037094,-0.277178189893291,-4.08792601837269,0.511045731006839,0.221366725613087,-1.50793456081953,0.408198902364926,-0.00851806154398833,-0.195261088001988,-0.392957874336474,-0.806809646204726,0.110635731354377,0.825439476154115,-0.0494444136673443,0.0706851597809998,-4.76991843832743,-0.37731976827416,0.0654810392799584,0.350697759443348
12654926,-2.65373651679543,0.0501427292031293,-2.99288175607938,1.25556590109377,0.227586388157324,-3.22361489885298,6.11979447047633,-0.0240124307828262,1.09719362618561,-1.67626281098549,0.468697572942892,0.102102290008799,-2.28178012498568,-3.07257651777275,0.027630324649847,-3.58884139021186,0.694873968876105,-0.364024789607996,-2.53245998309561,6.56403748306379,0.0206591225079634,0.963917638745023,-6.01375706877519,0.691299740555532,0.210901725992158,-1.55636300759463,-0.418840000977318,-0.0225124045532823,-0.595959634132477,-0.560691932217663,-0.591611177765321,0.691154915757367,0.444243012587458,0.0446715532907896,-0.13327598744059,-4.3374942577897,0.22260216761264,0.108799435983359,0.72541711739105
12654929,-3.8778994525653,0.0427191571701015,-3.15310781368911,0.855707333721802,-0.155826861159185,0.965061448362172,7.01581492935843,0.0604939858382437,-2.79433902612207,-3.23328987291971,0.933527059259536,0.0606374186816151,-2.80284310646938,-3.66445809921829,0.0436484052160478,-3.1315885330788,0.659410828868516,-0.416408526173443,2.01289277865069,6.76451202385867,0.0734139647928951,-0.338013879458081,-2.95200297109924,0.790842163250094,0.064742193496852,-2.73734214942606,0.213441353347009,0.000929248045946289,0.0215192806103124,-0.196296504853286,-0.260581665014258,1.04783133028852,-0.251302905499758,0.0129199789546514,2.45632514666399,0.281286901820467,-0.142684896009442,0.00410477481523691,0.0655009570433136
12655017,-1.23014442083665,0.0481487911036773,-3.03345924793424,0.741014977112167,-0.299734441863094,1.34167481743556,5.65670062480775,0.0693075519232052,1.30574595032889,0.194735967966537,1.15535386973154,0.168192218927128,-1.78264779335088,-1.98398733895597,0.017970233553788,-4.01903858139923,0.288549428902378,-1.24288887702526,2.91647549754422,6.16724420250785,0.160801684595559,2.70544292927755,-4.30376448930207,1.14667998944006,0.0850402926631652,-2.46463010347782,-0.753842918119318,-0.0301785575498893,-0.985579333464991,-0.45246554820979,-0.943154435162163,1.57480068010866,0.510543577700107,0.0914941326723533,1.39969697894866,-4.49850045726861,-0.0086738802914732,-0.0831519262639628,-0.681982310126942
12655020,-3.22266531102383,0.0363980361842727,-3.31324045677637,0.455765228941593,-0.785777450860204,-1.9302182389677,7.03052566920709,0.0144626969975443,-1.75489572825541,-1.65238452470596,0.601917727122375,0.205786782552615,-1.58091468236473,-3.91856794809193,0.0924849035669398,-2.38070985246482,0.528541703723309,-0.637633567185595,-0.966796251547476,5.24616824139475,-0.00590725339458681,5.67469408829253,2.73785369215857,0.516838693488762,0.209963619817738,-1.56082100223542,-0.695902637068094,0.056086867382667,0.932530604311545,0.0727764747817154,0.148143883674609,0.963421987420223,-1.78435742781233,-0.0203699503921312,7.42958981654794,4.39023821686453,-0.0850790336336125,0.00417683726512277,0.0200936801293028
12655032,-6.20143647170002,0.126421550418883,-2.06813331798152,2.62650521252305,0.965654145998927,-0.00467524559204897,5.62394281759646,0.43671113021808,2.19460372430677,0.150288516354713,0.850833631925836,0.0767592411398176,-2.5670814940325,-2.08090005692899,0.057488720911273,-2.85616650848516,0.876253429060261,-0.132099927305461,-0.0698280662356802,6.23102993862324,0.245131710535929,3.47360620022456,-3.47610260013425,0.741513959921209,0.115558594009032,-2.15797757021969,4.12053641477103,-0.0689328295076103,-0.788033190503639,-1.75025178346279,-1.09775407330439,-0.0651528206436312,0.607087121026781,-0.191579419682151,1.27900247591778,-3.62639111648897,-0.109319672004627,0.0387993528692147,0.409103923812802
12655047,-0.288810644866149,0.0381134497254252,-3.26718804797725,0.382990647904395,-0.959744708103806,-0.700577311179901,5.99765917775089,0.0543948416120324,0.757262374536185,-0.218691479137035,0.590574603788068,0.130858082460297,-2.03364188301565,-2.5625314619654,0.0354855983615601,-3.33862834476719,0.402138093620964,-0.910959732881331,-1.88984074917368,6.36680476498505,0.0454797375835706,1.683806412286,-4.15123523620792,0.507970532939306,0.146877113022207,-1.91815900765303,-2.27372081709925,-0.00262785136386504,-0.0714402967899463,0.0191474457165686,0.0487849752224747,-1.18926343799378,0.369145587234164,-0.00891510402846178,0.926544037749814,-3.93254375707088,-0.0826040708487615,0.0160190305619096,0.115482875362624
12655060,-0.00811708452044342,0.736726958350208,-0.305537932573169,2.13291940413809,0.757491653561123,-0.0502339606984517,6.42146646170512,-0.00187508160258171,-0.750428340642151,-1.26423941559377,-0.390253962649399,0.244796598578561,-1.40732762313592,2.20888622541003,1.02885009027943,0.0284417613791996,1.12388838858174,0.116794448126267,0.326253504617993,5.48506343458334,0.00389736288317084,5.52622314870116,0.555729555496731,0.181670063531311,0.245806942821313,-1.40320883643416,2.21700330993047,0.292123131929219,0.333979693952369,-1.00903101555634,-0.640697205434856,0.376487465316445,-0.93640302712178,0.00577244448575255,6.27665148934331,1.8199689710905,0.57192402618071,0.0010103442427524,0.00411878670175558
12655080,-5.76445074866258,0.144287106313541,-1.93595017053107,1.24862195708278,0.222040508852715,-0.870851423480477,6.49292120342218,0.328491386909568,-0.44199804621521,-0.0919319328443086,0.71218170823402,0.279067993920539,-1.27629982104382,-5.03085364592618,0.109480987444646,-2.21200437544363,0.98294007121886,-0.0172071258827825,-0.898546315962932,6.0471440509393,0.441167946526305,1.57078405516739,-0.297900815704766,0.72749434884611,0.23666722966431,-1.44110021875443,0.733597102736404,-0.0348061188688956,-0.27605420491256,-0.26568188586392,-0.239247634735497,-0.0276948924824555,-0.445777152482874,0.112676559616737,2.0127821013826,-0.205968882860457,0.0153126406120901,-0.0424007642562293,-0.16480039771061
12655147,-2.12851800809878,0.0361041426443734,-3.32134766553533,0.409684648842097,-0.892367564396381,2.7687176363709,6.05866044540647,-0.0278345624453442,-0.393303939359687,1.55414089334964,0.672543064061419,0.074338016808837,-2.59913279177804,-4.32194825097834,0.0575412021331203,-2.85525402894767,0.593959999460539,-0.520943302862522,2.38879979583827,6.34681957654388,0.05067280700641,-1.07934061179344,-0.0731066897717697,0.623733099910065,0.0596695115327177,-2.81893408362682,-2.19343024287956,0.0214370594887468,0.466093636587666,0.184275350618442,0.37142426153386,-0.379917840532638,0.288159131137411,0.0785073694517542,-0.686036672433749,-1.62724758312141,-0.0488099641513543,-0.0146685052761193,-0.219801291848786
12655151,-4.9412371160457,0.0449029961975301,-3.10325075600307,0.634212066314585,-0.455371891018856,0.00443034174520964,6.25732199186371,0.10432303894805,-2.44952923039351,-0.98895470120191,1.03146434903698,0.0794086226575997,-2.53314831892258,-3.71926427583825,0.0278876537634014,-3.57957120553536,0.503197935801865,-0.686771675746877,2.78609555512796,6.64648306219544,0.0167556874014985,-1.65275511816254,-4.99357924909775,0.605867292831241,0.0753986499546512,-2.58496590923925,1.22197284020745,-0.0170153424341287,-0.476320449532297,-0.13101413051272,-0.231399784728021,2.78166521338275,0.389161070331732,-0.0875673515465515,0.796774112230968,-4.00462454789584,-0.425597056205743,-0.00400997270294851,-0.0518175903166682
12655179,-3.4145238099519,0.0436444134016746,-3.13167999110339,0.511077790222673,-0.671233469008925,2.24312487227727,6.76541770288781,0.0290399742399201,-0.971148501111644,-2.3741905863466,0.368090414253215,0.153969837623377,-1.87099855533996,-1.98015763819571,0.0873800783903696,-2.43748795833898,0.739035139907361,-0.302409808545539,0.611927049417572,7.01409816447015,0.0805458249706629,-0.556029952805676,-3.14114077878606,0.496591011884039,0.160004154742819,-1.83255549694283,1.43436617175619,0.043735664988695,0.694192032764417,0.227957349684688,0.368823660463386,-1.6311978228597,0.248680461582348,0.0515058507307428,0.415118548305968,-0.766950192439459,0.128500597630824,0.00603431711944116,0.0384430583971258
12655180,-1.77596231822624,0.0411457989526924,-3.19063344813529,0.147374303542387,-1.91477964588717,0.97857315770421,6.4264107034962,0.16013458429273,1.27025441167789,-2.28620734288281,0.329590751062218,0.165160948814784,-1.80083483315886,-3.58735873179595,0.0606889812362765,-2.80199312562761,0.343291911553993,-1.06917413966412,-1.38906539812327,6.3013011173865,0.110889141437281,0.681864562811502,-2.09597184614856,0.523418716436046,0.151261804428188,-1.8887431393104,-1.81139641356971,0.0195431822835841,0.388640322507684,0.195917608011607,0.845605506223056,-2.36763855582748,-0.1251095861097,-0.0492454428554493,-0.588389848866389,0.190235496734242,0.193827965373828,-0.0138991443865956,-0.0879083061515427
12655181,-2.40491551892006,0.0272683075208699,-3.60203014782516,0.494368490129406,-0.704474108426753,-1.66649068515013,5.97622724070851,0.0660079044699652,2.05086895346527,-1.34815682746603,1.18620990389519,0.107290600878513,-2.23221422984107,-3.04492015770767,0.0472420409026673,-3.05247108573549,0.713410965315292,-0.337697635674642,-1.28375833505287,6.08905281397665,0.0707296944698627,3.02701030419552,-3.61178024761977,0.929643977860832,0.115726444707889,-2.15652610816874,-0.640004638787607,0.0199737333817974,0.54955906208967,0.219042475185886,0.366776472752111,0.382732350097262,0.112825573268148,0.00472178999989749,0.976141350730249,-2.26362342015374,-0.256565926034362,0.0084358438293758,0.0756881216723273
12655236,-2.80928965293781,0.0462470666189993,-3.07375724148919,0.449911087836293,-0.798705298325798,1.56712889666495,5.75496081998026,0.103695025470068,2.65576481567622,-3.32196617535849,0.69696761924502,0.110743381308208,-2.20053963429684,-2.18477762039373,0.0350323630236127,-3.35148298690792,0.315726785718909,-1.1528780415346,-0.200683043150772,6.42822182195767,0.124675330447823,1.28285789339031,-4.40623063983216,0.888046987658424,0.170336322792886,-1.76998042695738,0.624512032544073,-0.0112147035953867,-0.277725745418729,-0.134184302117383,-0.354172743208801,-1.76781193981572,0.67326100197741,0.0209803049777555,-1.37290692228591,-1.08426446447366,0.191079368413403,0.0595929414846778,0.430559207339453
12655291,-3.30286822629246,0.0194720979716028,-3.93877271134027,0.487235829219301,-0.719007024199943,1.09807968260592,6.36542151914893,0.00742632924617869,-1.95679759872463,2.08906845824285,0.982384950491127,0.0820164479544765,-2.50083546702164,0.470857482398368,0.0156901038041659,-4.15472509631479,0.324769209515507,-1.12464047347795,2.07821730951849,5.9099695955677,-0.0665476448521104,0.467739413584266,0.629717604956482,1.17683644054753,0.129591002827823,-2.04337192009865,3.77372570869083,-0.00378199416743692,-0.215952384974516,-0.162466619703794,-0.405633449278007,0.980137626912567,-0.455451923581224,-0.0739739740982891,2.4245370123089,-1.45935085328637,0.194451490056405,0.0475745548733463,0.45746354692299
12655423,-2.45774608219439,0.127747684119472,-2.05769817828596,0.852946221157564,-0.159058780186585,-0.469863150761064,6.13720855749876,0.0376171143402776,0.358906917804828,-1.84166789329709,0.46788147249367,0.201668360632449,-1.60113070982436,0.734392686507096,0.0773121608456731,-2.55990401563714,0.411249495037251,-0.888555204776255,-0.20010300576041,6.13537646541967,0.0236943909597493,0.292747475795803,0.182904617170843,0.259204808596103,0.164363167152607,-1.80567686554558,3.19213876870148,-0.0504355232737985,-0.502205837351181,-0.441696726120313,-0.72949642458967,0.269760145000654,-0.00183209207908774,-0.0139227233805283,-0.0661594420090254,2.02457251046793,-0.208676663897567,-0.0373051934798418,-0.204546155721222
12655440,-5.3792579309534,0.0497409872162131,-3.00092599327241,1.49781177212696,0.404005224414317,-2.84212888421347,5.74662307292969,0.107291276085314,0.808512088123246,-0.244946456211922,1.12755412462037,0.158146558084953,-1.8442330930781,-2.63545339409334,0.0372512924369362,-3.29006863846488,0.779909171525382,-0.248577812841281,-3.69502290835109,6.7907086920619,0.0906979777516758,0.497637930044341,-4.80198055655274,1.13995212282866,0.211868661859161,-1.5517887158239,2.74380453686006,-0.0124896947792769,-0.28914264519247,-0.717902600601582,-0.652583037255598,-0.852894024137623,1.04408561913221,-0.0165932983336384,-0.310874158078904,-4.55703410034082,0.0123979982082965,0.0537221037742079,0.292444377254198
12655454,-3.35344695101068,0.0274302803749881,-3.59610775261246,0.607030892860367,-0.499175594884323,-0.00830972801850214,7.33986560067735,-0.0470567040815798,-1.58137200728096,-4.61216783203799,1.05460213487928,0.0947499415370009,-2.35651405204353,-3.93645583316659,0.0327366890092513,-3.41925884198661,0.411000284944974,-0.889161371189369,0.816660368210656,6.86891320703339,0.0229069875186279,-0.522793203382609,-0.366976440217366,1.08870662559743,0.0864110908273552,-2.44863924535299,-0.583008882155904,0.00530640863426325,0.176848910625848,-0.196030607915393,-0.389985776305046,0.824970096229159,-0.470952393643953,0.0699636916002077,1.05857880389835,4.24519139182063,0.0341044907181447,-0.00833885070964578,-0.0921251933094647
12655458,-3.70961292135229,0.0384664198281683,-3.2579696305422,0.402826868687045,-0.909248415578271,0.961738997585898,6.92772319277002,0.0623531227338663,-2.58481601560601,-3.19606649986721,0.225569489851871,0.0828355629623819,-2.49089780542493,-0.352864826120632,0.0373880702951966,-3.2864036015096,0.307381635159246,-1.17966519215011,2.56839688650563,6.64145339636024,0.205624143091825,0.68483341272241,-1.60715796491015,0.340151844932998,0.123801159018347,-2.08907855675327,3.35674809523166,-0.0010783495329717,-0.0284339709673973,-0.0954452335277989,-0.270416776571837,1.60665788891973,-0.286269796409786,0.143271020357959,3.26964942832842,1.58890853495706,0.114582355081126,0.0409655960559653,0.401819248671658
12655519,-0.0658414135838913,0.0377205011234416,-3.27755153595408,0.510118562656566,-0.673112104484889,0.08906787497791,5.98772829147961,0.315048442523451,1.33370746901884,-1.53709621117503,0.673712806239893,0.135612357191504,-1.99795477789705,-2.03343118686804,0.0241930937841514,-3.72168806736854,0.712623638188234,-0.338801854611717,1.99624507037453,6.18516256664367,0.122540546373968,2.02566135689387,-3.85641710441453,0.570702250141485,0.156686210883904,-1.85351013040403,-1.96758977328415,-0.0135274073392902,-0.444136531414461,0.202505075531668,0.334310249873172,1.90717719539662,0.197434275164051,-0.192507896149483,0.691953887875032,-2.3193208932395,-0.103010556098408,0.0210738536924,0.144444647493023
12655548,-0.697347145816821,0.0765015617816893,-2.57044412291112,1.04666759000876,0.0456113934256399,0.598337739446784,5.81209304862855,0.0181811226357019,1.96903247965299,1.98407923910616,0.0682685488853239,0.165672059831405,-1.79774498776918,-3.46568247472588,0.0997128942475942,-2.30546027990946,1.05731094517488,0.0557288407077561,1.41077039987228,6.24841211015311,0.067469584832729,3.27198288491906,-0.0494106193024181,0.00394135010712496,0.255850699900918,-1.36316120814393,-2.76833532890905,0.0232113324659049,0.264983843001656,0.0106433551661178,0.0101174472821162,0.812432660425496,0.436319061524563,0.0492884621970272,1.30295040526607,-2.03348985840858,-0.064327198778199,0.0901786400695131,0.434583779625251
12655627,-0.932934509107985,0.034121806906405,-3.37781860036328,0.47741654386224,-0.73936591158853,1.74140449751628,5.706783512065,0.193182430875018,2.35015397228559,-1.63378013928342,1.21451858180403,0.150842590531987,-1.89151843270082,-0.55570604478046,0.0676239483980823,-2.69379309242687,0.845830087359572,-0.167436781912014,0.335680072003412,5.51620528885889,0.066569890066834,2.29871453442771,0.265350009591312,0.984340415279037,0.156755878605153,-1.85306559710916,0.377228464327526,0.0335021414916773,0.684025507936417,0.368413543497332,0.571929129676515,-1.40572442551287,-0.190578223206116,-0.126612540808184,-0.0514394378578791,1.89913014887474,-0.230178166524989,0.00591328807316527,0.0384528355916656
12655846,-2.19463319880909,0.0188457654597042,-3.9714670343719,0.468127439032051,-0.759014714508897,-1.18809619180391,6.51563522262424,-0.0108276543192839,-0.213786450484394,-0.961722932150673,0.894194692627808,0.14455837632983,-1.93407186456928,-2.10053696861403,0.0281071931525547,-3.57172975132409,0.588260349924649,-0.530585657097403,-0.307677967961895,6.42314655191206,0.0603966726978586,2.17172479893137,-4.10563520608029,0.90415266492253,0.182293941587318,-1.70213483105152,0.0940962301950661,0.00926142769285055,0.399737283047805,0.120132910892598,0.228429057411494,0.880418223842014,-0.0924886707121786,0.0712243270171424,2.38551124941576,-3.14391227392962,0.00995797229472162,0.0377355652574881,0.231937033517759
12655961,-2.99130755581581,0.0286410703676355,-3.55291356441642,0.409471356271744,-0.892888326189841,1.61318068626671,6.25698975930886,0.0151451825442249,-1.38626233903471,-0.650112364644137,0.563677660910385,0.0720452191145566,-2.63046131384498,-2.575632522958,0.0263204861964918,-3.63740770018455,0.333971287763525,-1.09670025448049,0.391405824992651,6.52008229652327,0.077799090712947,0.370991160528685,-6.43870178886226,0.619394022111466,0.0878619460858116,-2.43198849082991,0.415675032857811,-0.00232058417114373,-0.0844941357681286,-0.0755000685082189,-0.203811928290644,-1.22177486127406,0.263092537214411,0.0626539081687222,1.7572534995634,-5.78858942421812,0.0557163612010815,0.0158167269712551,0.198472823015068
12656164,-0.260581967342592,0.0259488245224082,-3.65162896818395,0.789392972901741,-0.236491017614976,2.91031704642009,6.14213963909645,0.492506936102701,2.86955484041933,-3.18528494973414,1.22560006943615,0.146119523033912,-1.92333034126849,-3.04986489310323,0.0336045077503732,-3.39309506177423,0.52222773265582,-0.649651516781755,2.33604719986457,6.38583782168034,0.351084710998247,1.52271754526437,-4.58689257699777,0.896030144188888,0.242878124141859,-1.41519550819955,-2.78928292576064,0.00765568322796492,0.258533906409724,-0.267165240245922,-0.413160499166778,-0.574269846555522,0.243698182583893,-0.141422225104454,-1.34683729515496,-1.40160762726363,-0.329569925247264,0.0967586011079473,0.50813483306894
12656276,-2.38845753570507,0.0215593106579079,-3.83694750664786,0.32900069340566,-1.111695420603,0.218128567681977,5.7188495384083,0.0564087918726195,2.24946039466782,-0.408199178823771,0.646031224141002,0.141488961864661,-1.95553357296523,-2.81892492232366,0.0351724387546895,-3.34749249299839,0.352749617382374,-1.0419967729206,2.11672390095025,6.62269680727727,0.127115102147017,0.822301619891841,-5.49872632902655,0.645169638491805,0.165984991240224,-1.79585790892873,-0.430467386618592,0.0136131280967815,0.489455013649465,0.0237489239767138,0.069698647682392,1.89859533326828,0.90384726886897,0.0707063102743973,-1.42715877477598,-5.09052715020278,-0.000861585649197361,0.0244960293755628,0.159675664036501
12656299,-3.80852044405709,0.0229090334019728,-3.77622397450358,0.605974890195954,-0.500916729091497,2.21286989695699,6.3346227117725,0.0216846314324064,-1.3889262825286,-0.488441049040395,1.16518354375182,0.163979049387712,-1.80801660695426,-2.7672052399472,0.0360157539598849,-3.32379882625255,0.617074508409169,-0.482765503195478,2.58651252248557,5.75961605624873,0.101464383575102,3.47250158365675,-2.91173969872136,1.08670647365855,0.195397098622419,-1.63272138788482,1.04131520410988,0.0131067205579121,0.452425148251027,0.0110996182132149,0.0181512258960188,0.373642625528574,-0.575006655523766,0.0797797521426956,4.86142786618535,-2.42329864968096,-0.078477070093274,0.0314180492347069,0.17529521906944
12656304,-2.40256587332881,0.0514247297043933,-2.96763609956984,0.688241306371079,-0.373615766537812,-1.58465050020061,6.22876299255289,0.0383004012555682,0.135794378090076,-2.58966539268947,1.47383981617341,0.120706061069507,-2.11439693615346,-1.65838471993197,0.0242655409376367,-3.7186980034562,0.469888417022812,-0.755260023054149,-0.595863545805063,6.07163887980365,0.135886284505275,2.51849907408193,-3.66211701695168,0.999413147826547,0.122434688926915,-2.10017754279023,0.744181153396842,-0.0271591887667566,-0.75106190388636,-0.218352889348267,-0.381644256516337,0.988786954395546,-0.157124112749244,0.0975858832497064,2.38270469599185,-1.07245162426221,-0.474426668346865,0.00172862785740802,0.0142193933632226
12656324,-2.20527349123929,0.00767138631035686,-4.87025793542983,0.0959284258734396,-2.34415292940356,0.405212674264151,6.0951572496979,0.0736777879478182,0.553327861978427,-1.10755232920813,1.25591747759829,0.203672868787409,-1.59124015663097,-0.378681393997383,0.0337735591856892,-3.38807705524079,0.377523202524307,-0.974123248541321,2.53532915694384,5.89204610344146,0.136299080467956,2.26206489402345,-1.14190222386112,1.11964607895826,0.179630310445431,-1.71685437095354,1.82659209724191,0.0261021728753324,1.48218088018904,0.281594776650868,1.37002968086224,2.13011648267969,-0.203111146256438,0.0626212925201379,1.70873703204503,-0.0343498946529941,-0.136271398640033,-0.0240425583419785,-0.125614214322561
12656325,-1.1748637706627,0.0387959541972526,-3.24943931105643,0.264197895036672,-1.33105685423575,2.16562639590471,5.84862710582385,0.0513639293923488,0.902286663418328,0.296942862348341,NaN,NaN,NaN,NaN,NaN,NaN,NaN,NaN,NaN,NaN,0,0,0,2,0.135335283236613,-2,NaN,NaN,NaN,NaN,NaN,NaN,NaN,-0.0513639293923488,-0.902286663418328,-0.296942862348341,NaN,NaN,NaN
12656346,-3.33801892953329,0.0284083487319012,-3.56107220758238,0.247022015476279,-1.39827781484322,-0.943466976588928,6.81008588224481,-0.0501781553904557,-0.911434561318306,-2.37433695322846,0.277200235214186,0.181656727240693,-1.70563648692034,-2.18193908507214,0.110773340815456,-2.20026913997801,0.519749079269059,-0.654409123733686,-2.1502502569859,5.49595462585665,0.115327793270628,2.32536928027601,-0.890208936659394,0.774404657072038,0.296495576109465,-1.21572298102847,1.15607984446115,0.0823649920835547,1.36080306760437,0.27272706379278,0.743868691109539,-1.20678328039697,-1.31413125638816,0.165505948661084,3.23680384159432,1.48412801656907,0.497204421857853,0.114838848868772,0.48991350589187
12656354,-1.1080712495852,0.0288685935411514,-3.54500100346139,0.374853135412042,-0.981220968623492,1.94567326244737,5.92637972442688,0.0474622482121081,1.17204107660804,-0.833222395346657,0.574341830462081,0.089558831615579,-2.41285953316541,-2.71117155106925,0.0365062952917163,-3.31027055951992,0.431023064097313,-0.841593677323353,1.28682522740208,6.13732472433797,0.0608741965946469,2.22405591233498,-4.29797575405789,0.653554580675341,0.0946910974833256,-2.35713529077693,-1.60310030148405,0.00763770175056489,0.234730443941469,0.0561699286852714,0.139627291300139,-0.658848035045284,0.210944999911085,0.0134119483825388,1.05201483572694,-3.46475335871124,0.0792127502132595,0.00513226586774662,0.0557242423884778
12656399,-3.26002891458042,0.0181725682390497,-4.00784206154033,0.366375095720877,-1.00409761868635,-1.30909599935674,5.72656699792732,0.045383345702155,2.6295799944183,-1.11388550794206,0.406311901295702,0.0511365113602672,-2.9732565288831,-3.13586103770064,0.021923494670249,-3.82019640122241,0.390050183636546,-0.941479872145346,-1.10034556858963,7.04848061918944,0.0673445723505432,0.767643560735171,-8.39947753397143,0.391088617821174,0.0801878199412138,-2.52338364670043,0.124167876879777,0.00375092643119932,0.187645660317922,0.0236750879156691,0.0626177465410069,0.208750430767114,1.32191362126212,0.0219612266483883,-1.86193643368312,-7.28559202602938,-0.0152232834745289,0.0290513085809467,0.449872882182674
12656534,-4.15630503374272,0.043429151729105,-3.13662436453716,1.19495143823326,0.178105547096046,-2.95681757963638,5.84982892171008,0.13401717393196,0.818643763549643,-0.793761869720274,0.93286410989754,0.158570593499475,-1.84155539996446,-3.66700412574406,0.0306974220572572,-3.48357659999115,0.723591008626293,-0.323528951427789,-2.58375937935358,6.57947124681812,-0.0181751561330559,-1.0792758787159,-0.559660019891157,1.02581663782032,0.119179195456955,-2.12712707434094,0.489300907998661,-0.0127317296718478,-0.346952235453987,-0.471360429606971,-0.501634498523835,0.373058200282803,0.729642325108032,-0.152192330065016,-1.89791964226554,0.234101849829117,0.0929525279227836,-0.0393913980425208,-0.285571674376481
12657102,-5.41227222108979,0.0428763179056839,-3.14943563564346,0.710593722056384,-0.341654430142394,-0.14499175247375,5.88563412184811,0.146456144407002,1.00259123733546,-0.0419623634457944,1.14276408636614,0.122592942583727,-2.09888582170686,-2.60336549477188,0.0282405358950222,-3.56699689008452,0.363128496611143,-1.01299852220059,-1.8538926799814,6.24013543066013,0.127951439289047,1.66860927061562,-2.97650449426646,1.35069794736083,0.144846798192726,-1.93207865930707,2.8089067263179,-0.0146357820106617,-0.417561254441063,-0.347465225445241,-0.671344092058193,-1.70890092750765,0.354501308812019,-0.0185047051179552,0.666018033280154,-2.93454213082067,0.207933860994691,0.0222538556089993,0.166807162399788
12657220,-2.06120576174006,0.0288221321288571,-3.54661171027084,0.243353003967086,-1.41324219855414,-0.606762500939544,6.14013886454392,0.171629139829302,2.68889710624983,-5.53400315732873,0.500984230151758,0.0389567414969398,-3.24530344084779,-3.29182478373952,0.0600511855191762,-2.81255798844992,0.512377473640558,-0.668693672376055,1.24233412194145,6.76418751906052,0.0323767948397466,-0.956498739365726,-5.87793581692521,0.51185148956328,0.0679245158790089,-2.68935825098244,-1.23061902199946,0.0312290533903191,0.73405372182092,0.269024469673472,0.744548526178085,1.849096622881,0.624048654516596,-0.139252344989555,-3.64539584561556,-0.343932659596484,0.0108672594115226,0.0289677743820691,0.555945189865342
12709453,-2.76540364287422,0.0815686778377325,-2.50630994072914,0.492835204957454,-0.707580430683247,-0.0966152581615537,6.60134559092562,0.128138592911031,-0.00194104674265423,-2.40126171418197,0.0422941826220365,0.296576559172174,-1.21544988418781,-3.66085987209421,0.263903122511097,-1.33217320336743,1.11818808153896,0.11170959094062,-0.00963392160991522,5.96235368010128,0.0770968204985247,1.20458502582479,-0.827436164571817,0.100910807687646,0.328508244823571,-1.11319334297495,-0.895456229219985,0.182334444673364,1.17413673736172,0.625352876581506,0.819290021623866,0.0869813365516385,-0.638991910824345,-0.0510417724125061,1.20652607256744,1.57382554961016,0.0586166250656095,0.0319316856513975,0.10225654121286
12709465,-2.19238352061764,0.0168228713676527,-4.08501592749365,0.352482130198369,-1.04275535248753,1.00648466369563,6.72375069970479,0.135537628313722,0.695426189887788,-4.44488682747512,0.863334780446824,0.164910620997503,-1.80235164277332,-0.0315304512146658,0.0220648469650057,-3.81376957192911,0.379618766027374,-0.968587777147502,1.3740605085226,6.23709312196266,0.370277142799472,2.10919754102151,-2.34739430839734,1.40054568420549,0.219458176858274,-1.51659360285273,2.16085306940298,0.00524197559735306,0.271246355564544,0.0271366358290054,0.0741675753400318,0.367575844826972,-0.48665757774213,0.23473951448575,1.41377135113372,2.09749251907778,0.537210903758663,0.054547555860771,0.28575803992059
12709490,-1.45276490575124,0.0347553164214411,-3.35942272812813,0.460464338682276,-0.775519866714809,2.91097350407891,5.79645297233731,0.137328132496579,2.48329732852538,-2.66028391110079,1.00945775899292,0.185065323277441,-1.68704641743154,-1.88229871344568,0.0445571016768122,-3.11098372863802,0.550155094491094,-0.597555050523516,-0.233216264293008,5.18250324435027,0.183402800493803,3.59828282146951,-0.991694249600857,0.944478504132415,0.171430321678743,-1.76357838252081,-0.429533807694439,0.00980178525537106,0.24843899949011,0.0896907558088179,0.177964816191293,-3.14418976837192,-0.613949727987038,0.0460746679972237,1.11498549294412,1.66858966149993,-0.0649792548605022,-0.0136350015986981,-0.0765319650892682
12709508,-3.97216191162372,0.0371464904468059,-3.29288598208426,0.475791313640076,-0.742775937605955,-2.33094352071042,7.52716562003923,-0.097203351416688,-3.20312014765178,-0.297759611125303,0.491407669848562,0.122286914943508,-2.10138523348064,-3.27065269157266,0.0334356124915879,-3.39813370476892,0.722082060546967,-0.325616489280541,-1.4951978523024,6.45045553205028,-0.00297733366624427,1.5598681808735,-1.41817191459161,0.568405174469213,0.104739083273028,-2.25628294257479,0.701509220051059,-0.00371087795521804,-0.105247722684655,0.246290746906891,0.417159448325414,0.835745668408023,-1.07671008798895,0.0942260177504437,4.76298832852528,-1.12041230346631,0.0769975046206511,-0.0175478316704796,-0.154897709094142
12709675,-3.40070847740129,0.0346762533664314,-3.36170016732256,0.662963189622867,-0.411035811268438,3.98801161443073,6.25627681024119,0.0561917110832412,-0.818104387387101,-2.500680300667,0.891076461200877,0.144157652324739,-1.93684777046046,-0.561858016031828,0.0348444304046403,-3.35686197077024,0.502274321799111,-0.688608850776928,3.7612441611921,5.78395153068317,0.177987282942084,1.26687476867022,-1.4542074497223,0.584809105629284,0.149480890956704,-1.90058671400863,2.83885046136947,0.000168177038208928,0.00483819655232365,-0.160688867823755,-0.27757303950849,-0.226767453238626,-0.472325279558022,0.121795571858843,2.08497915605732,1.04647285094469,-0.306267355571594,0.00532323863196449,0.0362610564518346
12709726,-1.40829147991777,0.0419474106912281,-3.17133857166334,0.781379019335632,-0.246694946816809,-0.756057732502148,6.52896899973821,0.259535176174191,1.7555538602753,-4.08594762143009,1.71798153605329,0.201162417781685,-1.60364264855352,-0.991222734971073,0.0466086828968082,-3.0659684269498,0.665558872863524,-0.407128180952215,-1.64809709074459,6.08447045889203,0.166523301291135,1.69631754220242,-1.70361445156633,0.970631144304277,0.17299375984693,-1.75449975538387,0.417068744946698,0.0046612722055801,0.10537014471354,-0.115820146472108,-0.160433234135406,-0.892039358242441,-0.444498540846174,-0.0930118748830563,-0.0592363180728857,2.38233316986376,-0.747350391749008,-0.0281686579347555,-0.150857106830346
12710105,-2.41162009343778,0.0237984276099503,-3.73813576729603,0.469773620047381,-0.755504359786875,-0.591080646215839,6.84191995130094,0.0309597635140492,0.27776319583287,-2.85744300095839,0.438894937591536,0.145751329957124,-1.92585332887293,-2.1859783362777,0.0397155147995104,-3.22601336663659,0.468780697444755,-0.757620215959611,-0.680099356830923,5.94608798759088,0.122356087479123,1.4739376712362,-0.947393932676813,0.603757274391619,0.112688844258633,-2.18312484900594,0.225641757160078,0.0159170871895602,0.512122400659442,-0.000992922602626789,-0.00211585617273624,-0.0890187106150839,-0.895831963710055,0.0913963239650738,1.19617447540333,1.91004906828158,0.164862336800083,-0.0330624856984917,-0.257271520133003
12711998,-3.57498447437489,0.0397967601826152,-3.22396977245196,0.286481257853608,-1.2500821625811,1.28864596753033,5.95212360294762,0.0596226863636428,0.663493737753176,2.20239842353719,0.352877408110712,0.159132657599703,-1.83801710009071,-4.01609066777082,0.0394086468846217,-3.23377002268027,0.570035946258543,-0.562055856530489,3.22809753772983,5.94513482403492,0.0959270632929027,0.537744656857588,-0.742080854732513,1.25219150035905,0.152832340662212,-1.87841377109666,-0.441106193395937,-0.000388113297993473,-0.00980025022831477,0.283554688404935,0.688026306050613,1.9394515701995,-0.00698877891269767,0.0363043769292599,-0.125749080895588,-2.94447927826971,0.899314092248334,-0.00630031693749111,-0.0403966710059522
12712328,-1.6049139543142,0.042520384763598,-3.15777167654656,0.575874159508406,-0.551866115230649,-1.88035967677912,6.62429214834241,-0.0275190446368872,-1.51893912361482,-0.101695402382158,1.16968957379182,0.166986800586128,-1.7898405080955,-2.42252352212146,0.0325066499638426,-3.42631059630501,0.436288083140281,-0.829452512678993,-0.415017003945621,6.00208294362217,0.0465905489159354,0.961207244286849,-1.48651935909686,1.38857094326841,0.13186387898225,-2.0259851083002,-0.817609567807262,-0.0100137347997554,-0.268538919758453,-0.139586076368125,-0.277586397448344,1.4653426728335,-0.622209204720236,0.0741095935528227,2.48014636790167,-1.3848239567147,0.218881369476594,-0.0351229216038783,-0.236144600204699
12712776,-0.513028612158852,0.0193657044061793,-3.94425159145471,0.201735954948007,-1.60079559037432,1.36145583474753,6.08278928515882,0.254483410304384,1.62658407133695,-2.78505777297273,0.366665637014896,0.0949622125252638,-2.3542762294022,0.373402427979436,0.0288148325513084,-3.54686500527443,0.318923187904042,-1.14280499546138,2.04606246686545,5.95847057918103,0.291027770868392,1.85377312855533,-1.81202272857587,0.589019699970251,0.0777017613210284,-2.55487735364115,0.886431040138288,0.00944912814512911,0.397386586180288,0.117187232956035,0.457990594912935,0.684606632117913,-0.124318705977786,0.0365443605640079,0.227189057218387,0.973035044396854,0.222354062955355,-0.0172604512042354,-0.200601124238953
12713580,-0.165563459698025,0.0333903885866803,-3.39948718727817,0.409346114967909,-0.893194233939031,3.10672162565487,6.33102385798459,0.29377831192965,1.02924462668575,-1.94837700721232,0.938605698934627,0.155741605693652,-1.85955701879494,-2.21352270092903,0.0251841266126233,-3.68154137925727,0.264617779052317,-1.32946883737295,1.21459321651683,5.85901491830161,0.132189353532923,2.53589066229749,-2.7492461338224,0.87963117003542,0.132934874943767,-2.01789593276095,-2.04795924123101,-0.00820626197405702,-0.282054191979098,-0.144728335915592,-0.436274603433918,-1.89212840913804,-0.47200893968298,-0.161588958396726,1.50664603561174,-0.800869126610084,-0.0589745288992067,-0.0228067307498845,-0.15833891396601
12714052,-3.05097819746004,0.111023339773961,-2.19801483153918,0.973792227309685,-0.026557317079229,-2.30113620584331,6.94833859301807,-0.0504727015964111,-0.167676401330196,-0.999917987108712,0.161170190182444,0.302822414283237,-1.19460873676598,-2.77001744522769,0.0414463044462465,-3.18335655828154,0.549174366287416,-0.599339280818155,-0.810333721619823,6.22436899991106,0.0341410502176135,2.20246484669807,-1.36107319787242,0.873091953611651,0.223256059536066,-1.49943591721508,0.280960752232352,-0.0695770353277148,-0.985341726742357,-0.424617861022269,-0.572781963738926,1.49080248422348,-0.72396959310701,0.0846137518140246,2.37014124802826,-0.361155210763711,0.711921763429208,-0.079566354747171,-0.304827180449102
